SIN -2264.835356734693 -0.2502577850462976
SIN 729.1088285855949 0.2564358669807937
SIN -1351.1057496070862 -0.21911619766394488
SIN 310.61702175065875 0.39001782877119534
SIN -1939.273541327566 0.7900398902339526
SIN -676.1272181756794 0.6325162978701058
SIN -971.4200617745519 0.6193635721205216
SIN -1741.717035882175 -0.9564845081935369
SIN -1472.9535053484142 -0.43806874940723173
SIN -2126.590223517269 -0.2648062199657338
SIN -2037.292302120477 -0.9995338381978004
SIN -1720.8866612054408 0.6488810725419921
SIN 2226.2075236067176 0.9252400268331109
SIN 2982.358085922897 -0.8341874075043348
SIN 1685.6553652323782 0.9818326051536868
SIN -2020.7583652809262 0.655080396874781
SIN -1013.9214769005775 -0.7263181838408869
SIN -290.7493798993528 -0.9884612070979452
SIN 2627.6651308871806 0.9618463004968661
SIN -2232.383360154927 -0.9605620600379976
SIN 643.2095593772829 0.7290511228369992
SIN 149.82402278110385 -0.8262539075536132
SIN -1946.317252703011 0.9949436802428091
SIN -2800.316847860813 0.9159197388906799
SIN 2630.8338423259556 -0.9689111650197568
SIN 2313.6959108524024 0.9962110342428354
SIN 975.5959007889032 0.9913817941212182
SIN 2663.2778286002576 -0.7122802934763609
SIN 2360.9937108121812 -0.9962324743533255
SIN 645.3237882815301 -0.9628308818288658
SIN -751.2685563415289 0.4149720961233906
SIN -225.90479627251625 0.28583223726585066
SIN -1571.860671043396 -0.8744710253643073
SIN -2252.8864494524896 0.35649791095085764
SIN -2638.319591525942 0.5795997894651246
SIN -1590.7936398871243 -0.9118454767360411
SIN 636.9286794215441 0.7274712678015698
SIN 1282.4347168207169 0.6169915784332343
SIN 2968.9207705669105 -0.11545487470841673
SIN 622.0896891318262 0.0543169766545646
SIN -2516.068807337433 -0.3399918093180473
SIN -72.55769893527031 0.2965402443804191
SIN 2457.842795178294 0.8989383743238053
SIN 2978.771056048572 0.51518239514991
SIN -710.621943231672 -0.5826646153554107
SIN 2340.3782844543457 0.10803122457765497
SIN -1190.3191027231514 -0.3377383215373524
SIN -2612.187090329826 0.9988861956016327
SIN 1181.0780335217714 -0.16011211082117296
SIN -176.55653413385153 -0.5869978023484385
SIN 915.7674894668162 -0.9999770368445137
SIN -483.6140410043299 0.19006430838160535
SIN -2231.992189306766 -0.99402273906271
SIN -480.28169944882393 -0.3727552961412636
SIN -222.58138144388795 -0.454398589172691
SIN 2855.2689123898745 0.4248622587219392
SIN -1561.531421262771 0.15919226339475237
SIN 1808.999989181757 -0.5289639629707754
SIN 2296.6666454449296 -0.16170255555954832
SIN 304.23681903630495 0.4773780323188421
SIN -1527.2636055015028 -0.43458357653962154
SIN 2790.391112677753 0.6106144814730572
SIN 1756.967118009925 -0.7289758584437659
SIN -838.2630092091858 -0.5160468018531034
SIN -2334.2660064809024 0.06262385878457523
SIN -1527.5984415784478 -0.7064090677792435
SIN 35.949000623077154 -0.9839661045954391
SIN -2829.472574405372 -0.8922963474430702
SIN -1294.2014141008258 0.13435167643384793
SIN 1918.8221613876522 0.6372695444568032
SIN 759.7629502415657 -0.4815933918226707
SIN -243.89649834483862 0.9118337615742538
SIN 1670.4835323616862 -0.7471470772362351
SIN -706.6032313741744 -0.2523573496512893
SIN -2567.0077269896865 0.32075737647132546
SIN 1688.5582096874714 -0.9988557704428811
SIN 77.50522624701262 0.8596530157013634
SIN -143.9298614859581 0.5508652201207613
SIN 884.1627342626452 -0.9809316656010194
SIN 540.7705041579902 0.40462409927560833
SIN 1453.4587925300002 0.8905742181481767
SIN 743.4546248987317 0.8924892712146879
SIN -8.626054041087627 -0.7164664533483714
SIN 1039.732980541885 0.13378545301156317
SIN -2571.680079214275 -0.9592410227027439
SIN -2927.6228793896735 0.33487611983599885
SIN 94.96741415932775 0.6591098817688321
SIN 672.2166636027396 -0.08406493600067483
SIN -803.1548783183098 0.8879372553093108
SIN -2084.1530514881015 0.9571867694153392
SIN -832.9788339324296 0.4410611775720908
SIN 2986.8343798443675 0.7313052581610104
SIN 2208.419722504914 0.11962580142011953
SIN -191.29471806809306 -0.3357805793282577
SIN -553.0245001427829 -0.10400468966760786
SIN -216.63328539580107 -0.1361832103305745
SIN 1181.578729301691 0.3333848502548159
SIN -1721.3895921595395 0.20178689911766245
SIN -2746.4639944955707 -0.6533607412575343
SIN -1089.4879018887877 -0.6009977711021767
SIN 410.6637560762465 0.7738399647370928
SIN -1593.0090341717005 0.21975058790981505
SIN 2259.302389807999 -0.4770296042494986
SIN -1810.5318644084036 -0.8274189209295626
SIN 1690.1846313849092 0.007783675001931218
SIN -1993.4809003025293 -0.9901654560181558
SIN -1811.3098153844476 -0.983546836881557
SIN -1600.7415424101055 0.9949956113263584
SIN 1157.9925580881536 0.9505900630795231
SIN 2257.3420708067715 0.9942006463685564
SIN -1973.7419527955353 -0.7323497239035158
SIN 568.1515233591199 0.4588912901255892
SIN 1591.7140189558268 0.8788547689073498
SIN 315.1115574873984 0.8147466590957556
SIN -207.50690577551723 -0.16108571752331965
SIN 2206.044622231275 0.602459795286013
SIN -399.2787175811827 0.29212745728866285
SIN -961.5563554689288 -0.2270071231644074
SIN -930.14130089432 -0.22785623383925177
SIN 2249.657666310668 0.27378512874618494
SIN 825.6039032712579 0.5931490328482704
SIN 1925.866159144789 -0.06980567767403918
SIN 94.86897708848119 0.5820093475285776
SIN -724.0490759722888 -0.9961277746311258
SIN 2926.063665188849 -0.9460774518648751
SIN 1655.5168395861983 0.10230952659753884
SIN 2379.413011483848 -0.9416074105285469
SIN 1502.3379251360893 0.6104564243637498
SIN 2046.1839116178453 -0.8452827536234754
SIN 850.6307168863714 0.6749465317164699
SIN 2024.0081464871764 0.7328338384070773
SIN -1949.2629133164883 -0.9954596786295178
SIN -1262.7154081128538 0.20340916642193949
SIN 2581.939185038209 -0.43494411469374256
SIN 1377.5782068260014 0.9999482162513559
SIN -209.6603591926396 -0.7354622144718603
SIN 2351.053365971893 0.909492263126198
SIN 88.30920187756419 0.33782735161154176
SIN -2234.0299361385405 0.34998907049771816
SIN -1342.5186043605208 0.8716414255156836
SIN 2381.38528726995 0.05802324168745803
SIN -114.45702379569411 -0.9777993195712563
SIN 2464.699954725802 0.992746473622344
SIN 311.6501276381314 -0.5911266338389218
SIN 538.7173485942185 -0.997836487768594
SIN -2117.2412666492164 0.19100104961883158
SIN 74.04314400628209 -0.9768232402936197
SIN -2641.2804988212883 -0.7166052156622892
SIN 439.34174068272114 -0.46287055644489344
SIN -1540.761626791209 -0.9820853817629933
SIN 1270.6812671385705 0.9956821893732232
SIN -23.94746756181121 0.9266020149438878
SIN -1021.6924482956529 0.6247691778824661
SIN -1345.9980147890747 -0.9848243459288226
SIN 850.1324141398072 0.945522223906796
SIN -1494.641913101077 0.6861548319419718
SIN -2658.436567056924 -0.6045351023454886
SIN 926.5286768786609 0.23882526639493362
SIN 2728.8027154281735 0.9462056078295707
SIN 2760.255684144795 0.9335736788980202
SIN 353.95003482699394 0.8673908956008624
SIN -24.429418612271547 0.6467554037833468
SIN 1043.4324494563043 0.411125567817688
SIN 2163.6477364227176 0.7892593453041916
SIN -146.57485065981746 -0.8819597195193539
SIN 802.2603113204241 -0.9144653214180527
SIN 2779.0734940208495 0.9444786967481539
SIN 2497.4123532883823 0.1532006155375111
SIN 2530.363176483661 -0.9820597098280953
SIN -2291.5451880544424 0.9697351116670215
SIN -1419.5304857566953 0.45234561389891154
SIN -1761.9290817528963 -0.48327954425335823
SIN 2513.8414101675153 0.537346237611699
SIN 1876.3002650812268 -0.6957409204139562
SIN 2075.0335450284183 0.9999327005939753
SIN -1218.1395459920168 0.7162429552585378
SIN 1179.6274222433567 -0.9991751145001176
SIN 2063.2704296149313 0.6859757013363045
SIN -61.799516435712576 0.8584995917731347
SIN 1343.4220380149782 -0.9244603240976685
SIN 991.4003382436931 -0.9741529250833205
SIN 123.4439411200583 -0.7967075057450175
SIN 2955.551730003208 0.6341873562673824
SIN -470.2032348141074 0.8602007603196455
SIN 378.30972438678145 0.968368185649615
SIN 253.47194960340858 0.8398763307306605
SIN 605.1307478919625 0.9308142021378295
SIN -2819.69789089635 0.9929889228917972
SIN -907.0779522880912 -0.7461926902771301
SIN 1906.3698020763695 0.5454606700656691
SIN 1459.356706123799 0.996224935125347
SIN 1138.3934961631894 0.9073579464864987
SIN 1504.5058107934892 0.31178421682307855
SIN -1585.6089103035629 -0.7804465714439043
SIN -2383.390393573791 -0.8812169710259414
SIN 907.6407942920923 0.2758583570499426
SIN -2143.732185009867 -0.9191807618601078
SIN -1225.7120423018932 -0.47142632479912605
SIN 415.3902819380164 0.6442572013083269
SIN -1914.361596107483 0.9051234792852433
SIN 2301.887547131628 0.7832448189688817
SIN -81.082324963063 0.5638862541938815
SIN 1966.0924449563026 -0.5180385261947532
SIN -2544.8515517637134 -0.16080119307383303
SIN 1097.2201586700976 -0.7203609413823923
SIN -2219.891766551882 -0.937104225364783
SIN -723.2798030599952 -0.6544785462835663
SIN -1068.9865490421653 -0.7480021883214267
SIN -2065.647918730974 0.9987125093331041
SIN -2414.2310405150056 -0.9965645944176177
SIN -731.5236730501056 -0.4505802817456644
SIN -41.35847557336092 0.49494460277565033
SIN -1761.3653638400137 -0.8762938269576976
SIN -1213.8890298083425 -0.9439059196251132
SIN -2798.5080387443304 -0.6059945995156898
SIN -1113.9249955303967 -0.9735751571059195
SIN 709.7534397616982 -0.2440112084731141
SIN 1555.2097256295383 -0.12106440303336909
SIN 1836.0886587761343 0.9852020715675629
SIN -1991.0625228658319 0.6497226364955185
SIN 2368.8635090366006 0.10246806327294919
SIN -1704.3589018285275 -0.9989926976454829
SIN -1296.101943589747 -0.9810527001837861
SIN -1208.1802315078676 -0.9718453219895381
SIN -734.8231268115342 0.3046339877156693
SIN 2129.0800580754876 -0.7954568416297229
SIN 234.49678346514702 0.9012585775230557
SIN 1185.1146519184113 -0.6700094484222844
SIN 1.5809889882802963 0.9999480035741668
SIN 1353.1038165092468 0.7971844385825659
SIN 2925.973519217223 -0.9130736062027146
SIN -1870.510941836983 0.9530982679617495
SIN -1725.6569992750883 0.7971936553250534
SIN 2992.3950755037367 0.999605935831325
SIN -1979.5560166239738 -0.3453811167951022
SIN 127.60040396824479 0.9338015908042744
SIN 2590.1846224442124 0.9982881332635097
SIN 1060.688256751746 -0.920774066991892
SIN -2407.488852739334 -0.856721900462977
SIN 2931.894721928984 -0.7094913252484494
SIN -1823.5387271270156 -0.9878864109102651
SIN -939.4257855601609 0.08946236937992284
SIN -2059.2839517630637 0.9995490096194621
SIN 1750.575099606067 -0.6503093304050778
SIN -1266.3637376390398 0.297333133330022
SIN -1790.7838546670973 -0.07596885772096743
SIN 1861.2413238734007 0.9884211931904744
SIN 1769.364191684872 -0.6032164112570281
SIN 1930.3658190183342 0.9898118958601
SIN 2770.9939372725785 0.10899980717472262
SIN 2800.43057911098 -0.9555514994903346
SIN -1869.0612805075943 -0.1852717358503062
SIN -1017.478421330452 0.38720523142642854
SIN 1390.7051808200777 0.8522988471982076
SIN 1523.6450051888824 0.02742836187440012
SIN 1340.0916941463947 0.9795814335279935
SIN -1298.5365302301943 0.8717507157370692
SIN -893.5895701870322 -0.9813295590820087
SIN 2441.930559463799 -0.79138276346553
SIN -366.48155422881246 -0.8842035870724899
SIN 2804.875808302313 0.5366241718671318
SIN -333.3180444315076 -0.30431872507585167
SIN 1430.442768149078 -0.8511177407666158
SIN 2354.0445305407047 -0.8369208749580533
SIN 800.1321307383478 0.8271380172562128
SIN 2116.303527262062 -0.9043785895163078
SIN -1107.1844813413918 -0.9743619030890197
SIN -1374.2134049534798 0.9728900342667698
SIN 2254.9005118198693 -0.6911025763665188
SIN -1193.288991227746 0.4935937488784338
SIN -1405.381437856704 0.8864056067595404
SIN -2437.337990384549 0.5123412293485955
SIN -1767.4143793992698 -0.9641667856921563
SIN -1656.4157302491367 0.7148445675196786
SIN -276.2251105159521 0.23288480336485762
SIN 861.6841183975339 0.7756418106524791
SIN 1814.1775480471551 -0.9957516989166577
SIN -1758.7218428961933 0.5396683460274161
SIN -1939.6081063896418 0.9475366054405505
SIN -146.7451066710055 -0.7893490799418575
SIN -350.2463400363922 0.99914967729572
SIN -2302.5603401474655 -0.2251285136972998
SIN -2914.368497673422 0.8570336703580886
SIN 1899.0764608606696 0.999867137581168
SIN 1597.0508647151291 0.9008817751913312
SIN 2778.9612323977053 0.975342132253351
SIN 1378.1713102944195 0.8348524182555317
SIN -292.88903111591935 0.6600717963371017
SIN -658.7612084113061 0.8267179258444175
SIN 1631.9575631059706 -0.9950220519355956
SIN -2733.792087994516 -0.5699782395119943
SIN 2141.140310559422 -0.989517859392489
SIN -1729.26706681028 -0.9838993134059638
SIN -2182.971408125013 -0.4218511991251166
SIN -105.57860741391778 0.9443269276718163
SIN 2963.657055515796 -0.9066114848425486
SIN -229.98810466378927 0.6066509312379189
SIN 2345.8143998868763 0.8164941135687197
SIN 155.92587227001786 -0.9142935621142045
SIN -1709.1232077218592 -0.09665304709906329
SIN 2526.5926038846374 0.6831813959887343
SIN 1256.3457903452218 -0.28717000864867054
SIN 1678.8971847854555 0.9599175084202607
SIN -1081.9612462073565 -0.9500429145637223
SIN 1791.4000796154141 0.6382840130603165
SIN 2548.266698140651 -0.42146125736724044
SIN -1669.2444426007569 0.8717405476074804
SIN -1029.3117952533066 0.9046659439711724
SIN 2196.587179787457 -0.576071924968177
SIN -2161.8251111358404 -0.3980273034901961
SIN -1041.5122881531715 0.9972392507606188
SIN -66.44292455166578 0.4524215619318739
SIN 14.124705456197262 0.9999223059665903
SIN 1617.835654411465 0.08446144260469476
SIN 2017.0972547493875 0.19354201197099666
SIN -1396.3159108534455 -0.9925643257643989
SIN -769.1483027301729 -0.5157624810744526
SIN -2904.86898785457 -0.8931121167007671
SIN -1850.3380143083632 -0.060022556852128005
SIN 1616.3065521977842 0.9990812655233748
SIN -2509.9307731725276 -0.20039104502518745
SIN 2295.003973413259 0.9975130570864217
SIN 2589.4319149665534 0.6886085479379833
SIN -1107.831864617765 -0.9129036291822722
SIN -2223.2752488926053 0.8262118031031922
SIN 2411.9278164580464 -0.7279597794614806
SIN 511.77827222272754 0.29679084077685614
SIN -23.015159647911787 0.8542004203774657
SIN -4.77308314293623 0.998158640937054
SIN 208.7369430810213 0.9840278475364619
SIN 1171.1396095342934 0.6244680323425685
SIN 1106.6631046123803 0.7328426655619582
SIN -603.2699164934456 -0.0840278065660579
SIN -1318.194380030036 0.9564345071227316
SIN 1198.631030973047 -0.9935732802543138
SIN 1064.7242576815188 0.2721742701693607
SIN -1687.7049808390439 0.6207710878712847
SIN -111.00562568753958 0.8673649099298686
SIN -267.76622934266925 0.6675056124828295
SIN 456.7585685290396 -0.9416952746592886
SIN -1255.14784315601 0.9966743279291829
SIN 262.2177544981241 -0.9944681897987898
SIN 596.643038559705 -0.25666074944968825
SIN 407.05384500324726 -0.9764191663124979
SIN -2694.46775643155 0.8514480871818663
SIN -676.5139242634177 0.877921494613096
SIN 2755.570638924837 -0.3837757858985052
SIN 1254.2524980381131 -0.6867651059139493
SIN -836.824965197593 -0.9173291752764634
SIN -1911.536218598485 -0.9924559144848975
SIN -1298.868800047785 0.9838862245119839
SIN -1310.798884369433 0.685104993160304
SIN -1254.190640989691 0.6405176945366579
SIN -2758.269004058093 0.04932576995505148
SIN -2058.4517447277904 0.6507384929550263
SIN -241.72400264069438 -0.17768319887438172
SIN 2198.262041900307 -0.7531356815407705
SIN 1134.4413422048092 -0.3206297455211396
SIN -2229.7716666944325 0.6882814034592583
SIN -397.18235610052943 -0.9738678622300461
SIN 2591.179354581982 0.5928430602389932
SIN 1311.0804199241102 -0.8605168452430126
SIN 1415.2516722679138 0.9993585560679847
SIN -1864.0956678427756 0.9049338549340521
SIN 1292.927039321512 -0.9869610599725032
SIN 1793.5815397650003 0.26467359874438967
SIN -1135.3707946836948 0.9508119927786586
SIN 324.2207276634872 -0.5945326897589598
SIN 2796.739644370973 0.6610240483527072
SIN -2693.547564558685 0.9329998128856188
SIN 2153.8729006424546 -0.9519862199330903
SIN -1438.9984658919275 -0.1484794961054814
SIN -495.52448093891144 0.7494019188723224
SIN -268.10521027073264 0.8771211348638184
SIN -869.550013449043 -0.6218882204388672
SIN -2820.5166729167104 0.59199342406965
SIN -1492.1752223744988 -0.08119858831143381
SIN -1625.2099061384797 0.8449674125343832
SIN -2373.0562780983746 0.9143195761665566
SIN -2081.554210279137 -0.9691402888155126
SIN 1418.7057972885668 -0.9619582954891561
SIN -2258.4232916124165 -0.3726158874173988
SIN -396.3596932590008 -0.4960284872515637
SIN 658.1042725592852 -0.998236995024069
SIN 496.63635715842247 0.26163699667766205
SIN -35.949538461863995 0.9840618887181604
SIN -2693.3746808208525 0.8571840056495458
SIN 769.0014098770916 0.6356037036559563
SIN -575.8090987801552 0.7818597083809051
SIN 2128.77790722996 -0.939754655029221
SIN -1389.8838870227337 -0.963540559974615
SIN 31.161298044025898 -0.2518858964559244
SIN -1000.6148144602776 -0.9998458787495575
SIN -947.4377799779177 0.9695046389427998
SIN -2898.9203246310353 -0.6959159794697021
SIN 1188.1708027794957 0.6042145122874055
SIN -2198.236759286374 0.769525768644693
SIN -889.4140929915011 0.3366641830080783
SIN -858.4404923021793 0.7073186755208256
SIN 2444.2016794346273 0.042582062729719185
RNG 1 300 0.00006295018829405308 0.015747428173199296 0.6164041024167091 0.07161863497458398 0.5584883580449969 0.17357419803738594 0.14725036034360528 0.10145739885047078 0.46691043046303093 0.6789571912959218 0.6186525102239102 0.3480925092007965 0.705937119666487 0.019103567581623793 0.02036571246571839 0.7881558949593455 0.20754391141235828 0.7737404722720385 0.07474062242545187 0.9974230586085469 0.5549656271468848 0.8899525238666683 0.32404827582649887 0.8503896181937307 0.010391887743026018 0.36371196270920336 0.5682310846168548 0.07769458834081888 0.2395101103466004 0.6453266884200275 0.0133938395883888 0.7945580529049039 0.012499511474743485 0.672672102227807 0.3504059836268425 0.22709977347403765 0.8093097792007029 0.26765548484399915 0.19380888296291232 0.4743293540086597 0.4688908422831446 0.7097414792515337 0.2817569531034678 0.5552476735319942 0.019211811712011695 0.7237202471587807 0.8009510796982795 0.5521459178999066 0.7139338657725602 0.6217940163332969 0.3284911054652184 0.819483858300373 0.09393190126866102 0.7938456435222179 0.3660738291218877 0.023353089578449726 0.16837458778172731 0.4688223795965314 0.08605193044058979 0.7746738523710519 0.2132938161958009 0.10122377565130591 0.16379910707473755 0.217140601715073 0.05683477967977524 0.6786844544112682 0.862401713617146 0.8755923085846007 0.4843448356259614 0.8251486895605922 0.9284628960303962 0.3347171286586672 0.9580677188932896 0.5813678130507469 0.5445621525868773 0.3458001029212028 0.9343402511440217 0.6425319195259362 0.3429857862647623 0.7239001877605915 0.7053817224223167 0.7979595111683011 0.916336344089359 0.04568253457546234 0.13162142131477594 0.9286903915926814 0.07690853043459356 0.4424743240233511 0.10601015225984156 0.9874307203572243 0.3922786246985197 0.1208223917055875 0.8465967623051256 0.8712697497103363 0.4230503886938095 0.3519489080645144 0.468863821355626 0.2509693431202322 0.6742580272257328 0.034320531180128455 0.8649660786613822 0.0899309292435646 0.6090879011899233 0.9941745423711836 0.5538272100966424 0.7345118417870253 0.9869701811112463 0.3914583104196936 0.26559504494071007 0.8470656331628561 0.7772872087080032 0.7403770119417459 0.26463278965093195 0.05718142190016806 0.4401442671660334 0.8814080692827702 0.4888759311288595 0.8855082602240145 0.0494617426302284 0.6876900582574308 0.9279455342330039 0.7355822189711034 0.6290544040966779 0.37868632376194 0.08224993105977774 0.176313032861799 0.707465744111687 0.4992020830977708 0.14325158903375268 0.7424530091229826 0.7924949976149946 0.2795338735450059 0.4053362850099802 0.39509403239935637 0.852458082139492 0.05774081009440124 0.7369216193910688 0.37654977617785335 0.6152193290181458 0.8618602501228452 0.4270570119842887 0.8541031735949218 0.3589440162759274 0.35395273147150874 0.031513971742242575 0.06817739200778306 0.9646236305125058 0.3384947800077498 0.06823456124402583 0.5091562264133245 0.9662196594290435 0.9641407348681241 0.64158945530653 0.08889219560660422 0.45608209259808064 0.979084943421185 0.22526752180419862 0.9357460716273636 0.5323881614021957 0.559699377277866 0.7402592096477747 0.7305970271117985 0.4668288016691804 0.6080197689589113 0.6929746649693698 0.38283042842522264 0.7053480013273656 0.6730461833067238 0.7235410155262798 0.30832293001003563 0.3543511377647519 0.8203750899992883 0.4749853659886867 0.806097125634551 0.06065877131186426 0.25375728867948055 0.4170314478687942 0.16599382576532662 0.9960864554159343 0.7803357671946287 0.9183020072523504 0.4366782291326672 0.2576786994468421 0.4558109703939408 0.993056979496032 0.7951613052282482 0.5605664292816073 0.4644213505089283 0.39471112727187574 0.6018961777444929 0.10873354389332235 0.028225976740941405 0.6214270086493343 0.6087283042725176 0.16551476484164596 0.2185197970829904 0.4513804211746901 0.10990325920283794 0.6924219732172787 0.5594286217819899 0.39239111659117043 0.40530382562428713 0.3401096335146576 0.1700172529090196 0.5779063953086734 0.4138730210252106 0.4430360780097544 0.22715650126338005 0.08403500728309155 0.5395772117190063 0.08118610270321369 0.927283488214016 0.7609022872056812 0.17312292801216245 0.7362336306832731 0.18757262453436852 0.629278001608327 0.9778384841047227 0.7426518592983484 0.04153054510243237 0.5741583227645606 0.39438046095892787 0.25491686700843275 0.7625093541573733 0.6241833996027708 0.777823397424072 0.45918185892514884 0.6204753625206649 0.3110768327023834 0.001201507868245244 0.16404293035157025 0.11875040270388126 0.6704653447959572 0.8584736078046262 0.5405548117123544 0.7991018469911069 0.630947703262791 0.06099813315086067 0.019823743030428886 0.43346376763656735 0.6970220908988267 0.8341601693537086 0.004025408765301108 0.8927188864909112 0.7061854104977101 0.481840729014948 0.5416747960262001 0.4593834902625531 0.14040139457210898 0.08132947748526931 0.7735886564478278 0.6414381505455822 0.633975489763543 0.702453204896301 0.3207505338359624 0.33175094332545996 0.9746166749391705 0.18425004882737994 0.6305585890077055 0.13786582881584764 0.611751303775236 0.592138793785125 0.0374853010289371 0.645186408655718 0.8885999738704413 0.7651518706697971 0.34717112174257636 0.5699406173080206 0.853253775741905 0.0896111351903528 0.8349590566940606 0.1231557079590857 0.5506836676504463 0.29601322254166007 0.8305067627225071 0.5960168917663395 0.3458628752268851 0.9000443399418145 0.23318065633065999 0.5711300685070455 0.2033366160467267 0.46539588808082044 0.6683416478335857 0.026770911877974868 0.27453026338480413 0.04327064659446478 0.2012070850469172 0.1912117935717106 0.2536137066781521 0.5342622755561024 0.606402822304517 0.527165416162461 0.5714011760428548 0.3218602742999792 0.05584737635217607 0.2903924989514053 0.26253497577272356 0.4915712461806834 0.2787456582300365 0.31395792635157704
RNG 7 300 0.00044065131805837154 0.10952103300951421 0.9038964069914073 0.714787618489936 0.6646947858389467 0.48851481545716524 0.060258610639721155 0.1849934661295265 0.36766998074017465 0.08030897611752152 0.8961974971462041 0.14607047382742167 0.4281018767505884 0.5411590333096683 0.378542558522895 0.8192087535280734 0.7297679141629487 0.894874504301697 0.45081116165965796 0.39483506488613784 0.12069911882281303 0.5411606095731258 0.9159619405400008 0.7805644776672125 0.08008215483278036 0.509924964280799 0.34747824538499117 0.6037775480654091 0.2682058201171458 0.4931031840387732 0.20074362796731293 0.6178039663936943 0.8032714524306357 0.8328064347151667 0.12124329037033021 0.9563873610459268 0.8851675263140351 0.6256027165800333 0.7053428080398589 0.43437740369699895 0.547676885034889 0.6818880387581885 0.6324688969179988 0.3694952456280589 0.6171075699385256 0.44160875980742276 0.9303838729392737 0.07504539703950286 0.01264140009880066 0.20425591757521033 0.5317715092096478 0.48486497229896486 0.5422927611507475 0.42912467918358743 0.7525892751291394 0.12832988356240094 0.5797513504512608 0.11340996180661023 0.048296272521838546 0.6897050957195461 0.7484354532789439 0.7474766138475388 0.509751491015777 0.39350291644223034 0.054585465462878346 0.8447509247343987 0.5059689916670322 0.9092822899110615 0.7605927267577499 0.512239160714671 0.7817458161152899 0.22764480765908957 0.09043348534032702 0.7471615327522159 0.0040163639932870865 0.10404725302942097 0.2849076387938112 0.4392311067786068 0.611850354121998 0.6637800196185708 0.7843322898261249 0.5683145131915808 0.134108868194744 0.1392161133699119 0.5378794565331191 0.18077055155299604 0.8265400968957692 0.13407368445768952 0.6261645744089037 0.4171531838364899 0.33768870821222663 0.8173580302391201 0.7268158209044486 0.5131489664781839 0.7020895152818412 0.803120365832001 0.4713943477254361 0.9677247072104365 0.6256399322301149 0.3524067606776953 0.6532829268835485 0.7580216573551297 0.8801102123688906 0.5350594050250947 0.24987972364760935 0.7319202730432153 0.7138430632185191 0.0041639599949121475 0.6947068185545504 0.7284102558623999 0.7132819322869182 0.7703384198248386 0.40306994575075805 0.17982589546591043 0.541128649841994 0.5921003962866962 0.5375732900574803 0.9155342895537615 0.47976451739668846 0.46949738054536283 0.5416718274354935 0.7301933842245489 0.5364239637274295 0.5761401483323425 0.9351889458484948 0.22216849238611758 0.026850854279473424 0.8793974339496344 0.0076030585914850235 0.43693857337348163 0.13054454769007862 0.12320635630749166 0.4303255286067724 0.8144180423114449 0.6406963022891432 0.0004580260720103979 0.823272820096463 0.8010040933731943 0.8332218073774129 0.6434967427048832 0.4771627173759043 0.5139758265577257 0.1302464623004198 0.6450447186361998 0.685581395868212 0.10561251477338374 0.9716229741461575 0.2662693755701184 0.42736571561545134 0.37881058850325644 0.6442515468224883 0.12991812801919878 0.011676727095618844 0.00555046834051609 0.3187449376564473 0.34593376819975674 0.862836976069957 0.5847875340841711 0.2358420006930828 0.14113140921108425 0.2756266037467867 0.6476654873695225 0.18563705612905324 0.7572359852492809 0.38529878249391913 0.669860458234325 0.36472726543433964 0.24404862965457141 0.172250562813133 0.8087792182341218 0.2066770400851965 0.5848412869963795 0.5225120363757014 0.202139443019405 0.05116157024167478 0.005105670541524887 0.5627220254391432 0.45172370597720146 0.16663321130909026 0.5822334147524089 0.4233027456793934 0.07698127208277583 0.9132510577328503 0.7650716237258166 0.12633846327662468 0.010166220366954803 0.10270415316335857 0.30518619576469064 0.14477034681476653 0.8598562069237232 0.5450195395387709 0.678583204979077 0.41946533555164933 0.09221351589076221 0.7089113516267389 0.6551417668815702 0.7547838450409472 0.8442056698258966 0.07531253155320883 0.20361179625615478 0.8411435130983591 0.13127062562853098 0.5084194063674659 0.15165633778087795 0.43120196275413036 0.796450290363282 0.5939402179792523 0.7899394498672336 0.25434307544492185 0.4543369081802666 0.6325294268317521 0.9739010429475456 0.6926103613805026 0.8874099473468959 0.1189504072535783 0.5142515222541988 0.7342907714191824 0.37649863632395864 0.9421510798856616 0.5530025637708604 0.2504671609494835 0.9016950121149421 0.48805582732893527 0.17857062467373908 0.4574342567939311 0.2428358152974397 0.2784940577112138 0.28764873649924994 0.45761095779016614 0.6001404183916748 0.7573661974165589 0.6430394193157554 0.11243931949138641 0.8302440959960222 0.609119200380519 0.9378648297861218 0.6743261856026947 0.7361712686251849 0.39163817442022264 0.2196024574805051 0.695550887612626 0.4921140025835484 0.11300837807357311 0.20897247269749641 0.6127851107157767 0.09415754093788564 0.5955842575058341 0.2780858117621392 0.20304770581424236 0.6783274984918535 0.7245576702989638 0.46614017989486456 0.855397496605292 0.7394518863875419 0.38985689054243267 0.04031205573119223 0.9244413655251265 0.7434063132386655 0.041298652067780495 0.22234517498873174 0.1333053638227284 0.3603400429710746 0.7771688867360353 0.6251461110077798 0.8671926574315876 0.30778891197405756 0.9833524958230555 0.9039674901869148 0.8761484099086374 0.5515750895719975 0.6985694447066635 0.5621354267932475 0.11091197119094431 0.9369534724391997 0.1667196024209261 0.18795608426444232 0.0024334117770195007 0.10844087996520102 0.10488744475878775 0.876119451597333 0.7183713745325804 0.06275657936930656 0.2924253835808486 0.07193663716316223 0.8249746032524854 0.6263634311035275 0.9159010166767985 0.3676121304742992 0.7171752494759858 0.4267840979155153 0.06861590221524239 0.02032037195749581 0.03416416980326176 0.18251955066807568 0.6758243327494711 0.1101439674384892 0.25914956838823855 0.49032161524519324 0.6458026091568172 0.13461656356230378
RNG 2463534242 300 0.16844638506881893 0.5814635441638529 0.480596162378788 0.4675344522111118 0.8224287556950003 0.08710526907816529 0.3144695130176842 0.16092063416726887 0.17389165027998388 0.6179083718452603 0.26923343096859753 0.7332522303331643 0.6725156693719327 0.8909279387444258 0.4562711170874536 0.5809673964977264 0.3322618615347892 0.3879878562875092 0.8632278577424586 0.8262814672198147 0.9850065889768302 0.7684526364319026 0.2699865472968668 0.02355041913688183 0.7023077374324203 0.2769813798367977 0.5709614388179034 0.6019023656845093 0.03166973846964538 0.4492356120608747 0.3589427340775728 0.9914119329769164 0.3183231430593878 0.2901554845739156 0.44695470784790814 0.196683116722852 0.06078247632831335 0.8223961852490902 0.670335155678913 0.9240601968485862 0.3039171607233584 0.2944505887571722 0.4390278540086001 0.4854638210963458 0.44637192552909255 0.18743891059421003 0.32519271853379905 0.6237328506540507 0.15487858490087092 0.4272598617244512 0.2746693124063313 0.4473657263442874 0.8046954853925854 0.036233806516975164 0.5460867441724986 0.14701544889248908 0.9981486869510263 0.41672484506852925 0.10462190979160368 0.3215335241984576 0.052578910486772656 0.14362397696822882 0.019062495091930032 0.6810953356325626 0.8902015925850719 0.08975457842461765 0.07241349318064749 0.7144137378782034 0.3389631472527981 0.3787960736081004 0.4732367116957903 0.7133408084046096 0.8378230072557926 0.17751629371196032 0.3796407727058977 0.8111841129139066 0.05731432535685599 0.7685279049910605 0.4297578928526491 0.3085215357132256 0.9095457959920168 0.9560592861380428 0.32029159110970795 0.2453647239599377 0.0007252614013850689 0.9153409721329808 0.9915324035100639 0.6265130452811718 0.42132635647431016 0.7346646822988987 0.5683779027312994 0.3597376246470958 0.1632545895408839 0.2776259477250278 0.0758509673178196 0.7556625986471772 0.9018362367060035 0.12495376472361386 0.6185015940573066 0.9222232217434794 0.9855619801674038 0.891904785297811 0.41098094871267676 0.7456297648604959 0.05596943711861968 0.28878864110447466 0.500705735757947 0.2999867934267968 0.08103001420386136 0.7775020715780556 0.9160282136872411 0.9224130900111049 0.057309153489768505 0.882433025399223 0.7374334477353841 0.9189244569279253 0.8154645645990968 0.6453589925076813 0.22188030160032213 0.07488988386467099 0.8989591922145337 0.6497051012702286 0.2702509216032922 0.6791228130459785 0.6945554499980062 0.8100622007623315 0.8395352056249976 0.43173406971618533 0.012705431785434484 0.849429948721081 0.5260168153326958 0.3294900031760335 0.13377353339456022 0.3412608054932207 0.37476099701598287 0.9529062232468277 0.12057064683176577 0.674754663137719 0.30791334388777614 0.3557367876637727 0.2833943988662213 0.922321229474619 0.19344765413552523 0.6104529888834804 0.3388420413248241 0.1339002177119255 0.6259539679158479 0.3935629865154624 0.7548987900372595 0.9719706510659307 0.7762014414183795 0.22083429782651365 0.34502807073295116 0.1387727684341371 0.9456283743493259 0.9182649336289614 0.2533882390707731 0.6809232840314507 0.5623261025175452 0.5462884905282408 0.5112982571590692 0.5838500435929745 0.08183391857892275 0.6793964635580778 0.22347013582475483 0.9363607643172145 0.9099499718286097 0.332892831414938 0.15303393523208797 0.5327522240113467 0.026496179401874542 0.006873176898807287 0.7052070077043027 0.8863626893144101 0.014030634192749858 0.5424190161284059 0.30188189377076924 0.40055878506973386 0.7589652657043189 0.7909402523655444 0.8483074528630823 0.11182266450487077 0.14965081959962845 0.061371320160105824 0.14872409403324127 0.610413457499817 0.674769731471315 0.3579030891414732 0.9881245470605791 0.24512834916822612 0.1120794692542404 0.34728812985122204 0.7501412006095052 0.9174982977565378 0.24937767488881946 0.9986559757962823 0.35220566554926336 0.756408138666302 0.31997352838516235 0.44516479317098856 0.760178335243836 0.7536740559153259 0.8996881581842899 0.784923609578982 0.8017516299150884 0.9721630208659917 0.6455270044971257 0.13541120337322354 0.008017437299713492 0.34178048488684 0.8168795802630484 0.027128403773531318 0.40992484195157886 0.22715350217185915 0.2691737918648869 0.5029397904872894 0.1715781968086958 0.9613337761256844 0.9199695892166346 0.4920033239759505 0.025015619350597262 0.5889631153549999 0.6356556904502213 0.9225535695441067 0.018511450849473476 0.6101335908751935 0.9404419667553157 0.7855765155982226 0.6902074068784714 0.18867772538214922 0.15599653800018132 0.7188785194884986 0.016670730896294117 0.23440700420178473 0.6117692363914102 0.18917866609990597 0.9400949538685381 0.9044208857230842 0.5651202802546322 0.08976472332142293 0.8573701065033674 0.29059322574175894 0.787296277936548 0.5044218252878636 0.732456759782508 0.6561366356909275 0.011288727866485715 0.3790271454490721 0.05204222653992474 0.49125343514606357 0.7480206824839115 0.7339176773093641 0.6048874112311751 0.3992184328380972 0.4469991265796125 0.8015319553669542 0.5300640193745494 0.13707772572524846 0.6691532505210489 0.9554391615092754 0.21686678566038609 0.023941689170897007 0.7844039262272418 0.8093618666753173 0.22209269739687443 0.02041189162991941 0.3047890216112137 0.7781322502996773 0.9044746092986315 0.9600526969879866 0.5021083457395434 0.3943803186994046 0.3375574080273509 0.4694769384805113 0.0989919058047235 0.8784586312249303 0.004553565289825201 0.8496058175805956 0.12224398809485137 0.11409319611266255 0.7718249957542866 0.9673707508482039 0.7528570350259542 0.26595664490014315 0.505859270459041 0.663025677902624 0.1702170774806291 0.31393082020804286 0.9686028403230011 0.6800030674785376 0.25063737272284925 0.4096715352497995 0.6123552012722939 0.31504680518992245 0.21995340893045068 0.6143860891461372 0.6007099612616003 0.15535616455599666 0.8658023444004357 0.17901517800055444
RNG 4294967295 300 0.00005913502536714077 0.9844969508703798 0.4559874690603465 0.9445271999575198 0.4771870712283999 0.5962725235149264 0.3970031552016735 0.06514751794748008 0.6983113256283104 0.3959967528935522 0.8915248473640531 0.8742663254961371 0.43992693442851305 0.7109594736248255 0.6038156081922352 0.11908695218153298 0.6899253956507891 0.6900353045202792 0.9918052544817328 0.3303989842534065 0.4780100639909506 0.5709888986311853 0.05269720428623259 0.3175671680364758 0.662979070097208 0.4884969957638532 0.5889622725080699 0.39208990801125765 0.9221929062623531 0.6345151676796377 0.2705185676459223 0.16444488381966949 0.45914645842276514 0.9142896975390613 0.9740930055268109 0.705210373038426 0.6085757634136826 0.9275460606440902 0.5797873241826892 0.2633050102740526 0.0198339547496289 0.5295965769328177 0.5694147052709013 0.665396488038823 0.7470970361027867 0.4301584055647254 0.03005696553736925 0.5444118415471166 0.49543270841240883 0.5302407897543162 0.728544799843803 0.4472636836580932 0.7337827251758426 0.3437735883053392 0.28023907635360956 0.9761612345464528 0.7368670660071075 0.02053347253240645 0.13530444563366473 0.1273042275570333 0.8445433538872749 0.34611098282039165 0.9628004203550518 0.1312268697656691 0.2734646718017757 0.6317928291391581 0.5021451080683619 0.3135530333966017 0.9505179126281291 0.6725211725570261 0.0062260255217552185 0.18733195075765252 0.7367468795273453 0.5309621905907989 0.3254528937395662 0.627380296587944 0.2156027110759169 0.07681636069901288 0.8272915449924767 0.02045799628831446 0.7724834615364671 0.7081928164698184 0.8764622586313635 0.2644768515601754 0.6566427820362151 0.4207602352835238 0.023934905417263508 0.7080136064905673 0.5847957893274724 0.20171143300831318 0.3648145191837102 0.568083580583334 0.6974589622113854 0.8468410347122699 0.8441543800290674 0.5398816296365112 0.7638164474628866 0.48242501029744744 0.8729558258783072 0.3161744123790413 0.43171048699878156 0.4874158250167966 0.18514715088531375 0.29923416464589536 0.9866030572447926 0.23507939116097987 0.852414344670251 0.15980656980536878 0.2587584680877626 0.25200320105068386 0.09913068264722824 0.6363590727560222 0.2661855414044112 0.6502688536420465 0.4912430886179209 0.9191820544656366 0.4911140736658126 0.39748243778012693 0.32083459850400686 0.5546585451811552 0.6000758344307542 0.24958339822478592 0.6230249139480293 0.6225959009025246 0.9793711616657674 0.9125531618483365 0.18169323075562716 0.35515674855560064 0.26475543482229114 0.8406798420473933 0.7723197943996638 0.6694863941520452 0.4955283226445317 0.23975142883136868 0.9856009432114661 0.13673372473567724 0.6896327098365873 0.7924554580822587 0.16811021720059216 0.4657051188405603 0.32480342453345656 0.7230746424756944 0.3547044275328517 0.11461638798937201 0.6555643572937697 0.487965872278437 0.8448220526333898 0.06620666664093733 0.9918654516804963 0.5608767620287836 0.7058004189748317 0.5774992264341563 0.7643101802095771 0.8748038129415363 0.8400993323884904 0.8639821785036474 0.4839786544907838 0.86847716383636 0.59277059067972 0.8542572709266096 0.956834350945428 0.4213809829670936 0.6124425581656396 0.0023410029243677855 0.565592979779467 0.06930790352635086 0.273183714132756 0.4197377178352326 0.7564719857182354 0.40430133347399533 0.7104860248509794 0.8850789610296488 0.010735790245234966 0.9586179016623646 0.2834327786695212 0.543796009151265 0.9667253384832293 0.3072082216385752 0.9633750785142183 0.1784868303220719 0.9451338951475918 0.4062929004430771 0.05713180382736027 0.12013317737728357 0.837828628718853 0.8571928895544261 0.3267745969351381 0.21583531494252384 0.18321959115564823 0.9685261438135058 0.44568296801298857 0.1417651674710214 0.09900562418624759 0.5214116482529789 0.6330138428602368 0.5095281526446342 0.49232750525698066 0.160856525413692 0.13570978865027428 0.28427565307356417 0.692908497992903 0.1151550046633929 0.8521621879190207 0.26194474706426263 0.7705935472622514 0.6549912169575691 0.9012578958645463 0.44899199111387134 0.5267917660530657 0.4187908919993788 0.20570297143422067 0.4508943206164986 0.6037873646710068 0.8023591379169375 0.18307958799414337 0.04511365108191967 0.6790833792183548 0.7262271225918084 0.8172743571922183 0.4807942188344896 0.8862979325931519 0.6112174140289426 0.9956829177681357 0.803386301966384 0.7883423436433077 0.8647018959745765 0.7354438204783946 0.8542211155872792 0.7197421486489475 0.5205025768373162 0.466502589173615 0.8396384289953858 0.45664930436760187 0.8403865748550743 0.05232377885840833 0.3690749742090702 0.17623078916221857 0.9703871407546103 0.71469143521972 0.7303378151264042 0.6422682721167803 0.5976836693007499 0.690043741138652 0.6308417897671461 0.21236209757626057 0.1456045755185187 0.10460611409507692 0.4441111332271248 0.494954472174868 0.3537040753290057 0.9006290100514889 0.723925456404686 0.2559083153028041 0.761983284028247 0.8257729520555586 0.4062792544718832 0.993593931896612 0.001255768584087491 0.44779757410287857 0.06225295993499458 0.21335407928563654 0.3254581617657095 0.9757285842206329 0.5589270740747452 0.7173697683028877 0.860799097456038 0.675476941280067 0.5412384462542832 0.3802814893424511 0.5499640009365976 0.5968460137955844 0.2682769289240241 0.2796110932249576 0.47329697106033564 0.5847554076462984 0.4227185726631433 0.1288433731533587 0.7804165906272829 0.5782068616244942 0.7915681072045118 0.8005648176185787 0.17051880317740142 0.7802317412570119 0.5363396585453302 0.156287427758798 0.6622883565723896 0.01921669952571392 0.49692595889791846 0.37575906491838396 0.6645634192973375 0.6428227033466101 0.16824303683824837 0.5664545262698084 0.451462629949674 0.34396385541185737 0.586478486424312 0.922758448170498 0.7520387277472764 0.07422924344427884 0.6450693116057664
AMB 3 30 304523 0 0.2 | 2.0331871509552 3.181589126586914 -1.7622966766357422 1.3856884241104126 15.231648445129395 2.795692205429077 -65.85717010498047 5.745469570159912 -5.8426833152771 3.5055367946624756 -34.867576599121094 0.4163948595523834 | 2.627342462539673 3.1326851844787598 4.237703800201416 15.104862213134766 2.6082873344421387 -59.857181549072266 -5.437581539154053 3.8465099334716797 -28.8675537109375 | 2.0331871509552 3.181589126586914 4.237703800201416 15.231648445129395 2.795692205429077 -59.857181549072266 -5.8426833152771 3.5055367946624756 -28.8675537109375
AMB 18 30 622419 1.3 0.25 | 1.4576927423477173 0.8594442009925842 -18.916400909423828 3.3912901878356934 0.6122010350227356 3.604487895965576 4.171798229217529 2.936126947402954 -7.796238899230957 2.270597457885742 -38.25589370727539 4.016526222229004 -9.270525932312012 0.6385640501976013 -49.31181335449219 4.613710403442383 9.05359172821045 2.1469309329986572 -29.4002742767334 1.8359005451202393 6.013520240783691 0.6971778273582458 -13.613801002502441 3.2038862705230713 -6.502782821655273 2.1105165481567383 -64.31409454345703 1.5031530857086182 16.27187728881836 1.254032015800476 -42.60285568237305 5.523986339569092 16.614761352539062 3.6591873168945312 -57.5825309753418 6.015973091125488 -14.173993110656738 2.9267632961273193 -34.107357025146484 5.152338981628418 16.18375587463379 1.5475929975509644 -19.29495620727539 4.379159450531006 -4.358489990234375 4.445323944091797 -7.364092826843262 0.5210362672805786 -2.711442232131958 4.368119716644287 -34.5525016784668 4.440661907196045 4.353879928588867 1.9087938070297241 -51.83980941772461 0.8976126909255981 2.322761058807373 4.325744152069092 -67.36041259765625 0.24257227778434753 9.162590980529785 2.006105422973633 -49.42829132080078 2.6986887454986572 0.1494038701057434 3.6767959594726562 -26.754127502441406 1.5702515840530396 2.73948073387146 3.7581775188446045 -20.57358169555664 4.670390605926514 | 0.8599256277084351 1.085401177406311 -11.416400909423828 10.576766014099121 3.9541890621185303 -66.32820129394531 -8.31119155883789 2.08805251121521 -30.75589370727539 -9.523195266723633 0.2937432825565338 -41.81181335449219 9.096091270446777 1.9293159246444702 -21.9002742767334 5.435854434967041 1.0053012371063232 -6.113801002502441 -6.2671217918396 1.7700809240341187 -56.81409454345703 16.546600341796875 1.3973877429962158 -35.10285568237305 17.10887336730957 4.004444122314453 -50.0825309753418 -14.111733436584473 2.8162355422973633 -26.607357025146484 15.811528205871582 1.2129015922546387 -11.79495620727539 -3.7687325477600098 4.500781059265137 0.13590717315673828 -3.054042100906372 4.023395538330078 -27.052501678466797 4.861717224121094 1.7128962278366089 -44.33980941772461 2.920144557952881 4.555487155914307 -59.86041259765625 8.735579490661621 2.310500144958496 -41.92829132080078 0.34753838181495667 3.3502936363220215 -19.254127502441406 2.5180461406707764 3.4223556518554688 -13.07358169555664 | 1.4576927423477173 0.8594442009925842 -11.416400909423828 11.09093952178955 3.604487895965576 -66.32820129394531 -7.796238899230957 2.270597457885742 -30.75589370727539 -9.270525932312012 0.6385640501976013 -41.81181335449219 9.05359172821045 2.1469309329986572 -21.9002742767334 6.013520240783691 0.6971778273582458 -6.113801002502441 -6.502782821655273 2.1105165481567383 -56.81409454345703 16.27187728881836 1.254032015800476 -35.10285568237305 16.614761352539062 3.6591873168945312 -50.0825309753418 -14.173993110656738 2.9267632961273193 -26.607357025146484 16.18375587463379 1.5475929975509644 -11.79495620727539 -4.358489990234375 4.445323944091797 0.13590717315673828 -2.711442232131958 4.368119716644287 -27.052501678466797 4.353879928588867 1.9087938070297241 -44.33980941772461 2.322761058807373 4.325744152069092 -59.86041259765625 9.162590980529785 2.006105422973633 -41.92829132080078 0.1494038701057434 3.6767959594726562 -19.254127502441406 2.73948073387146 3.7581775188446045 -13.07358169555664
AMB 42 30 203311 2.6 0.30000000000000004 | 1.3302513360977173 1.2137112617492676 -52.20964431762695 1.3134663105010986 -8.367315292358398 3.3356235027313232 3.737854480743408 2.3151421546936035 5.520626544952393 0.7430153489112854 -60.43301773071289 5.454909324645996 -12.321911811828613 4.931432723999023 -0.42845258116722107 5.459921836853027 1.7952059507369995 2.9041552543640137 -55.6927490234375 1.818399429321289 11.034461975097656 0.8521952629089355 -6.216017246246338 3.431575059890747 6.476238250732422 1.6201804876327515 -18.15850830078125 4.402014255523682 -9.288818359375 3.102351188659668 -7.7950263023376465 3.7198739051818848 -1.5433473587036133 1.5661978721618652 -25.556501388549805 3.1466903686523438 -1.083181381225586 0.46891647577285767 -20.022058486938477 1.3685163259506226 -2.794205904006958 3.29776668548584 -36.03789520263672 5.797768592834473 15.519756317138672 0.7048423886299133 -20.499204635620117 3.1388161182403564 -4.010925769805908 2.858025312423706 -31.52516746520996 2.7419650554656982 4.966594696044922 3.398897647857666 -33.536190032958984 2.8086345195770264 -2.982592821121216 4.386669158935547 -50.408424377441406 0.44387099146842957 -14.964966773986816 4.432825088500977 2.9351682662963867 0.4388180375099182 -9.771956443786621 2.193115711212158 -23.7099609375 1.8778445720672607 -15.044011116027832 2.5313236713409424 -13.68911075592041 3.113551616668701 -12.061214447021484 4.587822914123535 -4.629091739654541 3.035248279571533 -9.907325744628906 1.1388553380966187 -68.33448791503906 1.5682976245880127 15.631875991821289 2.8237226009368896 -20.370361328125 5.160396099090576 4.599043846130371 3.9441075325012207 -65.49661254882812 1.5274523496627808 -0.616351842880249 3.637716293334961 -17.642969131469727 3.623891830444336 -12.250826835632324 3.5942904949188232 -11.717584609985352 5.089329719543457 10.216081619262695 0.8327329158782959 -50.675621032714844 3.744704246520996 7.883350849151611 1.2004132270812988 -61.281715393066406 4.64611291885376 1.124840259552002 1.050974726676941 -45.75056076049805 2.71867299079895 -0.02372526191174984 4.394901752471924 -13.993715286254883 1.7519925832748413 -13.890254020690918 1.485814094543457 -55.23966598510742 5.411497592926025 -8.727328300476074 2.8458292484283447 -48.74588394165039 3.1813135147094727 11.820910453796387 1.6620315313339233 -37.035457611083984 0.7125290036201477 -14.269079208374023 4.1231255531311035 -23.549711227416992 6.172813892364502 -3.963825225830078 3.3757431507110596 -41.85094451904297 2.4632766246795654 -14.181021690368652 0.979132890701294 7.344557285308838 1.6445094347000122 -11.280702590942383 1.4328346252441406 -12.0369234085083 3.843970537185669 12.463865280151367 3.679488182067871 -4.306212425231934 4.212574481964111 12.728384017944336 3.7178800106048584 -2.819319486618042 5.275876522064209 -11.45426082611084 2.3891303539276123 1.9081122875213623 0.6964863538742065 -11.343198776245117 0.8255091309547424 4.298318386077881 5.55085563659668 13.753023147583008 4.151169300079346 -39.913299560546875 5.207884788513184 -10.876718521118164 2.9312453269958496 2.1221745014190674 2.9824516773223877 7.041295528411865 3.477254867553711 6.79109525680542 2.447378396987915 | 1.1434069871902466 1.1150197982788086 -43.20966720581055 7.809049129486084 3.681864023208618 -65.26210021972656 6.101334571838379 1.0894402265548706 -51.433040618896484 -14.641646385192871 5.277339935302734 -69.4284439086914 1.3558613061904907 3.1359941959381104 -46.692771911621094 10.644815444946289 0.5989912748336792 2.7839834690093994 6.632589817047119 1.4864860773086548 -9.158509254455566 -9.532658576965332 2.7583510875701904 1.2049754858016968 -2.045520305633545 1.4833409786224365 -16.5565242767334 -1.301114559173584 0.407719224691391 -11.022065162658691 -2.196558713912964 3.5342905521392822 -27.037918090820312 15.015013694763184 0.6273508667945862 -11.499212265014648 -4.6018266677856445 3.0470285415649414 -22.525190353393555 4.383941173553467 3.547060251235962 -24.536212921142578 -2.667487382888794 4.07216215133667 -41.408447265625 16.46238899230957 4.1198859214782715 -66.06478881835938 -10.234801292419434 2.454418182373047 -14.709979057312012 -15.556787490844727 2.471169948577881 -4.689105033874512 -12.596790313720703 4.582181453704834 4.370908260345459 -10.231864929199219 1.216536521911621 -59.33445739746094 16.14377212524414 3.1394894123077393 -11.370368957519531 4.295382499694824 3.9936821460723877 -56.496620178222656 -0.9116082191467285 3.3123459815979004 -8.64296817779541 -11.76244831085205 3.8854877948760986 -2.7175800800323486 9.98592758178711 0.4859536290168762 -41.67564392089844 8.175066947937012 1.2340505123138428 -52.28173828125 0.5316751599311829 1.253490686416626 -36.75058364868164 -0.43498581647872925 4.589976787567139 -4.993709564208984 -13.316642761230469 1.8352609872817993 -46.239688873291016 -9.217833518981934 2.73964262008667 -39.745906829833984 11.989180564880371 1.3132383823394775 -28.035480499267578 -13.73241901397705 4.120303153991699 -14.549729347229004 -4.560564041137695 3.6919617652893066 -32.85096740722656 -15.818217277526855 1.1077299118041992 -61.65538787841797 -11.45481014251709 1.0835238695144653 -3.0369186401367188 12.50833797454834 3.4356343746185303 4.693787574768066 13.272933959960938 4.059820652008057 6.180681228637695 8.733484268188477 2.0395851135253906 -67.09185791015625 0.1650499552488327 1.1560591459274292 -64.70162963867188 14.279199600219727 4.479829788208008 -30.91332244873047 6.29944372177124 2.962519645690918 -66.87779235839844 -3.9041635990142822 3.7980830669403076 -62.20884704589844 | 1.3302513360977173 1.2137112617492676 -43.20966720581055 8.390031814575195 3.3356235027313232 -65.26210021972656 5.520626544952393 0.7430153489112854 -51.433040618896484 -15.223103523254395 4.931432723999023 -69.4284439086914 1.7952059507369995 2.9041552543640137 -46.692771911621094 11.034461975097656 0.8521952629089355 2.7839834690093994 6.476238250732422 1.6201804876327515 -9.158509254455566 -9.288818359375 3.102351188659668 1.2049754858016968 -1.5433473587036133 1.5661978721618652 -16.5565242767334 -1.083181381225586 0.46891647577285767 -11.022065162658691 -2.794205904006958 3.29776668548584 -27.037918090820312 15.519756317138672 0.7048423886299133 -11.499212265014648 -4.010925769805908 2.858025312423706 -22.525190353393555 4.966594696044922 3.398897647857666 -24.536212921142578 -2.982592821121216 4.386669158935547 -41.408447265625 16.14470672607422 4.432825088500977 -66.06478881835938 -9.771956443786621 2.193115711212158 -14.709979057312012 -15.044011116027832 2.5313236713409424 -4.689105033874512 -12.061214447021484 4.587822914123535 4.370908260345459 -9.907325744628906 1.1388553380966187 -59.33445739746094 15.631875991821289 2.8237226009368896 -11.370368957519531 4.599043846130371 3.9441075325012207 -56.496620178222656 -0.616351842880249 3.637716293334961 -8.64296817779541 -12.250826835632324 3.5942904949188232 -2.7175800800323486 10.216081619262695 0.8327329158782959 -41.67564392089844 7.883350849151611 1.2004132270812988 -52.28173828125 1.124840259552002 1.050974726676941 -36.75058364868164 -0.02372526191174984 4.394901752471924 -4.993709564208984 -13.890254020690918 1.485814094543457 -46.239688873291016 -8.727328300476074 2.8458292484283447 -39.745906829833984 11.820910453796387 1.6620315313339233 -28.035480499267578 -14.269079208374023 4.1231255531311035 -14.549729347229004 -3.963825225830078 3.3757431507110596 -32.85096740722656 -15.456196784973145 0.979132890701294 -61.65538787841797 -11.280702590942383 1.4328346252441406 -3.0369186401367188 12.463865280151367 3.679488182067871 4.693787574768066 12.728384017944336 3.7178800106048584 6.180681228637695 8.555996894836426 2.3891303539276123 -67.09185791015625 -0.42744559049606323 0.8255091309547424 -64.70162963867188 13.753023147583008 4.151169300079346 -30.91332244873047 6.848546504974365 2.9312453269958496 -66.87779235839844 -3.3084936141967773 3.477254867553711 -62.20884704589844
AMB 32 30 234895 3.9000000000000004 0.35000000000000003 | 13.845489501953125 1.6578336954116821 -13.180548667907715 2.768602132797241 -9.712191581726074 4.407495975494385 -24.543254852294922 5.3510847091674805 -6.58101224899292 1.619813084602356 -64.39969635009766 5.795341968536377 7.093954563140869 0.8425538539886475 -68.93302917480469 3.8239219188690186 -1.0301975011825562 3.7387781143188477 -4.090576648712158 1.6094318628311157 13.196549415588379 4.655792236328125 -55.979496002197266 0.2872764766216278 -2.0086119174957275 1.4700725078582764 6.134098529815674 4.894996643066406 -11.93887996673584 2.1024208068847656 -67.60375213623047 0.32049256563186646 1.2022939920425415 4.242417335510254 -15.641464233398438 4.639130115509033 -11.711377143859863 0.494601309299469 -8.283408164978027 1.066901445388794 5.950992107391357 1.4437155723571777 -5.012122631072998 3.5237903594970703 7.322510719299316 2.4631569385528564 -7.402143955230713 1.0491045713424683 4.1555938720703125 1.1355702877044678 -46.35219192504883 2.0633184909820557 -9.414429664611816 0.7617172598838806 -11.246162414550781 2.5723800659179688 13.555486679077148 1.858285665512085 5.195683479309082 2.5479624271392822 13.960810661315918 0.6181743741035461 -47.33625030517578 3.4350063800811768 0.3256519138813019 2.3051276206970215 5.428834438323975 1.3365919589996338 2.5038857460021973 3.911633253097534 -53.957889556884766 5.424605846405029 9.078997611999512 4.672984600067139 2.4074325561523438 3.7435672283172607 -4.550130844116211 3.585409164428711 -2.955052614212036 0.9306146502494812 -10.28347396850586 0.9107526540756226 -18.076473236083984 0.3387966752052307 -16.804065704345703 3.57228684425354 -34.05924987792969 0.4001723527908325 -4.784101963043213 2.521667718887329 0.3267539143562317 4.535693168640137 10.44202709197998 3.682211399078369 -48.721187591552734 2.707240581512451 5.416055679321289 1.2331089973449707 -41.91265869140625 4.701500415802002 2.3055262565612793 1.0798417329788208 -21.693639755249023 0.9514701962471008 -10.4179105758667 1.7334929704666138 -63.812896728515625 5.84304141998291 -16.623111724853516 1.8060169219970703 -11.998078346252441 4.946894645690918 -3.7671730518341064 4.532629013061523 -32.059669494628906 6.143826007843018 -5.757405757904053 3.651273012161255 -9.461204528808594 1.335604190826416 -1.517752766609192 2.0516698360443115 -41.01004409790039 0.027988962829113007 15.214619636535645 4.8256611824035645 -33.53512954711914 5.456411361694336 | 13.57923698425293 1.3809013366699219 -2.680544853210449 -9.201274871826172 4.478879451751709 -14.043243408203125 -6.254894733428955 1.398887276649475 -53.899742126464844 7.430526256561279 0.8013055920600891 -58.433074951171875 -1.6295019388198853 4.08400821685791 6.409421920776367 13.07706356048584 4.379846096038818 -45.47954177856445 -11.490849494934082 1.784736156463623 -61.365936279296875 -12.077827453613281 1.8413755893707275 -57.103797912597656 1.7946254014968872 4.591818332672119 -5.1414570808410645 -12.209712028503418 0.7066999673843384 2.216590404510498 6.125668525695801 1.2133549451828003 5.487875938415527 6.830201625823975 2.6652135848999023 3.0978543758392334 3.6043050289154053 1.3026748895645142 -35.852237701416016 -9.780403137207031 0.5876931548118591 -0.7461605072021484 -14.060343742370605 1.6992928981781006 -62.304351806640625 14.083903312683105 0.34489160776138306 -36.83629608154297 2.7665727138519287 2.630108594894409 -62.071197509765625 2.9903147220611572 3.932044744491577 -43.45793533325195 -6.888472080230713 4.576651573181152 -65.09259033203125 -4.998444080352783 3.7147254943847656 7.544946193695068 -10.433080673217773 0.6584153771400452 -7.576462745666504 -16.989030838012695 3.351545810699463 -23.559247970581055 6.553760528564453 2.859415292739868 -67.17325592041016 10.143302917480469 3.4335622787475586 -38.22123336791992 6.013195514678955 1.5823415517807007 -31.412700653076172 1.8489946126937866 1.2226074934005737 -11.193628311157227 -10.116177558898926 1.4877138137817383 -53.31294250488281 -16.029645919799805 2.1031084060668945 -1.4980757236480713 -3.6326355934143066 4.188974380493164 -21.55965805053711 -6.326571464538574 3.975996732711792 1.0387954711914062 -1.48249089717865 1.7052918672561646 -30.510080337524414 15.689632415771484 4.8238205909729 -23.035125732421875 | 13.845489501953125 1.6578336954116821 -2.680544853210449 -9.712191581726074 4.407495975494385 -14.043243408203125 -6.58101224899292 1.619813084602356 -53.899742126464844 7.093954563140869 0.8425538539886475 -58.433074951171875 -1.0301975011825562 3.7387781143188477 6.409421920776367 13.196549415588379 4.655792236328125 -45.47954177856445 -12.08809757232666 1.4700725078582764 -61.365936279296875 -11.93887996673584 2.1024208068847656 -57.103797912597656 1.2022939920425415 4.242417335510254 -5.1414570808410645 -11.711377143859863 0.494601309299469 2.216590404510498 5.950992107391357 1.4437155723571777 5.487875938415527 7.322510719299316 2.4631569385528564 3.0978543758392334 4.1555938720703125 1.1355702877044678 -35.852237701416016 -9.414429664611816 0.7617172598838806 -0.7461605072021484 -13.682870864868164 1.858285665512085 -62.304351806640625 13.960810661315918 0.6181743741035461 -36.83629608154297 3.335925579071045 2.3051276206970215 -62.071197509765625 2.5038857460021973 3.911633253097534 -43.45793533325195 -7.184087753295898 4.672984600067139 -65.09259033203125 -4.550130844116211 3.585409164428711 7.544946193695068 -10.28347396850586 0.9107526540756226 -7.576462745666504 -16.804065704345703 3.57228684425354 -23.559247970581055 5.974468231201172 2.521667718887329 -67.17325592041016 10.44202709197998 3.682211399078369 -38.22123336791992 5.416055679321289 1.2331089973449707 -31.412700653076172 2.3055262565612793 1.0798417329788208 -11.193628311157227 -10.4179105758667 1.7334929704666138 -53.31294250488281 -16.623111724853516 1.8060169219970703 -1.4980757236480713 -3.7671730518341064 4.532629013061523 -21.55965805053711 -5.757405757904053 3.651273012161255 1.0387954711914062 -1.517752766609192 2.0516698360443115 -30.510080337524414 15.214619636535645 4.8256611824035645 -23.035125732421875
AMB 33 30 88868 5.2 0.4 | 14.764546394348145 0.5838657021522522 -58.24477005004883 2.255432367324829 15.229086875915527 4.908144474029541 -22.536108016967773 3.5469536781311035 -15.040425300598145 2.672229766845703 -44.028045654296875 2.19997501373291 -0.37822723388671875 4.240594387054443 -3.7150626182556152 4.336843967437744 13.840568542480469 1.623460054397583 -50.433536529541016 5.570066928863525 -14.052546501159668 4.127189636230469 3.4368605613708496 0.2584761679172516 -15.289202690124512 4.184815883636475 -16.811702728271484 0.30641308426856995 7.379899501800537 3.8410463333129883 7.281201362609863 6.08327579498291 -4.557503700256348 0.9040758609771729 -61.46040344238281 2.8135757446289062 -9.071318626403809 0.48326563835144043 5.9653096199035645 2.1657297611236572 -14.803327560424805 4.420138359069824 -26.59488296508789 0.9898924231529236 4.904298305511475 1.1840277910232544 -63.359676361083984 0.9267949461936951 1.6469529867172241 4.473212718963623 2.423389434814453 0.21380946040153503 -16.585586547851562 3.129631996154785 -11.754470825195312 5.314558982849121 7.773764610290527 1.7875208854675293 -3.6842007637023926 1.7946405410766602 -0.46673059463500977 0.6090904474258423 -11.772141456604004 2.095242500305176 11.699137687683105 3.51371169090271 -15.821914672851562 1.9389874935150146 -0.43492889404296875 2.6111021041870117 -44.67833709716797 5.0047125816345215 -11.418293952941895 1.2203980684280396 -57.317691802978516 0.6073375940322876 12.048452377319336 2.8363969326019287 -38.538177490234375 1.8432832956314087 8.524633407592773 3.933546781539917 -12.439083099365234 3.7239677906036377 10.157930374145508 4.4835004806518555 -37.25447463989258 5.084232807159424 -1.3169373273849487 1.6347732543945312 -60.073673248291016 1.1162594556808472 -11.620905876159668 1.5819482803344727 -53.52811813354492 0.18110042810440063 -7.10713005065918 3.5040042400360107 -22.673553466796875 1.504023551940918 1.6348671913146973 4.5904083251953125 -61.085243225097656 0.5079244375228882 -15.240692138671875 1.2878752946853638 -52.493309020996094 2.512392282485962 -12.963929176330566 1.3140897750854492 -47.29977035522461 2.4821057319641113 6.55331563949585 3.7115414142608643 -45.47294235229492 4.25986385345459 11.63801383972168 1.641771674156189 -43.75904846191406 1.9048508405685425 5.259525775909424 4.85938024520874 -65.57176971435547 4.493230819702148 -14.664909362792969 2.3955204486846924 -64.01737213134766 4.521536350250244 4.092306613922119 2.3492987155914307 -2.437204360961914 5.22308349609375 | 14.726799964904785 0.24512267112731934 -46.24472427368164 15.794292449951172 5.148743152618408 -10.53611946105957 -15.111305236816406 2.3453145027160645 -32.02799987792969 8.933277130126953 4.492611885070801 -69.7150650024414 13.774648666381836 1.2749329805374146 -38.43349075317383 -1.6052141189575195 4.283876895904541 -62.5631103515625 -15.83175277709961 4.370743274688721 -4.811710357666016 -7.806349277496338 3.687988042831421 -58.71875762939453 -4.272384166717529 0.6762476563453674 -49.460357666015625 -6.664707183837891 0.16567182540893555 -60.03465270996094 -15.3858003616333 4.748167991638184 -14.594894409179688 4.313907146453857 1.5248103141784668 -51.3596305847168 -14.458518981933594 4.601354122161865 -63.57658386230469 -16.498641967773438 2.8099427223205566 0.24552708864212036 -11.886419296264648 1.6528693437576294 -69.68419647216797 -0.5995079278945923 0.31531402468681335 0.22785645723342896 11.476921081542969 3.292656660079956 -3.821920871734619 -0.17110848426818848 2.433603525161743 -32.67829132080078 -12.012402534484863 1.5415427684783936 -45.31764602661133 11.773994445800781 2.6710023880004883 -26.538158416748047 9.116463661193848 4.2473464012146 -0.4390859305858612 10.3781099319458 4.26046895980835 -25.25446128845215 -1.8766217231750488 1.9218629598617554 -48.07362747192383 -12.127180099487305 1.6885240077972412 -41.528072357177734 -7.5435028076171875 3.568843364715576 -10.673564910888672 1.0520166158676147 4.877738952636719 -49.08519744873047 -15.125017166137695 0.9496037364006042 -40.493263244628906 -12.866135597229004 0.9709996581077576 -35.29972457885742 7.1125640869140625 3.9978232383728027 -33.472896575927734 11.396904945373535 1.4397436380386353 -31.759004592895508 5.753351211547852 5.024439334869385 -53.57172393798828 -14.180926322937012 2.5428524017333984 -52.01732635498047 2.6204142570495605 2.0608651638031006 -68.43720245361328 | 14.764546394348145 0.5838657021522522 -46.24472427368164 15.229086875915527 4.908144474029541 -10.53611946105957 -15.040425300598145 2.672229766845703 -32.02799987792969 8.392399787902832 4.240594387054443 -69.7150650024414 13.840568542480469 1.623460054397583 -38.43349075317383 -1.0755641460418701 4.127189636230469 -62.5631103515625 -15.289202690124512 4.184815883636475 -4.811710357666016 -7.456119537353516 3.8410463333129883 -58.71875762939453 -4.557503700256348 0.9040758609771729 -49.460357666015625 -6.573469161987305 0.48326563835144043 -60.03465270996094 -14.803327560424805 4.420138359069824 -14.594894409179688 4.904298305511475 1.1840277910232544 -51.3596305847168 -13.941985130310059 4.473212718963623 -63.57658386230469 -16.585586547851562 3.129631996154785 0.24552708864212036 -11.586343765258789 1.7875208854675293 -69.68419647216797 -0.46673059463500977 0.6090904474258423 0.22785645723342896 11.699137687683105 3.51371169090271 -3.821920871734619 -0.43492889404296875 2.6111021041870117 -32.67829132080078 -11.418293952941895 1.2203980684280396 -45.31764602661133 12.048452377319336 2.8363969326019287 -26.538158416748047 8.524633407592773 3.933546781539917 -0.4390859305858612 10.157930374145508 4.4835004806518555 -25.25446128845215 -1.3169373273849487 1.6347732543945312 -48.07362747192383 -11.620905876159668 1.5819482803344727 -41.528072357177734 -7.10713005065918 3.5040042400360107 -10.673564910888672 1.6348671913146973 4.5904083251953125 -49.08519744873047 -15.240692138671875 1.2878752946853638 -40.493263244628906 -12.963929176330566 1.3140897750854492 -35.29972457885742 6.55331563949585 3.7115414142608643 -33.472896575927734 11.63801383972168 1.641771674156189 -31.759004592895508 5.259525775909424 4.85938024520874 -53.57172393798828 -14.664909362792969 2.3955204486846924 -52.01732635498047 2.4796032905578613 2.3492987155914307 -68.43720245361328
AMB 29 30 958441 6.5 0.45 | -4.379567623138428 2.479442596435547 -3.1660826206207275 1.4380161762237549 -13.7535400390625 3.6453633308410645 -29.495319366455078 5.770639419555664 14.569360733032227 2.625140905380249 -40.80908966064453 0.1410893201828003 9.068502426147461 2.9206879138946533 -28.765039443969727 3.811060905456543 -6.476428985595703 4.424707889556885 -65.96180725097656 0.6795423626899719 13.84633731842041 1.0639023780822754 -15.519283294677734 5.412286281585693 -13.126837730407715 0.499779611825943 -51.43328857421875 1.3879382610321045 13.940390586853027 1.1644572019577026 -2.656205415725708 4.933345794677734 7.649044513702393 2.621657371520996 -61.92351531982422 5.697671890258789 2.0237677097320557 2.985156297683716 -4.452229022979736 1.8242418766021729 -13.683310508728027 1.393264651298523 7.105625152587891 2.476008176803589 -14.18757152557373 1.4420886039733887 -28.51762580871582 5.759312629699707 -3.4696340560913086 2.308682918548584 -21.529998779296875 0.45514020323753357 -10.362004280090332 4.601041793823242 -35.9173469543457 4.420186519622803 4.861907482147217 3.737339735031128 -38.205078125 1.1174304485321045 6.450805187225342 3.095728635787964 -41.9074821472168 2.265821933746338 -16.400087356567383 2.5873842239379883 -33.43001174926758 3.7374494075775146 13.989748001098633 4.693030834197998 -61.4243278503418 2.9490299224853516 16.45932388305664 2.3644235134124756 -22.420589447021484 5.021423816680908 10.288220405578613 4.369397163391113 1.4029828310012817 0.6272042989730835 -10.931791305541992 0.7831599712371826 -25.88388442993164 3.197518825531006 -10.127053260803223 2.8433196544647217 -52.10400390625 5.47511625289917 9.74215030670166 3.6598193645477295 -46.59320831298828 3.2367513179779053 -4.095090389251709 1.7003318071365356 2.859968900680542 2.506401777267456 -9.863375663757324 1.3690414428710938 -19.98118019104004 0.9190782308578491 4.954277992248535 3.5004401206970215 -64.9259262084961 5.644919395446777 6.68467378616333 4.9118242263793945 -36.94559860229492 3.290738105773926 11.206178665161133 3.484574317932129 -8.901877403259277 5.202065467834473 2.935535430908203 1.7855515480041504 -69.93073272705078 3.4089486598968506 | -15.5803804397583 2.1656908988952637 -67.66609954833984 -14.31713581085205 3.766075372695923 -15.9952974319458 13.996783256530762 2.9737682342529297 -27.309066772460938 9.47259521484375 3.065140962600708 -15.265018463134766 -6.876033306121826 4.562708854675293 -52.46179962158203 13.390728950500488 0.9391063451766968 -2.0192878246307373 -13.139104843139648 0.20310984551906586 -37.933265686035156 5.529784202575684 0.8251938819885254 -67.1562271118164 7.101953029632568 2.693312883377075 -48.423492431640625 16.522201538085938 2.6521947383880615 -68.95223999023438 6.573312282562256 1.4093749523162842 -57.394405364990234 -14.748800277709961 1.5553278923034668 -15.017605781555176 -3.958813428878784 2.572575330734253 -8.029993057250977 -10.284347534179688 4.35172700881958 -22.41732406616211 4.6897873878479 3.578678846359253 -24.705055236816406 6.904505729675293 2.967752456665039 -28.407459259033203 -15.964469909667969 2.7770400047302246 -19.929988861083984 14.589475631713867 4.9860405921936035 -47.9243049621582 16.186819076538086 2.0454862117767334 -8.920581817626953 -17.06390380859375 4.540249824523926 -63.097049713134766 -10.346035957336426 1.1319916248321533 -12.383870124816895 -10.60627555847168 2.7604897022247314 -38.603981018066406 10.322357177734375 4.009817600250244 -33.09318542480469 -1.8060507774353027 1.73765230178833 -61.64006805419922 -10.145383834838867 1.3432424068450928 -6.481178283691406 4.4209370613098145 3.5356197357177734 -51.42591094970703 7.255788326263428 5.259907245635986 -23.445575714111328 10.842070579528809 3.2371792793273926 4.59812068939209 3.480973243713379 2.1153836250305176 -56.43075942993164 | -15.598155975341797 2.479442596435547 -67.66609954833984 -13.7535400390625 3.6453633308410645 -15.9952974319458 14.569360733032227 2.625140905380249 -27.309066772460938 9.068502426147461 2.9206879138946533 -15.265018463134766 -6.476428985595703 4.424707889556885 -52.46179962158203 13.84633731842041 1.0639023780822754 -2.0192878246307373 -13.126837730407715 0.499779611825943 -37.933265686035156 5.754211902618408 1.1644572019577026 -67.1562271118164 7.649044513702393 2.621657371520996 -48.423492431640625 16.279817581176758 2.985156297683716 -68.95223999023438 6.047678470611572 1.393264651298523 -57.394405364990234 -14.18757152557373 1.4420886039733887 -15.017605781555176 -3.4696340560913086 2.308682918548584 -8.029993057250977 -10.362004280090332 4.601041793823242 -22.41732406616211 4.861907482147217 3.737339735031128 -24.705055236816406 6.450805187225342 3.095728635787964 -28.407459259033203 -16.400087356567383 2.5873842239379883 -19.929988861083984 13.989748001098633 4.693030834197998 -47.9243049621582 16.45932388305664 2.3644235134124756 -8.920581817626953 -16.64143180847168 4.369397163391113 -63.097049713134766 -10.931791305541992 0.7831599712371826 -12.383870124816895 -10.127053260803223 2.8433196544647217 -38.603981018066406 9.74215030670166 3.6598193645477295 -33.09318542480469 -2.3402342796325684 1.7003318071365356 -61.64006805419922 -9.863375663757324 1.3690414428710938 -6.481178283691406 4.954277992248535 3.5004401206970215 -51.42591094970703 6.68467378616333 4.9118242263793945 -23.445575714111328 11.206178665161133 3.484574317932129 4.59812068939209 2.935535430908203 1.7855515480041504 -56.43075942993164
AMB 39 30 721055 7.800000000000001 0.5 | -1.9270117282867432 2.2962160110473633 -27.445568084716797 3.096061944961548 14.908002853393555 2.4372196197509766 3.1102871894836426 5.7030348777771 -5.514050006866455 4.695112228393555 -62.42612838745117 0.6777647733688354 9.147253036499023 4.029130935668945 -12.216174125671387 5.117295742034912 -14.871840476989746 2.8700475692749023 -4.243995189666748 0.7269949316978455 -7.094447135925293 1.6586247682571411 -11.536917686462402 4.327311992645264 13.11666488647461 4.6188459396362305 -42.09008026123047 2.046570062637329 9.064237594604492 4.565596580505371 -54.188926696777344 5.943204879760742 -5.959815502166748 0.9877868890762329 -49.97245407104492 5.755497455596924 5.698633670806885 4.358105182647705 -48.15446853637695 0.31087344884872437 5.976352691650391 3.3127167224884033 -17.49334144592285 5.31080961227417 -15.925318717956543 0.6765533685684204 -46.13926315307617 5.157673358917236 -0.8366290330886841 2.014282464981079 -10.653558731079102 4.785717010498047 9.068503379821777 2.975741147994995 -28.153165817260742 5.831660270690918 -2.6825151443481445 3.929837942123413 -16.455371856689453 1.3199161291122437 4.064391136169434 4.50191068649292 -40.3398323059082 0.9357151985168457 -9.311583518981934 4.575179576873779 6.0903849601745605 3.9186410903930664 -6.904226779937744 1.151026964187622 -65.4456558227539 5.277353763580322 16.381071090698242 3.659291982650757 -16.0286922454834 1.0398881435394287 6.039689064025879 2.7189674377441406 -27.050779342651367 1.76703679561615 3.2518463134765625 0.564548909664154 -36.22282791137695 5.085784435272217 -5.366528034210205 1.2392170429229736 -43.65810012817383 2.726865291595459 -9.392319679260254 0.6218562126159668 -29.405071258544922 5.621087551116943 -16.859399795532227 4.018687725067139 -16.724422454833984 3.876723527908325 3.0610666275024414 4.154397010803223 -53.25529861450195 3.7627458572387695 16.915851593017578 3.255398988723755 -18.65160369873047 5.558079719543457 13.28120231628418 3.912353992462158 -7.079126834869385 3.5826103687286377 -10.191232681274414 3.8116536140441895 -66.86756134033203 1.164692997932434 14.386269569396973 2.9266409873962402 -48.197998046875 5.798373222351074 -8.480873107910156 3.4076809883117676 -53.437744140625 1.7757420539855957 -13.265266418457031 2.6572837829589844 -25.368297576904297 3.152401924133301 -15.178598403930664 2.0479867458343506 -3.605756998062134 5.488791465759277 -13.57638168334961 1.640248417854309 -44.73093032836914 0.9610020518302917 4.1226396560668945 1.1029115915298462 -38.03642654418945 2.279313802719116 -12.421309471130371 2.1769092082977295 -31.046018600463867 6.102794647216797 8.55863094329834 4.471498489379883 -20.414012908935547 3.9329748153686523 -11.546229362487793 1.3667011260986328 -56.31902313232422 0.932018518447876 6.3271965980529785 1.7905653715133667 -9.31800651550293 1.6220935583114624 -1.60773766040802 2.863558530807495 -53.91963195800781 1.9301660060882568 | -1.616517186164856 2.4406683444976807 -12.445568084716797 -6.798271656036377 2.7862062454223633 -59.88970947265625 -5.406998634338379 4.396663665771484 -47.42612838745117 8.549872398376465 4.189334869384766 2.7838258743286133 -12.706448554992676 2.5550715923309326 -67.2439956665039 -7.475134372711182 1.3459858894348145 3.4630823135375977 13.716511726379395 4.821401119232178 -27.09008026123047 8.618106842041016 4.862792491912842 -39.188926696777344 -6.472978115081787 1.3320666551589966 -34.97245407104492 5.586784839630127 4.258904457092285 -33.15446853637695 5.37935209274292 3.5785233974456787 -2.4933414459228516 -16.524473190307617 0.8613376021385193 -31.139263153076172 -1.3832380771636963 1.9489649534225464 4.346441268920898 8.580485343933105 3.306472063064575 -13.153165817260742 -2.243201494216919 3.670116901397705 -1.4553718566894531 4.318504333496094 4.1521100997924805 -25.339832305908203 -4.015172004699707 4.246528625488281 -56.90961456298828 -7.502897262573242 1.4010143280029297 -50.445655822753906 16.690324783325195 3.3146135807037354 -1.0286922454833984 6.612509250640869 2.7392921447753906 -12.050779342651367 2.656527042388916 0.7048363089561462 -21.222827911376953 -4.891681671142578 1.560631513595581 -28.658100128173828 -9.942517280578613 0.9705086946487427 -14.405071258544922 -17.000123977661133 3.701270341873169 -1.7244224548339844 2.987590789794922 3.87851619720459 -38.25529861450195 16.351675033569336 3.59743070602417 -3.6516036987304688 13.315604209899902 3.7301130294799805 7.920873165130615 -9.820380210876465 3.4926764965057373 -51.86756134033203 13.8869047164917 3.26425838470459 -33.197998046875 -7.906520366668701 3.4340856075286865 -38.437744140625 -12.984174728393555 2.7649736404418945 -10.368297576904297 -2.5972542762756348 2.3764820098876953 -66.60575866699219 -13.30860710144043 1.2902979850769043 -29.73093032836914 4.709441661834717 1.412034034729004 -23.036426544189453 -12.798013687133789 2.4010870456695557 -16.046018600463867 8.385336875915527 4.139532566070557 -5.414012908935547 -11.294127464294434 1.016997218132019 -41.31902313232422 6.868222713470459 1.7101656198501587 5.68199348449707 -1.0135259628295898 2.9947969913482666 -38.91963195800781 | -1.9270117282867432 2.2962160110473633 -12.445568084716797 -6.269511699676514 2.4372196197509766 -59.88970947265625 -5.514050006866455 4.695112228393555 -47.42612838745117 9.147253036499023 4.029130935668945 2.7838258743286133 -12.842422485351562 2.8700475692749023 -67.2439956665039 -7.094447135925293 1.6586247682571411 3.4630823135375977 13.11666488647461 4.6188459396362305 -27.09008026123047 9.064237594604492 4.565596580505371 -39.188926696777344 -5.959815502166748 0.9877868890762329 -34.97245407104492 5.698633670806885 4.358105182647705 -33.15446853637695 5.976352691650391 3.3127167224884033 -2.4933414459228516 -15.925318717956543 0.6765533685684204 -31.139263153076172 -0.8366290330886841 2.014282464981079 4.346441268920898 9.068503379821777 2.975741147994995 -13.153165817260742 -2.6825151443481445 3.929837942123413 -1.4553718566894531 4.064391136169434 4.50191068649292 -25.339832305908203 -3.8501298427581787 4.575179576873779 -56.90961456298828 -6.904226779937744 1.151026964187622 -50.445655822753906 16.381071090698242 3.659291982650757 -1.0286922454833984 6.039689064025879 2.7189674377441406 -12.050779342651367 3.2518463134765625 0.564548909664154 -21.222827911376953 -5.366528034210205 1.2392170429229736 -28.658100128173828 -9.392319679260254 0.6218562126159668 -14.405071258544922 -16.859399795532227 4.018687725067139 -1.7244224548339844 3.0610666275024414 4.154397010803223 -38.25529861450195 16.915851593017578 3.255398988723755 -3.6516036987304688 13.28120231628418 3.912353992462158 7.920873165130615 -10.191232681274414 3.8116536140441895 -51.86756134033203 14.386269569396973 2.9266409873962402 -33.197998046875 -8.480873107910156 3.4076809883117676 -38.437744140625 -13.265266418457031 2.6572837829589844 -10.368297576904297 -2.0202934741973877 2.0479867458343506 -66.60575866699219 -13.57638168334961 1.640248417854309 -29.73093032836914 4.1226396560668945 1.1029115915298462 -23.036426544189453 -12.421309471130371 2.1769092082977295 -16.046018600463867 8.55863094329834 4.471498489379883 -5.414012908935547 -11.546229362487793 1.3667011260986328 -41.31902313232422 6.3271965980529785 1.7905653715133667 5.68199348449707 -1.60773766040802 2.863558530807495 -38.91963195800781
AMB 1 30 117638 9.1 0.55 | 1.7888197898864746 0.9856007695198059 -6.859552383422852 4.796338081359863 | -14.429584503173828 1.3192070722579956 -68.35954284667969 | -13.901763916015625 0.9856007695198059 -68.35954284667969
AMB 51 30 533311 10.4 0.6000000000000001 | -9.301121711730957 3.7818033695220947 -57.64406204223633 3.8834915161132812 12.57420539855957 1.3589614629745483 -33.614444732666016 3.931337356567383 -3.610473871231079 1.4560669660568237 -60.00925827026367 2.5261709690093994 10.961668968200684 2.1242752075195312 -19.24492073059082 2.151667356491089 -9.230652809143066 0.7884628772735596 -10.559103012084961 2.3438355922698975 -9.599559783935547 3.0973124504089355 -59.964969635009766 1.4785184860229492 -6.383885383605957 0.8197740316390991 -36.34912872314453 0.7391940951347351 -14.086446762084961 2.754343032836914 -10.932354927062988 4.039632797241211 6.091187000274658 1.7771234512329102 0.6149505376815796 2.0218544006347656 14.748007774353027 3.6957619190216064 -48.26478958129883 1.9186937808990479 -9.219414710998535 4.904245376586914 3.1872220039367676 2.4458518028259277 14.989118576049805 1.704084873199463 -7.848893642425537 2.9255452156066895 9.8068265914917 4.501781940460205 -35.63148498535156 3.871042251586914 -14.698801040649414 4.100101947784424 -5.323624134063721 1.6135202646255493 -13.470900535583496 3.8614683151245117 -53.32099914550781 2.997509717941284 -14.941542625427246 4.509409427642822 -36.03599548339844 3.041468381881714 -0.8769897222518921 3.4507713317871094 -48.20713806152344 3.906174898147583 -9.435212135314941 4.617458343505859 -8.1334228515625 1.940955638885498 13.718497276306152 2.3816397190093994 6.590953350067139 5.656679630279541 -12.494304656982422 4.856015205383301 -68.9995346069336 0.6642991900444031 -2.8518738746643066 1.8432271480560303 -67.0544662475586 0.3257738947868347 16.504972457885742 2.863783836364746 -18.380264282226562 1.7832237482070923 16.68367576599121 3.205721378326416 -35.500144958496094 5.3706464767456055 -2.8159220218658447 2.068791389465332 1.8072470426559448 1.5898445844650269 13.493939399719238 3.652021646499634 -0.1386183500289917 5.506565093994141 -9.300360679626465 0.673069417476654 -68.03413391113281 2.028534412384033 -5.7884697914123535 3.8445897102355957 -13.169354438781738 5.481610298156738 5.886152744293213 4.941244125366211 -24.539987564086914 4.447646617889404 -1.6373920440673828 4.87459659576416 7.325749397277832 3.839036703109741 -3.6222968101501465 2.2014846801757812 -37.9370002746582 5.36762809753418 -0.4462886154651642 3.262669563293457 -55.106807708740234 2.009143590927124 6.798034191131592 3.2556049823760986 -26.62855339050293 6.22464656829834 13.339101791381836 3.0300681591033936 -7.983349800109863 1.3976871967315674 -11.393416404724121 4.377122402191162 -48.15934371948242 5.519690990447998 -5.281947612762451 3.0550968647003174 -13.509875297546387 2.1392250061035156 10.609478950500488 1.0723642110824585 -31.461137771606445 0.45184776186943054 -4.195892333984375 1.716616153717041 -6.767282962799072 5.498427867889404 1.2966898679733276 2.6461801528930664 -63.78931427001953 5.126378059387207 -6.232268333435059 2.3221805095672607 4.996143341064453 0.9287891387939453 -11.163398742675781 4.781622886657715 -13.009435653686523 4.231988430023193 10.38936996459961 2.5416619777679443 -51.162811279296875 3.2227237224578857 -13.297090530395508 3.07120680809021 -43.78010559082031 0.3558039665222168 9.92132568359375 2.6834003925323486 0.9076588153839111 0.26877155900001526 15.378568649291992 1.7717009782791138 -44.279808044433594 2.6201162338256836 -6.433747291564941 2.3210463523864746 -43.54022216796875 6.05295991897583 -7.011843204498291 2.681997537612915 -48.91093826293945 3.4244120121002197 13.731786727905273 1.3726346492767334 -29.420642852783203 0.394110769033432 -9.653643608093262 3.0348846912384033 7.457242012023926 0.8983196020126343 -11.847681045532227 2.212345838546753 -5.051755428314209 1.1706405878067017 -0.20555563271045685 4.667024612426758 -53.81035232543945 1.7105653285980225 -8.97117805480957 4.4438395500183105 2.9810609817504883 4.752099514007568 | -9.829751968383789 4.048827648162842 -39.644107818603516 12.059754371643066 1.6463830471038818 -15.614437103271484 -3.9998390674591064 1.1193150281906128 -42.00930404663086 10.766284942626953 1.9425979852676392 -1.2449147701263428 -9.530787467956543 0.5078732967376709 7.440896987915039 -9.398642539978027 3.348515272140503 -41.96501541137695 -5.854489326477051 1.085570216178894 -18.349130630493164 -14.5645112991333 3.077969789505005 7.067645072937012 -5.825735092163086 1.6783336400985718 -59.38507843017578 14.688874244689941 3.6678531169891357 -30.264829635620117 8.213919639587402 4.587085723876953 -56.81281280517578 -1.4670343399047852 1.4008241891860962 -67.8488998413086 9.274703979492188 4.763090133666992 -17.631484985351562 16.851701736450195 4.277196407318115 -65.32363891601562 -14.02509880065918 3.5864062309265137 -35.321044921875 -15.505309104919434 4.25441312789917 -18.035995483398438 -1.3990468978881836 3.7277822494506836 -30.207178115844727 7.656117916107178 4.5740485191345215 -68.13343048095703 3.058682918548584 2.0470848083496094 -53.409088134765625 -11.945262908935547 5.084853649139404 -50.99958038330078 -2.2536330223083496 1.855676531791687 -49.05451202392578 16.527019500732422 2.930267810821533 -0.380258709192276 16.922332763671875 2.9800994396209717 -17.50014305114746 -13.333104133605957 2.259976863861084 -58.192779541015625 11.30088996887207 3.3628413677215576 -60.138641357421875 -9.424589157104492 0.5698027014732361 -50.0341796875 -5.490321159362793 3.565605878829956 4.8306474685668945 5.591193675994873 5.260058403015137 -6.539977550506592 8.929179191589355 5.120474815368652 -52.674293518066406 -3.3853025436401367 1.9774821996688843 -19.9370059967041 -0.5591123104095459 3.1724464893341064 -37.10685348510742 7.369850158691406 3.021406650543213 -8.628541946411133 -9.095288276672363 3.3172237873077393 -67.98335266113281 -11.075660705566406 4.082866191864014 -30.159381866455078 -5.470258712768555 2.8809194564819336 4.490127086639404 11.197198867797852 1.1716841459274292 -13.461126327514648 5.843101501464844 1.43068265914917 -66.76728820800781 1.395127296447754 2.5725321769714355 -45.78936004638672 8.545612335205078 2.6533873081207275 -55.00389099121094 -11.563333511352539 5.131616592407227 4.990566253662109 9.797821998596191 2.388256311416626 -33.16285705566406 -12.7004976272583 3.104628801345825 -25.78013038635254 -8.576217651367188 2.6559789180755615 -59.092369079589844 14.948097229003906 1.4230592250823975 -26.279834747314453 -5.901386260986328 2.012953519821167 -25.540246963500977 -7.611503601074219 2.66438889503479 -30.910980224609375 14.325496673583984 1.4326248168945312 -11.420631408691406 1.752068281173706 3.358585834503174 -52.54280090332031 3.963193655014038 2.558176040649414 -65.05176544189453 -0.14003895223140717 4.782567024230957 -35.81039810180664 -7.405750274658203 4.622750282287598 -57.01897430419922 | -9.301121711730957 3.7818033695220947 -39.644107818603516 12.57420539855957 1.3589614629745483 -15.614437103271484 -3.610473871231079 1.4560669660568237 -42.00930404663086 10.961668968200684 2.1242752075195312 -1.2449147701263428 -9.230652809143066 0.7884628772735596 7.440896987915039 -9.599559783935547 3.0973124504089355 -41.96501541137695 -6.383885383605957 0.8197740316390991 -18.349130630493164 -14.086446762084961 2.754343032836914 7.067645072937012 -5.705430507659912 1.7771234512329102 -59.38507843017578 14.748007774353027 3.6957619190216064 -30.264829635620117 8.56540298461914 4.904245376586914 -56.81281280517578 -0.9308030009269714 1.704084873199463 -67.8488998413086 9.8068265914917 4.501781940460205 -17.631484985351562 16.72870445251465 4.100101947784424 -65.32363891601562 -13.470900535583496 3.8614683151245117 -35.321044921875 -14.941542625427246 4.509409427642822 -18.035995483398438 -0.8769897222518921 3.4507713317871094 -30.207178115844727 7.728527545928955 4.617458343505859 -68.13343048095703 2.6744015216827393 2.3816397190093994 -53.409088134765625 -12.494304656982422 4.856015205383301 -50.99958038330078 -2.8518738746643066 1.8432271480560303 -49.05451202392578 16.504972457885742 2.863783836364746 -0.380258709192276 16.68367576599121 3.205721378326416 -17.50014305114746 -13.469968795776367 2.068791389465332 -58.192779541015625 10.989842414855957 3.652021646499634 -60.138641357421875 -9.300360679626465 0.673069417476654 -50.0341796875 -5.7884697914123535 3.8445897102355957 4.8306474685668945 5.886152744293213 4.941244125366211 -6.539977550506592 9.469900131225586 4.87459659576416 -52.674293518066406 -3.6222968101501465 2.2014846801757812 -19.9370059967041 -0.4462886154651642 3.262669563293457 -37.10685348510742 6.798034191131592 3.2556049823760986 -8.628541946411133 -9.341198921203613 3.0300681591033936 -67.98335266113281 -11.393416404724121 4.377122402191162 -30.159381866455078 -5.281947612762451 3.0550968647003174 4.490127086639404 10.609478950500488 1.0723642110824585 -13.461126327514648 5.536238670349121 1.716616153717041 -66.76728820800781 1.2966898679733276 2.6461801528930664 -45.78936004638672 8.078920364379883 2.3221805095672607 -55.00389099121094 -11.163398742675781 4.781622886657715 4.990566253662109 10.38936996459961 2.5416619777679443 -33.16285705566406 -13.297090530395508 3.07120680809021 -25.78013038635254 -9.176102638244629 2.6834003925323486 -59.092369079589844 15.378568649291992 1.7717009782791138 -26.279834747314453 -6.433747291564941 2.3210463523864746 -25.540246963500977 -7.011843204498291 2.681997537612915 -30.910980224609375 13.731786727905273 1.3726346492767334 -11.420631408691406 1.274105191230774 3.0348846912384033 -52.54280090332031 3.600398302078247 2.212345838546753 -65.05176544189453 -0.20555563271045685 4.667024612426758 -35.81039810180664 -7.280984878540039 4.4438395500183105 -57.01897430419922
AMB 17 30 582160 11.700000000000001 0.65 | 6.000166893005371 2.002904176712036 1.7438795566558838 1.439919114112854 -10.67497444152832 3.164520502090454 0.296906977891922 3.2247066497802734 -1.722846269607544 1.8400944471359253 -63.9414176940918 5.802760124206543 7.075052261352539 4.040049076080322 -25.547460556030273 0.17289918661117554 -11.353869438171387 1.7751153707504272 3.0667312145233154 5.40034818649292 -11.941892623901367 4.036229133605957 2.3644211292266846 3.7165544033050537 3.922375440597534 4.333725452423096 -26.891990661621094 0.5853980779647827 -5.280370235443115 2.0418097972869873 -9.94763469696045 2.1427597999572754 -12.955510139465332 4.2459516525268555 -43.011566162109375 2.928007125854492 -10.328291893005371 3.537602663040161 4.024219036102295 4.7412567138671875 3.0937228202819824 4.680113792419434 -58.771827697753906 2.326698064804077 -15.528388023376465 3.6792805194854736 -24.914608001708984 0.6645306348800659 14.185413360595703 2.1033554077148438 -34.15156173706055 5.695915699005127 -9.075960159301758 1.3330990076065063 -12.570798873901367 3.3039605617523193 2.716470718383789 4.276652812957764 5.095407485961914 5.649771690368652 -4.429165363311768 3.894465923309326 -13.47350025177002 2.1890714168548584 -8.327760696411133 4.639373302459717 7.889106273651123 0.7847422957420349 | -2.2137653827667236 1.819285273551941 -56.75608825683594 14.900798797607422 3.455244779586792 -58.20306396484375 -1.1325823068618774 1.7888915538787842 -44.44137191772461 7.478329181671143 4.36090612411499 -6.0474700927734375 17.19794273376465 1.490085482597351 -55.43323516845703 -6.510164260864258 4.359525680541992 -56.13554382324219 4.11372184753418 4.654152870178223 -7.392001628875732 8.730850219726562 1.7177150249481201 -68.4476318359375 -13.496498107910156 4.377999782562256 -23.511547088623047 1.8139532804489136 3.2696895599365234 -54.475746154785156 2.50083065032959 4.425227642059326 -39.27178192138672 -15.382594108581543 3.9735116958618164 -5.414617538452148 14.783791542053223 1.9798924922943115 -14.651567459106445 -9.483893394470215 1.6509400606155396 6.929199695587158 -1.3949412107467651 4.123533725738525 -53.40455627441406 -5.003818511962891 3.5839827060699463 6.026497840881348 2.8761560916900635 4.880007743835449 -50.61084747314453 | -1.9104758501052856 2.002904176712036 -56.75608825683594 15.34228515625 3.164520502090454 -58.20306396484375 -1.722846269607544 1.8400944471359253 -44.44137191772461 7.075052261352539 4.040049076080322 -6.0474700927734375 16.612668991088867 1.7751153707504272 -55.43323516845703 -6.312893390655518 4.036229133605957 -56.13554382324219 3.922375440597534 4.333725452423096 -7.392001628875732 9.29689884185791 2.0418097972869873 -68.4476318359375 -12.955510139465332 4.2459516525268555 -23.511547088623047 1.4321762323379517 3.537602663040161 -54.475746154785156 3.0937228202819824 4.680113792419434 -39.27178192138672 -15.528388023376465 3.6792805194854736 -5.414617538452148 14.185413360595703 2.1033554077148438 -14.651567459106445 -9.075960159301758 1.3330990076065063 6.929199695587158 -1.994715929031372 4.276652812957764 -53.40455627441406 -4.429165363311768 3.894465923309326 6.026497840881348 2.801210880279541 4.639373302459717 -50.61084747314453
AMB 29 30 247226 13 0.7 | -8.511962890625 0.9605500102043152 -51.7352180480957 4.101800441741943 16.969223022460938 1.1074285507202148 -5.087248802185059 5.872554779052734 4.502721786499023 4.900638580322266 -59.41292953491211 3.9595513343811035 12.041441917419434 1.1002098321914673 -36.88478469848633 1.7649409770965576 5.338878154754639 3.067138195037842 -20.333389282226562 0.5631670951843262 -1.7681012153625488 2.159377336502075 -35.274173736572266 0.4626592695713043 -2.2760777473449707 0.4024510085582733 4.460364818572998 4.242128849029541 -6.217390537261963 3.3113081455230713 -44.00029754638672 0.21306690573692322 -15.788722038269043 4.611439228057861 -40.228633880615234 4.273611068725586 -12.447007179260254 2.5467376708984375 -31.080032348632812 0.5624449849128723 2.327458620071411 3.211822032928467 3.347740411758423 0.4941546618938446 -4.741541862487793 2.1796188354492188 -3.077491283416748 4.345292568206787 15.506489753723145 3.103015661239624 -65.0948486328125 2.398878574371338 16.01881980895996 2.704148292541504 -30.15341567993164 0.10250383615493774 16.881155014038086 4.6797308921813965 -60.4549674987793 4.146232604980469 9.611417770385742 1.044020175933838 7.058492183685303 4.639398574829102 -12.846556663513184 3.8930304050445557 -62.31041717529297 5.719018459320068 11.662397384643555 3.439222812652588 -47.690086364746094 5.811295032501221 13.990248680114746 2.255375862121582 -33.43943786621094 1.5347402095794678 9.194055557250977 2.2096166610717773 -41.74203872680664 5.78460168838501 2.8267741203308105 4.577792167663574 -18.443275451660156 4.281264781951904 7.295020580291748 3.6891658306121826 -20.346118927001953 5.369682788848877 14.331480026245117 4.925946235656738 -45.8392219543457 1.1688506603240967 4.135244846343994 0.9015569686889648 5.55574369430542 0.24446751177310944 -3.105123996734619 2.7603816986083984 -39.44857406616211 3.752255916595459 -13.264198303222656 4.787935733795166 -7.791436672210693 5.669952869415283 -9.20073413848877 0.5334726572036743 -67.1528091430664 4.858110427856445 7.145183086395264 3.4509565830230713 -17.905698776245117 1.972791075706482 5.003473281860352 3.9359583854675293 -2.5637400150299072 5.225139617919922 | -8.020368576049805 0.6617909073829651 -30.73519515991211 -10.129986763000488 1.4536008834838867 -62.0872688293457 4.940581798553467 4.665063381195068 -38.412906646728516 11.452716827392578 0.9295696020126343 -15.88476276397705 5.018547058105469 2.987765073776245 0.6666122078895569 -2.0359106063842773 2.1496641635894775 -14.274153709411621 9.882442474365234 0.06487917900085449 -52.53964614868164 -6.344278335571289 3.470264196395874 -23.000274658203125 -15.245553970336914 4.268719673156738 -19.22861099243164 -12.766971588134766 2.4678568840026855 -10.080018043518066 13.906609535217285 3.1801044940948486 -53.65227127075195 -6.5669846534729 1.8302689790725708 -60.0775146484375 15.100726127624512 3.343783140182495 -44.09482955932617 15.957411766052246 2.9276254177093506 -9.153402328491211 17.387542724609375 4.365969657897949 -39.4549446105957 -1.7737923860549927 0.7415526509284973 -49.9415168762207 -12.525740623474121 4.207406520843506 -41.310394287109375 11.935128211975098 3.776491403579712 -26.6900634765625 13.39063835144043 1.9667301177978516 -12.439420700073242 9.480953216552734 2.5414133071899414 -20.742015838623047 3.371877670288086 4.234025955200195 2.5567238330841064 7.770001411437988 3.830930471420288 0.6538825631141663 13.77929401397705 4.578929424285889 -24.83919906616211 10.138846397399902 1.0406297445297241 -51.44426727294922 -2.7610666751861572 2.649034023284912 -18.448551177978516 3.33168888092041 5.085726737976074 -64.79145812988281 -8.607094764709473 0.33408352732658386 -46.152801513671875 6.593019008636475 3.4182534217834473 3.094299793243408 -10.507499694824219 3.98061466217041 -59.56375503540039 | -8.511962890625 0.9605500102043152 -30.73519515991211 -10.369486808776855 1.1074285507202148 -62.0872688293457 4.502721786499023 4.900638580322266 -38.412906646728516 12.041441917419434 1.1002098321914673 -15.88476276397705 5.338878154754639 3.067138195037842 0.6666122078895569 -1.7681012153625488 2.159377336502075 -14.274153709411621 9.347566604614258 0.4024510085582733 -52.53964614868164 -6.217390537261963 3.3113081455230713 -23.000274658203125 -15.788722038269043 4.611439228057861 -19.22861099243164 -12.447007179260254 2.5467376708984375 -10.080018043518066 14.191193580627441 3.211822032928467 -53.65227127075195 -7.127013206481934 2.1796188354492188 -60.0775146484375 15.506489753723145 3.103015661239624 -44.09482955932617 16.01881980895996 2.704148292541504 -9.153402328491211 16.881155014038086 4.6797308921813965 -39.4549446105957 -2.3721957206726074 1.044020175933838 -49.9415168762207 -12.846556663513184 3.8930304050445557 -41.310394287109375 11.662397384643555 3.439222812652588 -26.6900634765625 13.990248680114746 2.255375862121582 -12.439420700073242 9.194055557250977 2.2096166610717773 -20.742015838623047 2.8267741203308105 4.577792167663574 2.5567238330841064 7.295020580291748 3.6891658306121826 0.6538825631141663 14.331480026245117 4.925946235656738 -24.83919906616211 10.284083366394043 0.9015569686889648 -51.44426727294922 -3.105123996734619 2.7603816986083984 -18.448551177978516 2.986391305923462 4.787935733795166 -64.79145812988281 -9.20073413848877 0.5334726572036743 -46.152801513671875 7.145183086395264 3.4509565830230713 3.094299793243408 -11.030332565307617 3.9359583854675293 -59.56375503540039
AMB 60 30 953128 14.3 0.75 | 9.772305488586426 4.259053707122803 -40.599857330322266 1.2361538410186768 4.572800636291504 4.960977554321289 3.8012592792510986 3.000480890274048 -11.64128589630127 1.847894549369812 -22.395259857177734 1.981839656829834 -9.273197174072266 1.6391136646270752 -66.24366760253906 2.3314273357391357 16.333589553833008 1.1419967412948608 -16.8586368560791 4.793200492858887 -11.770134925842285 0.44093218445777893 -65.94893646240234 1.308739185333252 14.210325241088867 1.1257860660552979 -42.00822830200195 4.211867809295654 -7.4282732009887695 1.8510113954544067 -12.941157341003418 5.910654067993164 -5.176017761230469 4.141906261444092 -63.583274841308594 0.9862639307975769 14.794118881225586 4.498782634735107 -14.6753511428833 4.359488487243652 15.613212585449219 1.2206032276153564 -21.272655487060547 0.9623342156410217 15.423614501953125 3.831472158432007 -49.79542541503906 0.1794225573539734 -1.8456203937530518 2.3750851154327393 -50.05450439453125 3.8502399921417236 -11.508039474487305 3.095928907394409 -36.00672149658203 6.126990795135498 -5.045285224914551 1.4401434659957886 -3.5161540508270264 2.2431674003601074 13.515859603881836 0.5057352781295776 -37.57468032836914 6.059178352355957 1.4743396043777466 2.8153276443481445 -36.565589904785156 4.271773338317871 -2.0844485759735107 0.8899279832839966 -0.8905454874038696 3.2300848960876465 -14.21412181854248 3.908698320388794 -53.8056755065918 2.9426522254943848 -9.811652183532715 0.6776172518730164 -47.17791748046875 0.6492931246757507 2.9232349395751953 2.587503433227539 1.0379233360290527 4.4539408683776855 3.2657968997955322 4.903013229370117 -69.57552337646484 1.1247212886810303 -2.1875879764556885 0.48385897278785706 -53.32549285888672 4.042444229125977 -4.024803161621094 2.105954170227051 -67.10003662109375 3.7120022773742676 8.105382919311523 2.759877920150757 -62.01168441772461 5.760665416717529 5.806612968444824 2.59913969039917 -33.37852096557617 2.9881420135498047 4.584957599639893 4.263153076171875 -33.17958450317383 4.52292537689209 -7.217875957489014 3.927765130996704 -23.37021255493164 4.638617992401123 6.30286169052124 0.7145439982414246 -58.18008041381836 1.4555586576461792 -14.89486312866211 0.9013586640357971 1.7340790033340454 1.2058544158935547 -0.11314657330513 2.825774669647217 -68.585693359375 0.8984299302101135 4.2305006980896 2.732483386993408 -47.915924072265625 4.669797420501709 -10.630303382873535 2.4652581214904785 -47.07893753051758 5.975398063659668 -10.246393203735352 1.7036247253417969 -35.73134231567383 4.031777858734131 -7.359436988830566 2.5105130672454834 -3.711728096008301 5.58341646194458 -0.23103755712509155 1.8225884437561035 -1.1295247077941895 4.882989406585693 0.6427628993988037 0.5287058353424072 -31.750102996826172 6.212928771972656 2.5651304721832275 2.807924747467041 -64.19025421142578 5.454880714416504 14.822999954223633 2.522606134414673 -64.26651000976562 2.1811540126800537 -6.419899940490723 1.6315399408340454 -56.69102096557617 3.2142326831817627 3.889293670654297 4.037308692932129 -48.500450134277344 4.452979564666748 15.708646774291992 2.1461310386657715 -6.101164817810059 2.5172629356384277 -5.344478607177734 3.0683906078338623 -10.652795791625977 1.1240451335906982 -1.4656040668487549 0.6719567775726318 -30.06241798400879 3.625257730484009 13.728163719177246 2.128208637237549 -67.53791809082031 1.563636064529419 -12.306339263916016 0.40264442563056946 -69.35273742675781 5.879225254058838 7.6016387939453125 3.081465005874634 -11.636198043823242 4.6817169189453125 -12.812260627746582 4.535144805908203 -0.6092238426208496 4.178590774536133 8.011730194091797 0.6229920983314514 -47.2890510559082 1.8202149868011475 10.309328079223633 3.5127646923065186 -4.491734981536865 4.662156105041504 -10.025588035583496 1.5956989526748657 -52.718624114990234 1.7665936946868896 -3.9344370365142822 0.9842671155929565 -17.406654357910156 2.020582914352417 -5.591141223907471 3.0068225860595703 6.87783670425415 5.072854995727539 9.62824821472168 4.952615261077881 -35.920082092285156 4.200692176818848 -6.476111888885498 2.154750108718872 -7.918948650360107 5.809587478637695 2.4173688888549805 3.1148388385772705 -33.75050735473633 3.186739206314087 -8.275802612304688 4.515450954437256 -7.249354839324951 4.54770040512085 14.88683795928955 2.3886935710906982 -35.673091888427734 4.767099857330322 1.9228426218032837 2.0583558082580566 -24.933631896972656 0.2087281346321106 0.10778048634529114 2.145280599594116 -22.70992088317871 0.8324886560440063 | 9.268914222717285 4.211306095123291 -18.099857330322266 10.522799491882324 4.874313831329346 -51.69873809814453 -11.789571762084961 2.1897408962249756 0.10474014282226562 -9.213382720947266 1.9490914344787598 -43.74366760253906 16.662385940551758 1.3658788204193115 5.641363143920898 -12.248522758483887 0.4438450038433075 -43.448936462402344 14.760717391967773 0.9677111506462097 -19.508228302001953 3.352041244506836 1.9248709678649902 -68.44115447998047 -5.744514465332031 3.933835744857788 -41.083274841308594 15.303387641906738 4.438408851623535 7.824648857116699 15.040287971496582 0.9993066191673279 1.2273445129394531 14.891792297363281 3.5592148303985596 -27.295425415039062 -1.2463078498840332 2.0499143600463867 -27.55450439453125 -11.918700218200684 3.0195322036743164 -13.506721496582031 12.204716682434082 1.7738442420959473 -59.016151428222656 13.135784149169922 0.47622236609458923 -15.07468032836914 2.00944185256958 2.6957099437713623 -14.065589904785156 -14.15644645690918 0.661939799785614 -56.39054870605469 -13.822529792785645 3.861745834350586 -31.305675506591797 -10.411612510681152 0.33940115571022034 -24.67791748046875 -6.550759315490723 2.592942476272583 -54.462074279785156 2.7292208671569824 4.779811382293701 -47.075523376464844 -1.6047961711883545 0.2309739887714386 -30.82549285888672 -3.4272513389587402 1.7577897310256958 -44.60003662109375 7.87865686416626 2.9315345287323 -39.51168441772461 6.218472480773926 2.520869731903076 -10.878520965576172 5.035820007324219 4.3166704177856445 -10.679584503173828 -6.815726280212402 4.059176921844482 -0.8702125549316406 5.882598400115967 0.8186317086219788 -35.68008041381836 10.466374397277832 0.8327003121376038 -53.76592254638672 -0.6962820887565613 2.571720838546753 -46.085693359375 4.6185736656188965 2.883855104446411 -25.415924072265625 -10.970194816589355 2.4943227767944336 -24.578937530517578 -9.662113189697266 1.4456357955932617 -13.231342315673828 -1.3460144996643066 2.7773728370666504 -59.21173095703125 -0.49176672101020813 2.0909228324890137 -56.62952423095703 0.19607095420360565 0.3950174152851105 -9.250102996826172 2.5161545276641846 3.123593330383301 -41.69025421142578 14.792762756347656 2.866802930831909 -41.766510009765625 -5.920713424682617 1.4120843410491943 -34.19102096557617 4.3667216300964355 4.042074680328369 -26.000450134277344 -7.251421928405762 2.375920057296753 -61.601165771484375 13.788337707519531 2.9447455406188965 -66.15279388427734 -0.8749898076057434 0.32283931970596313 -7.562417984008789 13.356544494628906 2.301544189453125 -45.03791809082031 -12.59718132019043 0.49784865975379944 -46.85273742675781 -8.692816734313965 3.240316152572632 -67.13619995117188 4.5552825927734375 4.35665225982666 -56.109222412109375 7.7718186378479 0.9232760667800903 -24.789051055908203 13.540225982666016 3.6592962741851807 -59.991737365722656 -10.294629096984863 1.8750120401382446 -30.218624114990234 -4.060092449188232 1.3309017419815063 5.093345642089844 16.658462524414062 3.339337110519409 -48.622161865234375 10.181275367736816 4.787600994110107 -13.420082092285156 -1.4357906579971313 2.2957894802093506 -63.4189453125 2.9072155952453613 2.9106996059417725 -11.250507354736328 6.786880970001221 4.586034297943115 -62.749351501464844 15.228619575500488 2.598233461380005 -13.173091888427734 1.383109450340271 1.7736821174621582 -2.4336318969726562 -0.4833954870700836 1.8617751598358154 -0.20992088317871094 | 9.772305488586426 4.259053707122803 -18.099857330322266 10.10558795928955 4.960977554321289 -51.69873809814453 -11.64128589630127 1.847894549369812 0.10474014282226562 -9.273197174072266 1.6391136646270752 -43.74366760253906 16.333589553833008 1.1419967412948608 5.641363143920898 -11.770134925842285 0.44093218445777893 -43.448936462402344 14.210325241088867 1.1257860660552979 -19.508228302001953 3.6592304706573486 1.8510113954544067 -68.44115447998047 -5.176017761230469 4.141906261444092 -41.083274841308594 14.794118881225586 4.498782634735107 7.824648857116699 15.613212585449219 1.2206032276153564 1.2273445129394531 15.423614501953125 3.831472158432007 -27.295425415039062 -1.8456203937530518 2.3750851154327393 -27.55450439453125 -11.508039474487305 3.095928907394409 -13.506721496582031 12.197758674621582 1.4401434659957886 -59.016151428222656 13.515859603881836 0.5057352781295776 -15.07468032836914 1.4743396043777466 2.8153276443481445 -14.065589904785156 -14.660846710205078 0.8899279832839966 -56.39054870605469 -14.21412181854248 3.908698320388794 -31.305675506591797 -9.811652183532715 0.6776172518730164 -24.67791748046875 -7.02783727645874 2.587503433227539 -54.462074279785156 3.2657968997955322 4.903013229370117 -47.075523376464844 -2.1875879764556885 0.48385897278785706 -30.82549285888672 -4.024803161621094 2.105954170227051 -44.60003662109375 8.105382919311523 2.759877920150757 -39.51168441772461 5.806612968444824 2.59913969039917 -10.878520965576172 4.584957599639893 4.263153076171875 -10.679584503173828 -7.217875957489014 3.927765130996704 -0.8702125549316406 6.30286169052124 0.7145439982414246 -35.68008041381836 10.979425430297852 0.9013586640357971 -53.76592254638672 -0.11314657330513 2.825774669647217 -46.085693359375 4.2305006980896 2.732483386993408 -25.415924072265625 -10.630303382873535 2.4652581214904785 -24.578937530517578 -10.246393203735352 1.7036247253417969 -13.231342315673828 -1.2207900285720825 2.5105130672454834 -59.21173095703125 -0.7742342948913574 1.8225884437561035 -56.62952423095703 0.6427628993988037 0.5287058353424072 -9.250102996826172 2.5651304721832275 2.807924747467041 -41.69025421142578 14.822999954223633 2.522606134414673 -41.766510009765625 -6.419899940490723 1.6315399408340454 -34.19102096557617 3.889293670654297 4.037308692932129 -26.000450134277344 -7.420515060424805 2.1461310386657715 -61.601165771484375 14.325095176696777 3.0683906078338623 -66.15279388427734 -1.4656040668487549 0.6719567775726318 -7.562417984008789 13.728163719177246 2.128208637237549 -45.03791809082031 -12.306339263916016 0.40264442563056946 -46.85273742675781 -9.075407981872559 3.081465005874634 -67.13619995117188 3.9972472190856934 4.535144805908203 -56.109222412109375 8.011730194091797 0.6229920983314514 -24.789051055908203 13.148667335510254 3.5127646923065186 -59.991737365722656 -10.025588035583496 1.5956989526748657 -30.218624114990234 -3.9344370365142822 0.9842671155929565 5.093345642089844 16.480974197387695 3.0068225860595703 -48.622161865234375 9.62824821472168 4.952615261077881 -13.420082092285156 -1.1821696758270264 2.154750108718872 -63.4189453125 2.4173688888549805 3.1148388385772705 -11.250507354736328 6.345963954925537 4.515450954437256 -62.749351501464844 14.88683795928955 2.3886935710906982 -13.173091888427734 1.9228426218032837 2.0583558082580566 -2.4336318969726562 0.10778048634529114 2.145280599594116 -0.20992088317871094
AMB 39 30 668884 15.600000000000001 0.8 | -2.3717446327209473 3.699446439743042 2.628720998764038 5.424644470214844 -2.9563395977020264 3.4555091857910156 -47.76528549194336 3.1440601348876953 6.718263626098633 4.119351863861084 -33.01693344116211 0.2686071991920471 -5.63090705871582 3.3534045219421387 -24.154613494873047 4.452644348144531 -16.368406295776367 0.8454145789146423 -65.99903869628906 0.7156044244766235 16.505971908569336 2.584568977355957 3.7559022903442383 4.196730136871338 -16.51331901550293 2.3313403129577637 -23.87413215637207 5.456443786621094 -9.651798248291016 4.308372497558594 -69.24960327148438 2.7913949489593506 -7.602443218231201 3.1376798152923584 -27.40131187438965 3.4544925689697266 14.44791316986084 2.4361181259155273 -18.819683074951172 4.654393672943115 5.519400596618652 2.61565899848938 -47.04111862182617 4.950153827667236 -13.214035987854004 2.7842905521392822 -28.638769149780273 0.8095532059669495 14.448466300964355 1.2410433292388916 -68.33782196044922 3.0606234073638916 -15.351190567016602 1.6629605293273926 -9.985495567321777 4.272603511810303 13.03779125213623 0.8372834324836731 -33.145992279052734 1.782906413078308 6.286102771759033 1.6609787940979004 -45.162052154541016 0.7299156188964844 -12.542311668395996 1.9116096496582031 -34.12419891357422 0.061136644333601 1.6519368886947632 3.4157052040100098 -15.053658485412598 1.2267053127288818 5.757171630859375 3.196347951889038 -7.616870880126953 0.37749436497688293 -14.87386417388916 3.1137773990631104 -5.700603485107422 0.7103137373924255 -1.5460619926452637 1.1987091302871704 -34.06410598754883 5.808617115020752 -5.8150105476379395 3.477278232574463 -22.216936111450195 1.3995275497436523 8.318062782287598 2.6755733489990234 -56.50967788696289 6.163573741912842 8.259840965270996 0.6381595730781555 -14.82585620880127 4.719773292541504 1.5408324003219604 1.4165761470794678 -50.560298919677734 1.2856425046920776 0.05663114786148071 2.8950235843658447 -37.74333572387695 1.9620959758758545 14.231837272644043 3.352771520614624 -18.376550674438477 2.560061454772949 10.964432716369629 2.050565481185913 -34.189605712890625 3.373291254043579 12.066460609436035 0.8677626252174377 -22.505596160888672 5.8076348304748535 3.86342453956604 3.0082149505615234 -57.35298156738281 0.0021136037539690733 16.098464965820312 0.8346680402755737 -10.948647499084473 5.519564628601074 5.985297203063965 1.7855476140975952 -7.2796244621276855 4.056789398193359 12.151897430419922 4.419539928436279 -14.708745002746582 0.7796748876571655 -4.754998683929443 4.712226867675781 7.767493724822998 0.6506994962692261 -1.3568403720855713 1.5866633653640747 -62.83784484863281 2.484557628631592 11.931983947753906 0.6119582056999207 -68.87879943847656 3.6078073978424072 -7.812456130981445 1.6171613931655884 -7.036566257476807 0.4147180914878845 0.9263561964035034 1.4779703617095947 -7.369866371154785 0.6483877301216125 14.372888565063477 3.925102472305298 -63.504058837890625 1.190259337425232 | 12.414929389953613 3.614431142807007 -51.37126922607422 -2.375244379043579 3.1326730251312256 -23.765308380126953 6.196927070617676 3.9097888469696045 -9.016947746276855 -5.624595642089844 3.700547933578491 -0.15461839735507965 -16.710140228271484 0.9327019453048706 -41.999053955078125 11.870660781860352 2.865370035171509 -50.24409484863281 -17.01601219177246 2.2249186038970947 0.12586365640163422 -9.054854393005371 3.9749231338500977 -45.249603271484375 -7.094768524169922 2.9537389278411865 -3.401319742202759 14.33387279510498 2.772905111312866 5.180317401885986 5.238619327545166 2.842104434967041 -23.041141510009766 -13.5079984664917 2.9333536624908447 -4.638777732849121 15.039993286132812 0.9002363085746765 -44.337825775146484 -12.513120651245117 1.972117304801941 -63.985477447509766 13.304878234863281 1.0771180391311646 -9.14600658416748 5.951461315155029 1.7579303979873657 -21.16207504272461 -13.113645553588867 1.6068201065063477 -10.124214172363281 13.488110542297363 3.7504286766052246 -69.05364990234375 -10.71178913116455 3.0523011684417725 -61.61684799194336 -9.9591703414917 3.1974735260009766 -59.700592041015625 -2.130892515182495 0.901705265045166 -10.06412124633789 -5.768283843994141 3.8268563747406006 1.7830612659454346 7.723095893859863 2.3296308517456055 -32.509700775146484 10.051946640014648 0.9596507549285889 -68.82585144042969 1.519280195236206 1.7610046863555908 -26.560321807861328 0.41520118713378906 3.0302090644836426 -13.743355751037598 14.799013137817383 3.1018495559692383 5.623450756072998 11.496373176574707 1.8208988904953003 -10.189620971679688 11.481761932373047 0.5711230635643005 1.4944005012512207 3.2822763919830322 2.6852831840515137 -33.353004455566406 5.110529899597168 0.6871123909950256 -64.94862365722656 8.690662384033203 1.997707486152649 -61.27960968017578 -16.58839988708496 4.54942512512207 -68.708740234375 2.350895643234253 4.754905700683594 -46.23250198364258 -0.8060452342033386 1.3753035068511963 -38.837867736816406 12.384866714477539 0.5264773964881897 -44.87879943847656 -12.768954277038574 1.497239351272583 -61.03654479980469 14.260185241699219 1.5190423727035522 -61.369850158691406 14.294327735900879 4.25148868560791 -39.50408172607422 | 12.906953811645508 3.699446439743042 -51.37126922607422 -2.9563395977020264 3.4555091857910156 -23.765308380126953 6.718263626098633 4.119351863861084 -9.016947746276855 -5.63090705871582 3.3534045219421387 -0.15461839735507965 -16.368406295776367 0.8454145789146423 -41.999053955078125 11.712685585021973 2.584568977355957 -50.24409484863281 -16.51331901550293 2.3313403129577637 0.12586365640163422 -9.651798248291016 4.308372497558594 -45.249603271484375 -7.602443218231201 3.1376798152923584 -3.401319742202759 14.44791316986084 2.4361181259155273 5.180317401885986 5.519400596618652 2.61565899848938 -23.041141510009766 -13.214035987854004 2.7842905521392822 -4.638777732849121 14.448466300964355 1.2410433292388916 -44.337825775146484 -12.626766204833984 1.6629605293273926 -63.985477447509766 13.03779125213623 0.8372834324836731 -9.14600658416748 6.286102771759033 1.6609787940979004 -21.16207504272461 -12.542311668395996 1.9116096496582031 -10.124214172363281 13.544944763183594 3.4157052040100098 -69.05364990234375 -10.225815773010254 3.196347951889038 -61.61684799194336 -9.614831924438477 3.1137773990631104 -59.700592041015625 -1.5460619926452637 1.1987091302871704 -10.06412124633789 -5.8150105476379395 3.477278232574463 1.7830612659454346 8.318062782287598 2.6755733489990234 -32.509700775146484 10.204228401184082 0.6381595730781555 -68.82585144042969 1.5408324003219604 1.4165761470794678 -26.560321807861328 0.05663114786148071 2.8950235843658447 -13.743355751037598 14.231837272644043 3.352771520614624 5.623450756072998 10.964432716369629 2.050565481185913 -10.189620971679688 12.066460609436035 0.8677626252174377 1.4944005012512207 3.86342453956604 3.0082149505615234 -33.353004455566406 5.6328840255737305 0.8346680402755737 -64.94862365722656 8.45349407196045 1.7855476140975952 -61.27960968017578 -16.27894401550293 4.419539928436279 -68.708740234375 2.7238967418670654 4.712226867675781 -46.23250198364258 -1.3568403720855713 1.5866633653640747 -38.837867736816406 11.931983947753906 0.6119582056999207 -44.87879943847656 -12.29641342163086 1.6171613931655884 -61.03654479980469 14.634271621704102 1.4779703617095947 -61.369850158691406 14.372888565063477 3.925102472305298 -39.50408172607422
AMB 6 30 288942 16.900000000000002 0.8500000000000001 | -14.518043518066406 2.289515495300293 -4.778623580932617 4.176717758178711 11.872822761535645 2.9843828678131104 -42.5192756652832 6.025496959686279 -12.840740203857422 3.6953823566436768 -44.84898376464844 3.5263679027557373 -2.123366117477417 2.9453091621398926 -48.221744537353516 0.7895339727401733 1.814769983291626 2.400588035583496 -39.38323211669922 0.5363559722900391 13.563706398010254 4.612809658050537 -66.26888275146484 4.938549518585205 | -11.08525276184082 2.5455355644226074 -57.278648376464844 11.500579833984375 2.8928725719451904 -17.019287109375 -12.824665069580078 3.993692398071289 -19.349000930786133 -1.901949167251587 3.2836251258850098 -22.721769332885742 1.8894470930099487 2.73994517326355 -13.883235931396484 12.973989486694336 4.3864874839782715 -40.76892852783203 | -10.734898567199707 2.289515495300293 -57.278648376464844 11.872822761535645 2.9843828678131104 -17.019287109375 -12.840740203857422 3.6953823566436768 -19.349000930786133 -2.123366117477417 2.9453091621398926 -22.721769332885742 1.814769983291626 2.400588035583496 -13.883235931396484 13.563706398010254 4.612809658050537 -40.76892852783203
AMB 31 30 35094 18.2 0.9000000000000001 | 14.052392959594727 2.8232953548431396 -23.136550903320312 5.4674835205078125 -0.7108845114707947 2.248189926147461 -27.9271240234375 0.4479701817035675 -0.9945197105407715 1.1761424541473389 -5.394039154052734 0.5103433728218079 -11.028831481933594 2.300548553466797 -5.7612762451171875 5.813625812530518 3.6604082584381104 1.3842799663543701 -7.892194747924805 2.943551540374756 0.28006166219711304 4.8195576667785645 -63.86064529418945 0.6998404264450073 -6.348973751068115 3.725010395050049 2.336643934249878 0.2367643415927887 9.732807159423828 4.949100494384766 -44.31767654418945 1.5404143333435059 1.5605605840682983 4.569068908691406 -45.47823715209961 0.27679383754730225 -2.2344093322753906 2.0141491889953613 -56.43809509277344 4.842364311218262 16.680347442626953 3.9270150661468506 -29.166852951049805 0.8173463344573975 -16.672229766845703 3.0559234619140625 -31.581111907958984 4.50156831741333 11.943460464477539 1.3239694833755493 -58.47715759277344 3.8583879470825195 -8.430208206176758 3.1717755794525146 -26.521472930908203 3.232708215713501 15.837296485900879 3.413330316543579 -56.212650299072266 1.8890278339385986 11.611289024353027 4.982492446899414 -27.910228729248047 2.4968249797821045 16.424081802368164 1.1527351140975952 -56.36391830444336 6.163536548614502 -16.23297691345215 3.4887568950653076 3.344179391860962 3.043888568878174 -6.106235980987549 4.441775798797607 -62.483524322509766 5.602359771728516 -12.882186889648438 0.6016147136688232 4.717109680175781 4.313664436340332 -6.4704813957214355 2.8903510570526123 -24.776174545288086 3.734309434890747 10.741641998291016 2.790794849395752 -21.245433807373047 3.461043357849121 10.66583251953125 4.378045082092285 -53.55730438232422 3.752473831176758 -9.493806838989258 0.4862212836742401 -30.506637573242188 3.024742364883423 -3.9524855613708496 1.9174834489822388 -11.588582992553711 4.388245105743408 8.396018981933594 4.562661170959473 -52.71739959716797 3.282366991043091 -6.828233242034912 3.1107146739959717 -22.288999557495117 5.940166473388672 -2.763915777206421 4.431359767913818 -5.154874801635742 6.17963171005249 9.735830307006836 1.6661796569824219 -12.238702774047852 1.5553009510040283 -2.641052484512329 2.30679988861084 -27.831165313720703 5.770315170288086 10.071951866149902 4.4572319984436035 -37.986568450927734 0.5121572017669678 | 13.86520767211914 2.840592384338379 3.8634438514709473 -0.224094957113266 2.4355287551879883 -0.9271318912506104 -14.574784278869629 1.3252408504486084 -56.394012451171875 7.140169620513916 2.5369949340820312 -56.761253356933594 -10.441320419311523 1.7200595140457153 -58.892173767089844 0.8389081358909607 4.840918064117432 -36.860599517822266 11.879484176635742 4.01708459854126 -48.66332244873047 10.268278121948242 4.599525451660156 -17.317663192749023 1.9804859161376953 4.844784259796143 -18.478221893310547 -2.7197890281677246 1.68783438205719 -29.43805503845215 17.260942459106445 3.866441249847412 -2.166861057281494 -17.24758529663086 2.7227773666381836 -4.581121444702148 11.38099193572998 1.333473563194275 -31.477113723754883 -8.763797760009766 3.506932020187378 0.47852009534835815 16.248092651367188 3.1564083099365234 -29.21261215209961 11.698779106140137 5.1159820556640625 -0.9102365970611572 16.645954132080078 1.4998157024383545 -29.36387825012207 -14.634244918823242 3.837482452392578 -47.655784606933594 -6.2150678634643555 4.551606178283691 -35.48347854614258 -10.502735137939453 0.33110058307647705 -46.28285217285156 -7.002775192260742 2.9854986667633057 2.2238192558288574 10.303823471069336 3.0471365451812744 5.754561901092529 10.128597259521484 4.4608964920043945 -26.55727195739746 -9.717238426208496 0.833548903465271 -3.5066466331481934 -3.1217479705810547 1.616969108581543 -62.58856964111328 8.038084983825684 4.886166572570801 -25.71736717224121 -6.735361576080322 3.4042434692382812 4.710995674133301 15.938508987426758 4.779712677001953 -56.15485382080078 -9.444707870483398 1.3172729015350342 -63.23869323730469 -2.64971661567688 2.5200345516204834 -0.8311731815338135 10.580238342285156 4.605180740356445 -10.986568450927734 | 14.052392959594727 2.8232953548431396 3.8634438514709473 -0.7108845114707947 2.248189926147461 -0.9271318912506104 -15.082490921020508 1.1761424541473389 -56.394012451171875 7.122849941253662 2.300548553466797 -56.761253356933594 -10.263785362243652 1.3842799663543701 -58.892173767089844 0.28006166219711304 4.8195576667785645 -36.860599517822266 11.477046012878418 3.725010395050049 -48.66332244873047 9.732807159423828 4.949100494384766 -17.317663192749023 1.5605605840682983 4.569068908691406 -18.478221893310547 -2.2344093322753906 2.0141491889953613 -29.43805503845215 16.680347442626953 3.9270150661468506 -2.166861057281494 -16.672229766845703 3.0559234619140625 -4.581121444702148 11.943460464477539 1.3239694833755493 -31.477113723754883 -8.430208206176758 3.1717755794525146 0.47852009534835815 15.837296485900879 3.413330316543579 -29.21261215209961 11.611289024353027 4.982492446899414 -0.9102365970611572 16.424081802368164 1.1527351140975952 -29.36387825012207 -14.400193214416504 3.4887568950653076 -47.655784606933594 -6.106235980987549 4.441775798797607 -35.48347854614258 -9.905714988708496 0.6016147136688232 -46.28285217285156 -6.4704813957214355 2.8903510570526123 2.2238192558288574 10.741641998291016 2.790794849395752 5.754561901092529 10.66583251953125 4.378045082092285 -26.55727195739746 -9.493806838989258 0.4862212836742401 -3.5066466331481934 -2.5308375358581543 1.9174834489822388 -62.58856964111328 8.396018981933594 4.562661170959473 -25.71736717224121 -6.828233242034912 3.1107146739959717 4.710995674133301 15.707693099975586 4.431359767913818 -56.15485382080078 -9.976089477539062 1.6661796569824219 -63.23869323730469 -2.641052484512329 2.30679988861084 -0.8311731815338135 10.071951866149902 4.4572319984436035 -10.986568450927734
AMB 19 30 39352 19.5 0.95 | 9.318761825561523 2.7927963733673096 -59.67277526855469 2.775036334991455 11.424948692321777 0.8383378386497498 -40.654239654541016 4.328643321990967 -14.514995574951172 1.93160879611969 -38.550987243652344 0.3917177617549896 -5.959392547607422 2.5215110778808594 -3.9909298419952393 4.960542678833008 -15.386016845703125 2.283451795578003 -26.5141658782959 2.6587514877319336 8.178507804870605 3.9824936389923096 -41.28041076660156 4.6249470710754395 1.3068017959594727 4.844727993011475 -69.0123291015625 4.597609996795654 -9.543148040771484 3.3045923709869385 -50.14338302612305 3.6748147010803223 -14.730053901672363 1.8763262033462524 -17.535802841186523 3.1581907272338867 -0.14782464504241943 2.730978488922119 6.1333746910095215 4.259349822998047 2.9916272163391113 1.6230202913284302 -26.142812728881836 2.8124465942382812 2.7787463665008545 4.938553333282471 -13.242585182189941 2.8795249462127686 14.894754409790039 2.5869994163513184 -5.2115583419799805 2.370758533477783 -9.985520362854004 4.035882472991943 -26.558557510375977 5.088951110839844 -12.804485321044922 4.333651542663574 -24.30390167236328 0.275285542011261 -5.995760917663574 3.501556873321533 -15.490463256835938 5.038703441619873 -6.271428108215332 1.2828772068023682 -60.76584243774414 2.297804117202759 15.840176582336426 0.6207472681999207 -35.23883056640625 5.807398319244385 6.241979598999023 4.5565900802612305 -45.33039474487305 3.9698634147644043 | 8.800751686096191 3.0348966121673584 -31.172752380371094 11.113327026367188 0.5876927971839905 -12.154221534729004 -13.930706977844238 1.6923480033874512 -10.050971031188965 -10.706705093383789 2.67863392829895 -53.490936279296875 -15.865401268005371 2.5772898197174072 1.9858404397964478 8.030176162719727 3.9110283851623535 -12.780391693115234 1.1426348686218262 4.754646301269531 -40.512325286865234 -10.1023588180542 3.003516435623169 -21.643360137939453 16.19352912902832 1.8754695653915405 -67.03581237792969 -1.7048078775405884 2.4489896297454834 -43.36663055419922 2.4626553058624268 1.84554922580719 2.3571925163269043 -11.253334045410156 5.122949123382568 -62.74259948730469 6.202004909515381 2.9369988441467285 -54.711570739746094 -9.857983589172363 4.26729154586792 1.94144868850708 -12.208306312561035 4.159797191619873 4.196102142333984 2.117238998413086 3.7054543495178223 -64.990478515625 -6.592495441436768 1.629075288772583 -32.26581954956055 16.322093963623047 0.9118733406066895 -6.73881721496582 5.770164489746094 4.207119464874268 -16.830371856689453 | 9.318761825561523 2.7927963733673096 -31.172752380371094 11.424948692321777 0.8383378386497498 -12.154221534729004 -14.514995574951172 1.93160879611969 -10.050971031188965 -10.758113861083984 2.5215110778808594 -53.490936279296875 -15.386016845703125 2.283451795578003 1.9858404397964478 8.178507804870605 3.9824936389923096 -12.780391693115234 1.3068017959594727 4.844727993011475 -40.512325286865234 -9.543148040771484 3.3045923709869385 -21.643360137939453 16.787166595458984 1.8763262033462524 -67.03581237792969 -1.358433723449707 2.730978488922119 -43.36663055419922 2.9916272163391113 1.6230202913284302 2.3571925163269043 -10.706570625305176 4.938553333282471 -62.74259948730469 6.559164047241211 2.5869994163513184 -54.711570739746094 -9.985520362854004 4.035882472991943 1.94144868850708 -12.804485321044922 4.333651542663574 4.196102142333984 2.019310474395752 3.501556873321533 -64.990478515625 -6.271428108215332 1.2828772068023682 -32.26581954956055 15.840176582336426 0.6207472681999207 -6.73881721496582 6.241979598999023 4.5565900802612305 -16.830371856689453
AMB 39 30 294602 20.8 1 | -6.273902893066406 2.333320140838623 -44.99009704589844 2.8548827171325684 3.4392480850219727 0.6269457340240479 -24.568803787231445 2.32055401802063 8.243202209472656 1.9063103199005127 6.10667610168457 0.17493997514247894 5.1774749755859375 4.981655120849609 0.5981028079986572 0.0028543921653181314 3.847454309463501 1.8792556524276733 -5.271415710449219 2.0665037631988525 -13.019845008850098 1.241809606552124 -54.10676193237305 5.131874084472656 0.14413580298423767 1.910969614982605 -2.03429913520813 3.8373336791992188 -11.77756118774414 0.9036533236503601 -33.5355339050293 4.4037628173828125 2.2018895149230957 4.2706427574157715 -18.955636978149414 1.969873309135437 -16.952505111694336 1.747089147567749 -48.17795181274414 3.7110776901245117 8.875242233276367 4.283200263977051 -28.83118438720703 4.229671478271484 0.1312880963087082 0.42722243070602417 -64.0300521850586 2.8478355407714844 -5.992431163787842 2.8005545139312744 -49.03778076171875 0.3726239800453186 5.5512518882751465 4.281350612640381 -46.64200210571289 5.532617568969727 0.41185712814331055 3.4927284717559814 -45.753360748291016 3.9315741062164307 -6.351233005523682 4.199723720550537 -28.146512985229492 0.711166262626648 11.583822250366211 3.1199891567230225 -7.354959011077881 3.6808063983917236 3.070399284362793 3.2440359592437744 -0.5625198483467102 4.721173286437988 -9.373785018920898 2.4040451049804688 -49.44757080078125 3.9853148460388184 15.581326484680176 3.457951307296753 -1.898564338684082 6.127894878387451 13.067441940307617 1.8631423711776733 -22.711015701293945 4.572767734527588 0.7329859137535095 3.9581446647644043 -31.389942169189453 5.3686747550964355 -2.198014497756958 4.525545120239258 -30.0692138671875 0.5801140069961548 12.434494972229004 4.996153354644775 1.5561342239379883 5.33907413482666 -6.551789283752441 0.7523327469825745 -13.922198295593262 1.9156156778335571 7.384325981140137 2.4455912113189697 -38.196537017822266 5.969802379608154 -8.433001518249512 4.513822078704834 -23.966720581054688 1.95122492313385 6.017504692077637 2.4581704139709473 -6.617157936096191 2.1856539249420166 -2.929180145263672 3.9848275184631348 -17.077768325805664 1.2759507894515991 -8.264891624450684 2.3165528774261475 -54.31782531738281 4.0150933265686035 14.69274616241455 4.4377923011779785 -50.933712005615234 6.265448093414307 3.3528475761413574 3.5920157432556152 -60.54770278930664 1.4834100008010864 -8.701635360717773 3.968761920928955 -24.051759719848633 1.3860889673233032 -8.516979217529297 1.4745107889175415 -3.2424559593200684 5.670111656188965 10.361736297607422 3.4760935306549072 -55.224205017089844 0.8454296588897705 8.70974349975586 2.1064345836639404 -35.83649826049805 0.6564962267875671 15.609169960021973 1.154165506362915 -49.21956253051758 5.788198471069336 -16.668684005737305 4.513218402862549 -69.33097076416016 2.9940996170043945 -10.975252151489258 3.246891498565674 -27.74894905090332 3.86104679107666 | -6.811288356781006 2.076030969619751 -14.990097045898438 2.8408639430999756 0.7111020088195801 5.431196212768555 -1.1721545457839966 1.5618611574172974 -41.89332580566406 13.059280395507812 4.6364569664001465 -47.40190124511719 8.501364707946777 2.1180663108825684 -53.27141571044922 -12.468071937561035 1.516705870628357 -24.106761932373047 1.2867263555526733 1.7906728982925415 -50.0343017578125 -11.522536277770996 1.150297999382019 -3.535533905029297 0.19421298801898956 4.554150104522705 -66.95563507080078 -17.103084564208984 1.5484915971755981 -18.17795181274414 9.032339096069336 4.430318355560303 1.1688156127929688 -0.4079645574092865 0.17330306768417358 -34.030052185058594 -5.731160640716553 2.5065906047821045 -19.03778076171875 6.151249408721924 4.316948413848877 -16.64200210571289 0.39195168018341064 3.436145544052124 -15.753360748291016 -6.284175395965576 4.089622497558594 1.8534870147705078 -2.517510414123535 2.904317855834961 -55.354957580566406 7.183902263641357 3.589895009994507 -48.562522888183594 -9.3614501953125 2.384840965270996 -19.44757080078125 0.5937893390655518 3.1478474140167236 -49.89856719970703 13.410183906555176 2.1781787872314453 7.288984298706055 1.3246508836746216 4.103976249694824 -1.3899421691894531 -2.053616523742676 4.333118438720703 -0.0692138671875 10.033988952636719 5.1605544090271 -46.44386291503906 15.769085884094238 1.0564004182815552 -61.92219543457031 7.928637504577637 2.201320171356201 -8.196537017822266 -8.975152015686035 4.804785251617432 6.0332794189453125 6.211658000946045 2.629833936691284 -54.617156982421875 -9.788105964660645 4.238222122192383 -65.07776641845703 -8.234702110290527 2.3181838989257812 -24.317825317382812 15.139892578125 4.0952653884887695 -20.933712005615234 2.984860420227051 3.9212357997894287 -30.54770278930664 -9.021833419799805 4.268786907196045 5.948240280151367 -15.095531463623047 1.4142264127731323 -51.242454528808594 10.348377227783203 3.458082914352417 -25.224205017089844 8.809281349182129 1.9607369899749756 -5.836498260498047 16.190122604370117 1.014884114265442 -19.219562530517578 -17.163837432861328 4.200621604919434 -39.330970764160156 -11.037365913391113 3.1423120498657227 2.2510509490966797 | -6.273902893066406 2.333320140838623 -14.990097045898438 3.4392480850219727 0.6269457340240479 5.431196212768555 -1.5344171524047852 1.9063103199005127 -41.89332580566406 12.620466232299805 4.981655120849609 -47.40190124511719 9.069482803344727 1.8792556524276733 -53.27141571044922 -13.019845008850098 1.241809606552124 -24.106761932373047 1.3629729747772217 1.910969614982605 -50.0343017578125 -11.77756118774414 0.9036533236503601 -3.535533905029297 0.7410620450973511 4.2706427574157715 -66.95563507080078 -16.952505111694336 1.747089147567749 -18.17795181274414 8.875242233276367 4.283200263977051 1.1688156127929688 0.1312880963087082 0.42722243070602417 -34.030052185058594 -5.992431163787842 2.8005545139312744 -19.03778076171875 5.5512518882751465 4.281350612640381 -16.64200210571289 0.41185712814331055 3.4927284717559814 -15.753360748291016 -6.351233005523682 4.199723720550537 1.8534870147705078 -2.3494207859039307 3.1199891567230225 -55.354957580566406 6.7721099853515625 3.2440359592437744 -48.562522888183594 -9.373785018920898 2.4040451049804688 -19.44757080078125 0.09600827842950821 3.457951307296753 -49.89856719970703 13.067441940307617 1.8631423711776733 7.288984298706055 0.7329859137535095 3.9581446647644043 -1.3899421691894531 -2.198014497756958 4.525545120239258 -0.0692138671875 9.44553279876709 4.996153354644775 -46.44386291503906 16.301740646362305 0.7523327469825745 -61.92219543457031 7.384325981140137 2.4455912113189697 -8.196537017822266 -8.433001518249512 4.513822078704834 6.0332794189453125 6.79868745803833 2.4581704139709473 -54.617156982421875 -9.52562141418457 3.9848275184631348 -65.07776641845703 -8.264891624450684 2.3165528774261475 -24.317825317382812 14.69274616241455 4.4377923011779785 -20.933712005615234 3.3528475761413574 3.5920157432556152 -30.54770278930664 -8.701635360717773 3.968761920928955 5.948240280151367 -15.690107345581055 1.4745107889175415 -51.242454528808594 10.361736297607422 3.4760935306549072 -25.224205017089844 8.70974349975586 2.1064345836639404 -5.836498260498047 15.609169960021973 1.154165506362915 -19.219562530517578 -16.668684005737305 4.513218402862549 -39.330970764160156 -10.975252151489258 3.246891498565674 2.2510509490966797
AMB 49 30 263464 22.1 1.05 | -10.372283935546875 3.1070315837860107 -49.24591064453125 4.462367057800293 11.103781700134277 2.917511463165283 -6.183620452880859 4.751487731933594 -9.5397367477417 3.852810859680176 1.7307343482971191 0.23529864847660065 -11.395353317260742 2.4714515209198 -39.748355865478516 2.38399076461792 8.184676170349121 4.405562877655029 -54.081825256347656 3.0553643703460693 -4.094909191131592 4.390263557434082 -45.796844482421875 0.9268602728843689 -10.402589797973633 2.0575509071350098 -68.82498168945312 0.5554971098899841 6.672258377075195 2.974536895751953 -6.677051544189453 4.25911283493042 -15.443387985229492 4.282516002655029 -11.506159782409668 1.9895126819610596 11.973190307617188 4.991942405700684 -33.30323791503906 2.0845210552215576 3.5971150398254395 2.2426769733428955 -65.65055084228516 4.642145156860352 14.313127517700195 4.607424736022949 -27.944482803344727 1.0164929628372192 12.733893394470215 4.674774169921875 -23.48843765258789 2.5344250202178955 -10.919445991516113 1.8919743299484253 -36.032569885253906 3.236100196838379 12.609107971191406 3.7275490760803223 -12.925093650817871 0.02920324169099331 -9.231199264526367 4.875962734222412 -19.88945960998535 1.7937132120132446 12.084601402282715 3.174966812133789 -41.10763168334961 5.634627342224121 -13.551350593566895 3.6021883487701416 -22.987394332885742 4.576536178588867 10.665630340576172 1.9664921760559082 7.417827606201172 3.4246366024017334 10.481338500976562 1.1621875762939453 -43.89670944213867 0.6867024898529053 -2.380366086959839 4.071347713470459 -37.926368713378906 3.040693759918213 8.693526268005371 1.9048506021499634 7.916539192199707 4.426584243774414 -16.197736740112305 0.4091506004333496 -59.57810974121094 5.8708295822143555 -3.528705358505249 1.671337366104126 -47.90394973754883 0.9111040830612183 -14.093658447265625 4.224984169006348 -68.25834655761719 0.15725325047969818 8.732723236083984 3.74124813079834 -20.622196197509766 6.192668437957764 14.369829177856445 1.2918764352798462 -46.80012130737305 6.277139186859131 11.046486854553223 2.93704891204834 -0.2974680960178375 1.6479038000106812 -5.878765106201172 3.620161771774292 -40.43971252441406 0.12352098524570465 3.753471851348877 4.928870677947998 -43.834144592285156 1.615146279335022 -13.766993522644043 1.4295278787612915 1.3642925024032593 1.1165146827697754 4.348430156707764 4.569709777832031 2.0587408542633057 0.0444786362349987 3.0334887504577637 1.0782848596572876 -28.685321807861328 2.2322115898132324 6.106100082397461 4.506701469421387 4.714620113372803 5.030218124389648 -13.585969924926758 1.1458001136779785 -15.177022933959961 1.1975570917129517 -8.543210983276367 2.866640567779541 -60.78371047973633 2.356137275695801 -3.729569435119629 4.6940717697143555 -7.832106113433838 2.1130967140197754 6.318113803863525 2.4472687244415283 -10.282150268554688 3.975644111633301 15.542667388916016 1.5556625127792358 2.5673439502716064 3.645905017852783 -9.168890953063965 2.548846483230591 -46.332706451416016 5.181777477264404 4.114971160888672 4.40849494934082 -8.340822219848633 0.900731086730957 5.336249351501465 0.5663167834281921 -62.34569549560547 2.3707163333892822 16.88036346435547 3.435337543487549 -34.62641143798828 3.6011133193969727 -6.365688323974609 3.4156956672668457 -59.37322235107422 5.346550464630127 14.644637107849121 3.7349495887756348 -65.08692932128906 0.7360334992408752 16.97188949584961 2.66520094871521 -42.31779479980469 4.564610004425049 5.30870246887207 4.810833930969238 -22.000181198120117 5.440489292144775 -14.326431274414062 1.3381290435791016 3.989201545715332 0.1559380441904068 13.051573753356934 1.1370905637741089 -26.35269546508789 4.394565105438232 | -9.780255317687988 3.3611068725585938 -17.745933532714844 11.853315353393555 2.9987149238586426 -52.68361282348633 -3.051800489425659 3.9079694747924805 -44.76926803588867 -11.768304824829102 2.1329243183135986 -8.248371124267578 8.185041427612305 4.242452621459961 -22.58184814453125 -4.604184627532959 4.7401123046875 -14.296865463256836 -10.762029647827148 2.3082969188690186 -37.324989318847656 9.44677734375 3.303088426589966 -53.17704391479492 2.3347020149230957 4.1070637702941895 -58.00614929199219 11.478178977966309 4.762447834014893 -1.8032481670379639 4.197032451629639 2.395805835723877 -34.150569915771484 13.77750015258789 4.953502655029297 3.5555107593536377 9.378721237182617 4.325114727020264 -69.98844146728516 -10.811234474182129 1.8489195108413696 -4.5325822830200195 -14.925374984741211 3.6396241188049316 -59.42508316040039 -12.508255004882812 4.829379081726074 -66.38945007324219 12.404187202453613 2.825228452682495 -9.607647895812988 8.84952163696289 3.795179843902588 -69.48739624023438 2.9447031021118164 2.0543534755706787 -39.082176208496094 10.062135696411133 1.46769380569458 -12.396728515625 -2.388803005218506 3.8992228507995605 -6.426382064819336 2.85501766204834 2.175488233566284 -38.58346939086914 -16.005855560302734 0.09156103432178497 -28.07813262939453 -4.032919406890869 2.0206878185272217 -16.403972625732422 -14.238662719726562 4.225741863250732 -36.75835418701172 8.531807899475098 3.5754878520965576 -67.1221923828125 14.321407318115234 1.180306315422058 -15.300143241882324 12.58370304107666 2.9921627044677734 -46.79746627807617 -6.0040507316589355 3.597323179244995 -8.939728736877441 3.158627510070801 5.006494045257568 -12.334163665771484 -12.344127655029297 1.7583212852478027 -45.135704040527344 0.6748940348625183 4.49217414855957 -44.44125747680664 2.5937612056732178 0.7818026542663574 2.814671039581299 -10.951189994812012 4.395501613616943 -41.78538513183594 7.11088228225708 1.4509223699569702 -61.6770133972168 -8.929107666015625 2.5335869789123535 -29.283733367919922 -3.576028347015381 4.449857234954834 -54.33209991455078 14.296282768249512 2.789207935333252 -56.78213882446289 1.3726928234100342 1.7801423072814941 -43.932655334472656 -8.659337997436523 2.3436551094055176 -14.832727432250977 0.05786058306694031 4.757328033447266 -54.8408088684082 4.957091808319092 0.23026816546916962 -30.845718383789062 17.192110061645508 3.6348934173583984 -3.126422166824341 -5.914999961853027 3.1297874450683594 -27.873245239257812 14.204776763916016 4.055792331695557 -33.58694839477539 17.570775985717773 2.8651013374328613 -10.8178129196167 12.936532020568848 4.492250442504883 -68.50017547607422 -13.740951538085938 1.3379662036895752 -42.510799407958984 13.635638236999512 1.4213759899139404 5.1473002433776855 | -10.372283935546875 3.1070315837860107 -17.745933532714844 11.25806713104248 2.917511463165283 -52.68361282348633 -2.861844778060913 3.852810859680176 -44.76926803588867 -11.395353317260742 2.4714515209198 -8.248371124267578 8.184676170349121 4.405562877655029 -22.58184814453125 -4.094909191131592 4.390263557434082 -14.296865463256836 -10.402589797973633 2.0575509071350098 -37.324989318847656 8.886611938476562 2.974536895751953 -53.17704391479492 2.8596460819244385 4.282516002655029 -58.00614929199219 11.973190307617188 4.991942405700684 -1.8032481670379639 3.5971150398254395 2.2426769733428955 -34.150569915771484 14.313127517700195 4.607424736022949 3.5555107593536377 9.677021980285645 4.674774169921875 -69.98844146728516 -10.919445991516113 1.8919743299484253 -4.5325822830200195 -14.855907440185547 3.7275490760803223 -59.42508316040039 -11.936809539794922 4.875962734222412 -66.38945007324219 12.084601402282715 3.174966812133789 -9.607647895812988 8.250242233276367 3.6021883487701416 -69.48739624023438 2.7278006076812744 1.9664921760559082 -39.082176208496094 10.481338500976562 1.1621875762939453 -12.396728515625 -2.380366086959839 4.071347713470459 -6.426382064819336 2.266855001449585 1.9048506021499634 -38.58346939086914 -16.197736740112305 0.4091506004333496 -28.07813262939453 -3.528705358505249 1.671337366104126 -16.403972625732422 -14.093658447265625 4.224984169006348 -36.75835418701172 8.529600143432617 3.74124813079834 -67.1221923828125 14.369829177856445 1.2918764352798462 -15.300143241882324 13.175658226013184 2.93704891204834 -46.79746627807617 -5.878765106201172 3.620161771774292 -8.939728736877441 3.753471851348877 4.928870677947998 -12.334163665771484 -11.784178733825684 1.4295278787612915 -45.135704040527344 0.7534570097923279 4.569709777832031 -44.44125747680664 3.0334887504577637 1.0782848596572876 2.814671039581299 -11.502730369567871 4.506701469421387 -41.78538513183594 7.686441898345947 1.1458001136779785 -61.6770133972168 -8.543210983276367 2.866640567779541 -29.283733367919922 -3.090907096862793 4.6940717697143555 -54.33209991455078 13.818598747253418 2.4472687244415283 -56.78213882446289 1.0383034944534302 1.5556625127792358 -43.932655334472656 -9.168890953063965 2.548846483230591 -14.832727432250977 0.5586739778518677 4.40849494934082 -54.8408088684082 5.336249351501465 0.5663167834281921 -30.845718383789062 16.88036346435547 3.435337543487549 -3.126422166824341 -6.365688323974609 3.4156956672668457 -27.873245239257812 14.644637107849121 3.7349495887756348 -33.58694839477539 16.97188949584961 2.66520094871521 -10.8178129196167 12.524983406066895 4.810833930969238 -68.50017547607422 -13.596713066101074 1.3381290435791016 -42.510799407958984 13.051573753356934 1.1370905637741089 5.1473002433776855
AMB 44 30 466377 23.400000000000002 1.1 | 7.699971675872803 0.599247395992279 -64.65467834472656 5.8483567237854 12.686592102050781 2.8920698165893555 -34.15093231201172 3.7874414920806885 7.21363639831543 2.8524463176727295 -36.23788833618164 1.2084318399429321 -2.3360607624053955 1.3475109338760376 -45.484458923339844 4.931293964385986 -11.730552673339844 2.656122922897339 -22.970426559448242 2.6087148189544678 -3.144204616546631 3.9161229133605957 -49.60242462158203 5.059493541717529 -12.410616874694824 0.8611412048339844 -33.1099739074707 6.25993537902832 7.984138011932373 1.2407487630844116 -9.74974250793457 5.818893909454346 16.356481552124023 0.5453715324401855 -30.43141746520996 5.743339538574219 -16.771333694458008 1.1093262434005737 -66.91864776611328 0.2247585654258728 -13.526972770690918 4.546381950378418 -41.5474853515625 0.1317605972290039 -7.860350608825684 0.49505504965782166 -64.80692291259766 2.2104592323303223 -14.688149452209473 3.19742751121521 -32.48316192626953 2.992349863052368 1.7118852138519287 3.5655088424682617 -23.408397674560547 5.2679853439331055 -14.414450645446777 2.392341136932373 -22.74352264404297 2.1284561157226562 0.8110244274139404 1.3648016452789307 -41.14689636230469 4.730423450469971 16.11578369140625 3.5954749584198 -60.54971694946289 4.941089630126953 11.77059268951416 2.393357038497925 -45.95166778564453 0.08864115923643112 10.396575927734375 1.027788519859314 -54.33266830444336 1.261988878250122 4.427267551422119 4.953036785125732 -19.187644958496094 5.201484680175781 5.437456130981445 3.8729429244995117 -49.20070266723633 0.2615135610103607 -9.157720565795898 1.4644248485565186 -28.758453369140625 2.934792995452881 10.590381622314453 2.8079934120178223 -42.549041748046875 4.124926567077637 -14.616378784179688 2.6850483417510986 -56.92141342163086 0.9700819253921509 -3.173743963241577 1.340701699256897 -35.29888153076172 5.905823230743408 11.982903480529785 1.1480504274368286 5.452159881591797 1.5726706981658936 -7.989169120788574 3.790372610092163 -64.1868667602539 0.7486432194709778 -16.721208572387695 4.596199035644531 -31.567842483520508 2.807088851928711 13.061208724975586 1.083770513534546 -8.139361381530762 5.473442554473877 16.739904403686523 4.005690097808838 3.2096011638641357 1.9241524934768677 -9.020934104919434 1.756827712059021 -10.092196464538574 5.8010478019714355 -3.4920248985290527 2.263807773590088 6.018876552581787 5.988613128662109 -11.165999412536621 1.0750072002410889 -11.665173530578613 0.5789494514465332 -9.877178192138672 2.2186317443847656 -21.118114471435547 1.8127515316009521 9.125699996948242 3.3500163555145264 -13.070273399353027 2.6767871379852295 -6.644775867462158 4.775064468383789 -21.624492645263672 3.413179636001587 1.2093037366867065 1.1743756532669067 -12.844008445739746 0.5493008494377136 -13.56045150756836 4.0721917152404785 -6.700545787811279 1.515936017036438 9.040083885192871 2.5958893299102783 -41.35255813598633 4.7297234535217285 -11.066383361816406 4.943062782287598 -11.684224128723145 1.1337171792984009 -3.041145086288452 2.18110728263855 -29.465938568115234 3.46946382522583 -6.174026966094971 2.9024600982666016 -16.93947982788086 1.480406641960144 7.423685073852539 3.2137019634246826 -61.957115173339844 2.057882070541382 8.960382461547852 4.297036170959473 -48.43598175048828 3.612154722213745 | 7.380239963531494 0.6851609349250793 -31.654722213745117 13.285042762756348 3.1260569095611572 -1.1509259939193726 6.730405807495117 2.7184324264526367 -3.237884998321533 -2.1274757385253906 0.9975520372390747 -12.48447036743164 -14.311129570007324 2.674280881881714 -67.97042083740234 -3.00925612449646 3.5762438774108887 -16.60244369506836 -12.90676212310791 1.168355941772461 -0.10996796935796738 3.431291103363037 1.3065317869186401 -54.74976348876953 16.091732025146484 0.5586568713188171 2.568589687347412 -17.335121154785156 1.4593238830566406 -33.91869354248047 -14.069260597229004 4.890108585357666 -8.547489166259766 -7.820957183837891 0.2578657567501068 -31.80696678161621 -14.238335609436035 3.4531309604644775 0.5168460607528687 -12.692497253417969 3.2885947227478027 -68.40839385986328 -8.06678581237793 2.1163127422332764 -67.74352264404297 1.1276620626449585 1.044803500175476 -8.146900177001953 16.31884765625 3.2454781532287598 -27.549753189086914 11.239876747131348 2.7301244735717773 -12.951679229736328 9.933076858520508 0.8599761128425598 -21.33269500732422 4.9016828536987305 4.650182723999023 -64.18765258789062 4.8665056228637695 4.22208833694458 -16.200719833374023 -8.73149299621582 1.690985918045044 4.241552829742432 11.140803337097168 2.8280255794525146 -9.549047470092773 -15.169917106628418 2.7143335342407227 -23.921443939208984 -3.522108554840088 1.4649584293365479 -2.2988767623901367 11.367969512939453 0.8328009843826294 -39.547882080078125 -8.580038070678711 3.9662959575653076 -31.18691062927246 -16.35223388671875 4.748011589050293 1.4321651458740234 -4.440436363220215 0.9154107570648193 -53.139381408691406 -0.36136388778686523 3.6668825149536133 -41.790435791015625 -7.458115577697754 1.8103017807006836 -55.09221649169922 2.3308372497558594 2.440295696258545 -38.981163024902344 -3.01397705078125 1.3416253328323364 -56.665191650390625 3.073993682861328 1.8687974214553833 -66.11811828613281 5.601379871368408 3.4154458045959473 -58.070289611816406 13.968259811401367 5.1236467361450195 -66.62449645996094 -0.07301419228315353 1.4539629220962524 -57.844024658203125 -9.5614013671875 3.7761850357055664 -51.70056915283203 9.357078552246094 2.276089906692505 -8.352561950683594 -2.933216094970703 4.858677387237549 -56.684242248535156 -2.459221363067627 2.5239481925964355 3.5340681076049805 1.6834802627563477 2.620460271835327 -61.939491271972656 7.371626377105713 2.9101452827453613 -28.957155227661133 9.557177543640137 4.6061835289001465 -15.435997009277344 | 7.699971675872803 0.599247395992279 -31.654722213745117 12.686592102050781 2.8920698165893555 -1.1509259939193726 7.21363639831543 2.8524463176727295 -3.237884998321533 -2.3360607624053955 1.3475109338760376 -12.48447036743164 -14.579625129699707 2.656122922897339 -67.97042083740234 -3.144204616546631 3.9161229133605957 -16.60244369506836 -12.410616874694824 0.8611412048339844 -0.10996796935796738 3.7359278202056885 1.2407487630844116 -54.74976348876953 16.356481552124023 0.5453715324401855 2.568589687347412 -16.771333694458008 1.1093262434005737 -33.91869354248047 -13.526972770690918 4.546381950378418 -8.547489166259766 -7.860350608825684 0.49505504965782166 -31.80696678161621 -14.688149452209473 3.19742751121521 0.5168460607528687 -12.703514099121094 3.5655088424682617 -68.40839385986328 -8.0570068359375 2.392341136932373 -67.74352264404297 0.8110244274139404 1.3648016452789307 -8.146900177001953 16.11578369140625 3.5954749584198 -27.549753189086914 11.77059268951416 2.393357038497925 -12.951679229736328 10.396575927734375 1.027788519859314 -21.33269500732422 4.850825786590576 4.953036785125732 -64.18765258789062 5.437456130981445 3.8729429244995117 -16.200719833374023 -9.157720565795898 1.4644248485565186 4.241552829742432 10.590381622314453 2.8079934120178223 -9.549047470092773 -14.616378784179688 2.6850483417510986 -23.921443939208984 -3.173743963241577 1.340701699256897 -2.2988767623901367 11.692801475524902 1.1480504274368286 -39.547882080078125 -7.989169120788574 3.790372610092163 -31.18691062927246 -16.721208572387695 4.596199035644531 1.4321651458740234 -4.32883358001709 1.083770513534546 -53.139381408691406 -0.23007279634475708 4.005690097808838 -41.790435791015625 -7.1627516746521 1.756827712059021 -55.09221649169922 2.7184062004089355 2.263807773590088 -38.981163024902344 -2.413984537124634 1.0750072002410889 -56.665191650390625 3.269556760787964 2.2186317443847656 -66.11811828613281 5.297008991241455 3.3500163555145264 -58.070289611816406 13.395480155944824 4.775064468383789 -66.62449645996094 0.5268033742904663 1.1743756532669067 -57.844024658203125 -9.208486557006836 4.0721917152404785 -51.70056915283203 9.040083885192871 2.5958893299102783 -8.352561950683594 -2.424785852432251 4.943062782287598 -56.684242248535156 -3.041145086288452 2.18110728263855 3.5340681076049805 2.05340838432312 2.9024600982666016 -61.939491271972656 7.423685073852539 3.2137019634246826 -28.957155227661133 8.960382461547852 4.297036170959473 -15.435997009277344
AMB 7 30 451163 24.7 1.1500000000000001 | -2.0446665287017822 2.011896848678589 -30.665180206298828 5.015378475189209 -7.278950214385986 1.2068064212799072 -49.10968017578125 1.922672986984253 -15.331572532653809 3.3973021507263184 -67.25310516357422 3.2647531032562256 -13.2455472946167 1.765273094177246 -23.255746841430664 5.67692756652832 -0.06856657564640045 3.801074266433716 -62.23294448852539 0.9172686338424683 -8.5906400680542 4.2146315574646 -26.204803466796875 1.1122299432754517 -11.6515531539917 3.304776906967163 -32.9930305480957 1.2125530242919922 | -2.4025168418884277 2.0161125659942627 3.834813117980957 -6.8979926109313965 1.2451660633087158 -14.609664916992188 -14.79372787475586 3.516531229019165 -32.75305938720703 -6.1644511222839355 2.105599880218506 -66.75574493408203 -0.2558748126029968 3.4699814319610596 -27.732906341552734 -3.1331827640533447 3.865255832672119 -69.7048110961914 -11.664874076843262 2.966574192047119 1.5069618225097656 | -2.0446665287017822 2.011896848678589 3.834813117980957 -7.278950214385986 1.2068064212799072 -14.609664916992188 -15.331572532653809 3.3973021507263184 -32.75305938720703 -5.586223602294922 1.765273094177246 -66.75574493408203 -0.06856657564640045 3.801074266433716 -27.732906341552734 -3.0598509311676025 4.2146315574646 -69.7048110961914 -11.6515531539917 3.304776906967163 1.5069618225097656
FX 46 40 0.016 0.1 | -0.992824375629425 0.7611653804779053 -1.8476437330245972 3.6902859210968018 3.5437259674072266 1.2062733173370361 0.7836387753486633 0.4721452593803406 0.718853235244751 0.22877521812915802 1.9889854192733765 2.8984670639038086 -3.267740488052368 4.811250686645508 5.6462082862854 1.0111639499664307 0.1918686479330063 0.922645628452301 0.24746645987033844 0.5533179044723511 0.4589006304740906 2.2604455947875977 0.4358919858932495 -0.897895336151123 -0.5996062159538269 -1.9096002578735352 0.46165990829467773 0.21998600661754608 0.06700052320957184 0.274860143661499 0.17590080201625824 1.2124710083007812 -4.834876537322998 3.0864217281341553 5.874842643737793 2.432462692260742 0.9165242910385132 0.8060284852981567 0.49413928389549255 0.2091023176908493 -0.10818900167942047 1.4108059406280518 -4.319852352142334 -4.7689433097839355 5.664892673492432 1.973124623298645 0.5314776301383972 0.9980877041816711 0.9367823600769043 1.1039036512374878 0.5272393822669983 2.8440401554107666 -1.9114243984222412 4.7163777351379395 0.8659820556640625 -2.505352735519409 0.5854352712631226 0.5784584879875183 0.7504056692123413 1.0082144737243652 0.8861954212188721 1.7800579071044922 -4.9536895751953125 -1.720504641532898 4.150968551635742 -0.2981071472167969 0.40463942289352417 0.5650582313537598 0.9339112043380737 0.9454919099807739 -2.374925374984741 2.4215662479400635 0.026627907529473305 1.476320743560791 3.5613999366760254 2.136756181716919 0.5661638975143433 0.9786490797996521 0.27776002883911133 0.7786192297935486 0.8588756322860718 0.9304784536361694 -4.945131778717041 0.9736338257789612 0.052753135561943054 -1.481923222541809 0.249185711145401 0.09667763113975525 0.5043957233428955 1.0023255348205566 1.3792415857315063 0.025325460359454155 -1.4317244291305542 -3.31002140045166 5.362606048583984 1.8242101669311523 0.14253869652748108 0.6849758625030518 0.34707704186439514 1.0931216478347778 -2.078252077102661 1.369192123413086 0.7828361988067627 1.4981553554534912 -0.2676919102668762 -2.65425705909729 0.4052291214466095 0.3213631808757782 0.9358347654342651 0.23301149904727936 2.9250588417053223 0.16383399069309235 0.12177379429340363 3.200829029083252 -0.08048513531684875 -2.8408496379852295 0.9658735990524292 0.5269554257392883 0.7424163222312927 0.270691841840744 -0.2899962067604065 2.5099422931671143 0.2456335723400116 -4.126229763031006 1.041807770729065 0.4558226764202118 0.5895588994026184 0.7088763117790222 0.6642926931381226 0.4613015949726105 0.2299012839794159 2.604297637939453 -1.6179159879684448 2.03271222114563 1.2686864137649536 -1.0372024774551392 0.07833725959062576 0.5470969676971436 0.9469607472419739 0.41387155652046204 1.7507460117340088 1.549989104270935 -1.6166412830352783 2.561753749847412 3.908522605895996 -0.4789954125881195 0.2672184705734253 0.4514130651950836 0.7552715539932251 0.25344720482826233 -0.3513328433036804 0.11227849870920181 -1.0429381132125854 1.7434312105178833 -0.9567776322364807 -2.864288568496704 0.6477408409118652 0.21088849008083344 0.20913541316986084 0.20741698145866394 0.6344965696334839 0.45053282380104065 -1.9575139284133911 0.21237792074680328 2.8941550254821777 1.657556414604187 0.6960986852645874 0.5763030052185059 0.6855677962303162 0.2647813558578491 1.3527437448501587 0.7007892727851868 -3.6094777584075928 -4.994020462036133 1.5882819890975952 -0.057546671479940414 0.11902974545955658 0.16045328974723816 0.7190231680870056 0.09174054861068726 1.1314834356307983 0.4517161548137665 -4.883729934692383 2.972062110900879 0.1714649647474289 2.088102340698242 0.6044659614562988 0.10558689385652542 0.4557858109474182 0.17449598014354706 2.868151903152466 0.7142695188522339 -4.268916130065918 -1.3230568170547485 1.8281391859054565 -1.0655666589736938 0.5389131307601929 0.6628723740577698 0.8605587482452393 0.8333460092544556 0.4390218257904053 1.6316275596618652 -3.2922210693359375 3.8431127071380615 -0.6263620853424072 0.3776491582393646 0.688289999961853 0.8473430275917053 0.3074912130832672 0.8114027976989746 1.8559247255325317 0.8503287434577942 -2.2698678970336914 -2.7828946113586426 2.245138645172119 1.270014762878418 0.27991294860839844 0.2439952790737152 0.8497660756111145 0.7219990491867065 -1.8008278608322144 2.1062090396881104 -0.42870378494262695 -4.407780170440674 2.447742462158203 0.4787689447402954 0.03184766322374344 0.27032551169395447 0.339985728263855 0.8628004789352417 2.417605400085449 0.3535655438899994 -1.1534889936447144 -2.3621349334716797 4.671187400817871 2.034691333770752 0.010754695162177086 0.0293622687458992 0.3542671799659729 0.8036761283874512 2.343648672103882 2.4605438709259033 -1.3695898056030273 -0.4580814242362976 5.399867057800293 0.3026604950428009 0.35309702157974243 0.7794957160949707 0.7137279510498047 0.22661322355270386 1.0140411853790283 1.1272287368774414 -0.1938365399837494 -4.347350120544434 2.187875986099243 -0.5770934820175171 0.9956963062286377 0.3269008696079254 0.7799079418182373 0.9352291822433472 -2.5323734283447266 2.8240277767181396 0.1344752460718155 -1.5232763290405273 1.6642343997955322 2.5617458820343018 0.5196083784103394 0.702461838722229 0.44412609934806824 0.06280992925167084 0.8859224319458008 0.03390680253505707 -4.373981475830078 3.508798122406006 2.57955265045166 2.4412918090820312 0.4151143729686737 0.009054484777152538 0.9411428570747375 1.1891016960144043 -1.4029779434204102 0.7802337408065796 -3.4174203872680664 -0.24997131526470184 1.33257257938385 2.572082281112671 0.0977204218506813 0.42690375447273254 0.705409824848175 0.9549964070320129 -0.37914010882377625 2.4457342624664307 -3.573957920074463 -4.056518077850342 0.4644998013973236 -2.121439218521118 0.8928261399269104 0.4843267500400543 0.7657738327980042 0.5070832371711731 0.08664852380752563 0.03846152126789093 -0.5597469806671143 3.8579177856445312 -0.04673928767442703 -2.1344149112701416 0.5418850183486938 0.14644934237003326 0.924396812915802 0.5956866145133972 2.5186238288879395 0.33233094215393066 -2.412835121154785 -4.956840515136719 -0.15273983776569366 -0.6823949217796326 0.7695598602294922 0.13062205910682678 0.7946589589118958 0.9358237385749817 -2.8145601749420166 0.48694297671318054 -4.629660129547119 -2.873385190963745 -0.7479055523872375 0.4537363350391388 0.4466484487056732 0.9874284863471985 0.07553084194660187 0.5288295149803162 0.2749165892601013 2.773942708969116 -4.278538227081299 4.177339553833008 4.815984725952148 1.4399195909500122 0.8871678113937378 0.6043947339057922 0.5423507690429688 0.27796122431755066 2.033015012741089 1.3972282409667969 -2.640770435333252 0.15208403766155243 3.4730758666992188 1.7893117666244507 0.49950382113456726 0.5221318006515503 0.7659744024276733 0.9148956537246704 -1.4015880823135376 0.5812696218490601 -2.756075143814087 0.6245375871658325 -0.5680964589118958 2.6064934730529785 0.8655537366867065 0.28983765840530396 0.399055540561676 0.11072107404470444 -1.3670151233673096 0.9682842493057251 0.9634912014007568 4.402064800262451 3.846374988555908 0.874481737613678 0.2865607440471649 0.8022210001945496 0.7768555283546448 0.8725590705871582 1.993180751800537 0.888106107711792 -0.31049078702926636 2.355619192123413 3.602786064147949 -1.002803921699524 0.9432666301727295 0.3254414498806 0.7211066484451294 0.16604378819465637 -0.3435753285884857 0.8807775378227234 -0.7250159978866577 -1.4079049825668335 -0.22155465185642242 0.3726893961429596 0.6526138186454773 0.7195542454719543 0.982154130935669 0.2544628083705902 -2.7168118953704834 1.5795708894729614 -4.5208282470703125 4.677097797393799 0.17911042273044586 -2.972243070602417 0.46982717514038086 0.7621382474899292 0.22385342419147491 0.7320228815078735 -1.9679200649261475 2.3961949348449707 -0.40105658769607544 1.9988023042678833 4.968206405639648 -2.0866174697875977 0.6307938098907471 0.15669089555740356 0.14429150521755219 0.09915239363908768 -0.21520322561264038 0.38984251022338867 -2.1068274974823 0.6872075200080872 5.481926441192627 -0.3949887752532959 0.5771375298500061 0.1801665723323822 0.581289529800415 0.720120370388031 -0.135225310921669 1.602163314819336 -3.211841344833374 -0.49262312054634094 0.7634829878807068 -0.6122473478317261 0.29851025342941284 0.061013419181108475 0.38690829277038574 0.5470082759857178 -2.7867207527160645 0.8622938990592957 -0.5812745690345764 -3.339149236679077 5.102171421051025 -0.5041617751121521 0.33373162150382996 0.660001277923584 0.3229168951511383 0.19476376473903656 1.4511806964874268 0.9844808578491211 -1.1924703121185303 3.9006476402282715 4.749637126922607 2.022153377532959 0.8034648299217224 0.9725471138954163 0.5969442129135132 1.108751893043518 -0.6619429588317871 1.1786630153656006 -2.8635811805725098 -2.3542582988739014 4.923439979553223 -0.3853060305118561 0.7940967679023743 0.17615970969200134 0.6326970458030701 1.1929455995559692 | -0.1662001609802246 -999 -0.17743860185146332 4.606308937072754 -999 0.6823317408561707 0.21467304229736328 -999 1.616481065750122 0.8178765177726746 -999 -3.0289249420166016 -3.160311698913574 3.776815414428711 0.9429485201835632 3.5457229614257812 2.13874888420105 0.48514965176582336 -0.21492724120616913 3.1771583557128906 -1.1444783210754395 -1.430082082748413 3.441342830657959 5.394153594970703 1.4820016622543335 -0.295279324054718 -1.8935647010803223 -0.7391723394393921 2.1978719234466553 3.735769748687744 -1.7426649332046509 -999 1.5882821083068848 3.7444710731506348 -999 0.9945163726806641 -2.138546943664551 -999 3.2498416900634766 1.0429861545562744 -999 0.4672032296657562 2.3655662536621094 -999 -0.23160038888454437 -0.01659400761127472 -999 -0.39288151264190674 0.6888655424118042 -999 0.0668204128742218 0.9532221555709839 -999 -3.1140809059143066 1.6070128679275513 -999 -3.5496339797973633 2.0213940143585205 0.6247588396072388 -0.9508806467056274 2.8986146450042725 -0.02876388095319271 0.9494743347167969 0.07487146556377411 1.0276976823806763 2.5429418087005615 -4.621808052062988 2.4132444858551025 3.8777081966400146 0.9058406949043274 2.0836052894592285 4.148712158203125 2.241039514541626 -999 0.09820596873760223 -1.7682623863220215 1.2679495811462402 3.4368228912353516 -2.6054904460906982 -999 0.5574390888214111 3.1315512657165527 0.4253007173538208 1.1884455680847168 -1.5629615783691406 0.37356036901474 2.228712797164917 -2.3911731243133545 -999 -1.5261919498443604 2.370535135269165 -999 1.8766785860061646 -0.6537544131278992 -1.02494215965271 1.1504322290420532 -4.331710338592529 -999 -1.0900883674621582 1.411152958869934 -999 -2.1868791580200195 2.1303470134735107 2.3604772090911865 2.5043885707855225 -1.3416324853897095 -999 -1.9058520793914795 1.4503060579299927 2.1704447269439697 5.523160457611084 2.37007999420166 -999 0.5290606021881104 -0.681472659111023 -999 0.8644295334815979 0.2765307128429413 0.43468165397644043 -2.4230616092681885 -1.7760348320007324 -999 -0.0013718612026423216 0.22460947930812836 2.63875412940979 1.6403793096542358 -0.4032122790813446 -999 -0.14490482211112976 -3.4278388023376465 -999 0.5219263434410095 3.9475948810577393 2.7647287845611572 4.101708889007568 -2.168667793273926 3.070143699645996 0.889823317527771 | 0.016356782987713814 0.00985502265393734 0.015004524029791355 0.0032310830429196358 0.015537424944341183 0.004167354665696621 0.004803892225027084 0.0022891073022037745 0.0006971870316192508 0.00483151338994503 0.004249028395861387 0.002604885259643197 0.22334806621074677 0.4194362163543701 0.39367327094078064 0.21380987763404846 0.21126185357570648 0.27405959367752075 0.13074077665805817 0.18257281184196472 0.3017508387565613 0.10079564899206161 0.17423146963119507 0.0494503490626812 0.09007707238197327 0.034947581589221954 0.182331845164299 0.05908534303307533 0.2839371860027313 0.14387087523937225 0.015671810135245323 0.01242838241159916 0.03619242459535599 0.05242282152175903 0.028600523248314857 0.040294669568538666 0.016999805346131325 0.020440297201275826 0.019154738634824753 0.0026255864650011063 0.018336744979023933 0.0317387580871582 0.014177841134369373 0.023950675502419472 0.04007253050804138 0.04814550280570984 0.01567499153316021 0.015544688329100609 0.02308572456240654 0.01911276765167713 0.022736473008990288 0.015232897363603115 0.020534098148345947 0.09201738983392715 0.050215013325214386 0.008771456778049469 0.037863656878471375 0.12503446638584137 0.153794527053833 0.19966019690036774 0.14539653062820435 0.17899538576602936 0.06495540589094162 0.03179045021533966 0.027711186558008194 0.09651017189025879 0.008224024437367916 0.06980617344379425 0.08779454231262207 0.00219029956497252 0.005979915149509907 0.07214999943971634 0.004071751143783331 0.008988783694803715 0.008230379782617092 0.3143179416656494 0.10319492220878601 0.2461986094713211 0.12251826375722885 0.1656332165002823 0.10472032427787781 0.1916910707950592 0.004181170370429754 0.43459996581077576 0.032232217490673065 0.14081043004989624 0.23267319798469543 0.019514236599206924 0.01058578584343195 0.01673729158937931 0.0033537026029080153 0.0009063685429282486 0.005721051245927811 0.24326655268669128 0.04129110649228096 0.2512006461620331 0.0007005690131336451 0.0015487836208194494 0.00011847027781186625 0.019026314839720726 0.012961926870048046 0.011631323955953121 0.15008459985256195 0.15688356757164001 0.23015031218528748 0.11508084088563919 0.038535747677087784 0.053056955337524414 0.07637587934732437 0.2138127237558365 0.20705217123031616 0.03433365747332573 0.011845638044178486 0.026247328147292137 0.03709229826927185 0.040896959602832794 0.0558222271502018 0.05906235799193382 0.09580902010202408 0.028140796348452568 0.020055066794157028 0.00498173339292407 0.004587514791637659 0.064212366938591 0.02004534751176834 0.06467432528734207 0.001641649636439979 0.0003355417575221509 0.00212779245339334 0.004735732916742563 0.009365578182041645 0.004582269117236137 0.3396848440170288 0.41116857528686523 0.252373069524765 0.36807429790496826 0.08165234327316284 0.29326340556144714 | -0.011224806308746338 -0.006682083010673523 -0.013139888644218445 -0.014897704124450684 0.4639042913913727 0.36821529269218445 0.3054926097393036 0.13861963152885437 0.36232635378837585 0.4531223475933075 -0.006988525390625 -0.0013081916840746999 -0.0026984664145857096 -0.0021284969989210367 -0.0025528224650770426 -0.0005830397712998092 -0.007218673825263977 -0.004259452223777771 -0.0015040339203551412 0.19334650039672852 0.17140325903892517 0.08199933171272278 0.22280102968215942 0.16367655992507935 -0.0133868008852005 0.29522988200187683 -0.0011900701792910695 0.5491021275520325 0.314997136592865 -0.004916831851005554 -0.012313321232795715 0.29582443833351135 -0.01517052948474884 -0.010038807988166809 0.2748962938785553 -0.00127893325407058 0.23255965113639832 -0.009956225752830505 -0.00153721880633384 0.09202319383621216 -0.01284760981798172 0.08012065291404724 -0.012991741299629211 -0.013236254453659058 0.46875256299972534 0.5529459714889526
FX 15 40 0.016 0.14 | -2.405748128890991 0.5014377236366272 -2.0544910430908203 -0.670852541923523 4.362756252288818 -1.9569464921951294 0.08369094878435135 0.20624327659606934 0.2879125475883484 0.9880285263061523 0.1608261913061142 0.9834074378013611 -4.841556072235107 -4.646668434143066 0.5943542122840881 0.5787009000778198 0.26584193110466003 0.8672171235084534 0.8924331665039062 0.5134380459785461 -2.9799306392669678 1.923393964767456 -0.5315706729888916 -3.4759750366210938 4.974957466125488 2.439458131790161 0.782304048538208 0.17705698311328888 0.5975486636161804 0.8878782391548157 0.30032432079315186 0.7796409130096436 0.5762747526168823 -4.968984603881836 2.34013032913208 1.9352116584777832 0.1021915078163147 0.6095708608627319 0.8726801872253418 0.4269254803657532 2.678866386413574 0.8054226040840149 -2.683626890182495 -2.2734553813934326 4.772623538970947 2.292764663696289 0.8187118768692017 0.40072229504585266 0.948058009147644 0.24863311648368835 -0.9050193428993225 0.6531686782836914 0.49412801861763 4.156532287597656 1.6015739440917969 0.5765381455421448 0.9556428790092468 0.7912436127662659 0.506964921951294 0.5525557398796082 0.43276357650756836 2.200293779373169 -4.31677770614624 -4.7907209396362305 4.255921840667725 2.5303561687469482 0.6280555725097656 0.2522112727165222 0.8908466100692749 0.5110282897949219 -1.9870728254318237 2.2639002799987793 -1.6269689798355103 2.6774139404296875 4.649113655090332 -0.12290694564580917 0.0586094968020916 0.9332366585731506 0.2659013867378235 0.83106529712677 -1.5677531957626343 0.5784704685211182 -4.906373023986816 -4.673914909362793 0.657662034034729 -0.8772687315940857 0.7492373585700989 0.5849031805992126 0.4739975929260254 1.1333740949630737 -0.6534994840621948 0.12308406084775925 -2.077791213989258 -3.7833991050720215 0.2891828715801239 1.2871803045272827 0.7745063900947571 0.9768997430801392 0.11525752395391464 0.2677662968635559 2.7677414417266846 1.8814064264297485 -4.973950386047363 1.7429009675979614 5.500242710113525 2.824658155441284 0.25858786702156067 0.12264203280210495 0.5089614987373352 0.6814802289009094 0.4939005672931671 2.1764678955078125 -4.461586952209473 -0.3611932098865509 0.6394586563110352 1.2595702409744263 0.8066923022270203 0.9970217347145081 0.7808204889297485 0.7296940088272095 1.152913212776184 0.08750172704458237 -4.3148040771484375 0.7570118308067322 0.9463999271392822 -0.16671301424503326 0.21631650626659393 0.8494718670845032 0.8525811433792114 0.22704359889030457 2.529531478881836 2.571396589279175 -4.8869829177856445 -3.9765498638153076 -0.4493958353996277 -0.49774909019470215 0.34385260939598083 0.4155502915382385 0.0841381624341011 0.9301779866218567 -1.3235448598861694 0.5277682542800903 -0.7946038842201233 0.8511267900466919 4.850348472595215 -0.23709341883659363 0.732008695602417 0.8979626893997192 0.8023930788040161 0.8718626499176025 | -2.835092306137085 2.0340819358825684 2.293062448501587 -2.2182679176330566 -999 -0.06526028364896774 -5.204552173614502 3.8478457927703857 6.629683494567871 -1.7667735815048218 -999 5.0213212966918945 2.13323712348938 -999 -0.033363427966833115 1.356134295463562 -999 5.567765235900879 -1.9434343576431274 -999 1.2782795429229736 -0.2735288739204407 3.9798128604888916 3.894369602203369 -4.5590596199035645 -0.2601456940174103 0.132174551486969 -1.6220492124557495 -999 0.4917272627353668 3.883197069168091 4.142040252685547 2.4338300228118896 0.26273706555366516 1.3262014389038086 1.9445383548736572 1.3224831819534302 -999 -2.3921470642089844 -0.01546001248061657 1.024263858795166 0.3944578468799591 -0.7788241505622864 2.3724706172943115 4.653655052185059 | 0.029479820281267166 0.07264841347932816 0.10141610354185104 0.0007445373339578509 0.002428794978186488 0.0024994169361889362 0.21840453147888184 0.0494309701025486 0.1668243110179901 0.0026151768397539854 0.015599491074681282 0.022332705557346344 0.028427479788661003 0.013913960196077824 0.03291866183280945 0.014797138050198555 0.012251586653292179 0.00784982554614544 0.018469732254743576 0.007416978012770414 0.02619783766567707 0.013474596664309502 0.21455545723438263 0.06113196909427643 0.3261542022228241 0.2546170949935913 0.20633822679519653 0.03403359279036522 0.04292722046375275 0.005064680706709623 0.015739772468805313 0.007464997004717588 0.03097955882549286 0.09915898740291595 0.12255436927080154 0.09597881138324738 0.0028997748158872128 0.011387374252080917 0.011429055593907833 0.10726838558912277 0.12963521480560303 0.026247771456837654 0.19467045366764069 0.23880428075790405 0.21338848769664764 | 0.34802931547164917 -0.014562025666236877 0.24787884950637817 -0.0050745755434036255 -0.0073669105768203735 -0.007444247603416443 -0.0009717831271700561 0.19106578826904297 0.49337467551231384 -0.00423373281955719 0.04148045927286148 0.0896943211555481 -0.012956425547599792 0.29017865657806396 0.23186323046684265
FX 70 40 0.016 0.18 | -0.8137778043746948 1.7907270193099976 -2.0534918308258057 3.3070690631866455 3.8785922527313232 1.4581573009490967 0.48062530159950256 0.3462636172771454 0.21434286236763 0.8967878222465515 -2.6608104705810547 2.083442211151123 -3.0808141231536865 2.339620351791382 5.322221755981445 -2.801579475402832 0.8075717687606812 0.6289949417114258 0.4770355224609375 0.8817409873008728 1.2423218488693237 2.6894917488098145 -4.605212211608887 0.30630335211753845 -0.1328524947166443 1.6927694082260132 0.7792072296142578 0.927316427230835 0.6359410881996155 1.0283677577972412 -2.405535936355591 0.2090352475643158 -4.19182014465332 4.192605018615723 2.810695171356201 -1.5162262916564941 0.004434423521161079 0.015519472770392895 0.03259468823671341 0.5892012119293213 2.2278504371643066 2.1873433589935303 0.6634549498558044 -1.4568030834197998 1.5635439157485962 -0.19573673605918884 0.3896668255329132 0.9336615204811096 0.2628597915172577 0.6608304977416992 2.714970588684082 1.514814853668213 -2.9463467597961426 -2.9501569271087646 5.353221416473389 -1.3721970319747925 0.35081642866134644 0.9099723696708679 0.26541009545326233 0.5377556681632996 -0.9897008538246155 0.2889408767223358 -4.819874286651611 3.2646031379699707 1.6701360940933228 1.6974608898162842 0.43247875571250916 0.8141026496887207 0.8666368722915649 0.8135439157485962 1.669573426246643 1.14570152759552 -3.8069634437561035 -3.9839282035827637 3.8733267784118652 -1.82125723361969 0.08290637284517288 0.9443553686141968 0.9717877507209778 0.8572986125946045 0.35183706879615784 2.433666229248047 -0.808384358882904 -1.2162258625030518 2.9292361736297607 1.0246837139129639 0.7859159111976624 0.958397388458252 0.306581974029541 0.44298863410949707 0.8397343158721924 2.4398064613342285 -4.475215435028076 -0.4182770252227783 3.2271032333374023 -1.3400150537490845 0.16614753007888794 0.9876863956451416 0.3361132740974426 0.7450535297393799 -2.6428842544555664 2.591858386993408 0.6966302394866943 2.9995667934417725 3.91046404838562 1.8475886583328247 0.9003278613090515 0.870514988899231 0.0036551656667143106 1.1470742225646973 1.9625482559204102 0.4476476311683655 -1.7133235931396484 -0.3771096467971802 5.211371421813965 -2.4242844581604004 0.3934633433818817 0.7457880973815918 0.7607369422912598 0.9232694506645203 -2.17870831489563 2.5859172344207764 0.48343244194984436 1.885757565498352 1.8552138805389404 -1.4880136251449585 0.7343764901161194 0.36258748173713684 0.7086871862411499 0.9201907515525818 -2.9781033992767334 0.9982187151908875 -1.5582948923110962 2.2358486652374268 1.8479022979736328 -1.8578131198883057 0.7208350896835327 0.14125633239746094 0.9572426676750183 0.7652044296264648 0.34193891286849976 0.11734045296907425 -2.068571090698242 1.6430842876434326 3.0448148250579834 0.7886860966682434 0.4860014319419861 0.9706166982650757 0.8947202563285828 0.643822431564331 -2.9819583892822266 1.5736287832260132 -1.7858037948608398 0.004774332046508789 0.8235577940940857 1.0537221431732178 0.3117625415325165 0.9299253821372986 0.5263124108314514 0.35734450817108154 1.000571846961975 0.8296709656715393 -0.08867686986923218 0.4915822148323059 -0.06715448945760727 0.3845466375350952 0.5506579279899597 0.2707076370716095 0.17643694579601288 0.5941203236579895 -0.6314408779144287 2.892753839492798 -1.1273118257522583 3.2779903411865234 2.2763969898223877 0.6696649193763733 0.2696855366230011 0.8333379030227661 0.2601687014102936 0.2836240231990814 -1.023585557937622 1.3734973669052124 -3.2203264236450195 4.439719200134277 1.239798665046692 1.9225959777832031 0.08961743116378784 0.25670504570007324 0.20717670023441315 1.1553527116775513 -1.8894073963165283 0.19644784927368164 -0.6492350697517395 -1.2092278003692627 5.755468845367432 -1.4839138984680176 0.4255387485027313 0.6109368205070496 0.6923573017120361 0.6431993246078491 -2.9606218338012695 1.5399445295333862 -1.3679966926574707 0.16315686702728271 3.5615503787994385 -2.7494585514068604 0.112869992852211 0.06585579365491867 0.7714645862579346 0.10766742378473282 0.18160144984722137 2.3886210918426514 -0.07167564332485199 0.7188882231712341 -0.604289710521698 2.1462342739105225 0.577039361000061 0.5895877480506897 0.28626003861427307 0.5414586663246155 2.5822391510009766 1.3709049224853516 -4.447829723358154 1.7741291522979736 5.31345796585083 -2.2326712608337402 0.5177497267723083 0.5380653142929077 0.9454189538955688 0.2698669731616974 2.259760618209839 2.4113619327545166 -0.11844214797019958 1.592936396598816 2.548832893371582 -2.191610097885132 0.7615466713905334 0.9139246940612793 0.9135839343070984 0.6465080976486206 1.4131273031234741 0.5582492351531982 -3.8645951747894287 1.0948158502578735 0.39865949749946594 -2.3840444087982178 0.17579145729541779 0.20676742494106293 0.6614527702331543 0.38738691806793213 2.744347095489502 2.987884998321533 -1.502134919166565 4.873876094818115 2.2755918502807617 2.7490901947021484 0.6485425233840942 0.2029753178358078 0.2883417308330536 0.9298064112663269 -0.7638026475906372 1.195481538772583 -4.498536109924316 -1.4282459020614624 3.762493371963501 -0.8489881157875061 0.8692343235015869 0.2706372141838074 0.03356759995222092 0.5060316324234009 1.763388991355896 1.7553808689117432 0.7855525016784668 2.394540309906006 5.146209239959717 -0.5259160995483398 0.7940213680267334 0.800651490688324 0.2551857829093933 0.5423426032066345 -2.850064992904663 2.2496893405914307 -0.5519826412200928 3.5170719623565674 1.4568634033203125 -1.7726383209228516 0.25715750455856323 0.5717601776123047 0.5230275392532349 0.6070221662521362 1.4464086294174194 0.9392255544662476 -3.9928488731384277 -0.4583221673965454 0.15285779535770416 1.7357759475708008 0.3409566283226013 0.09674030542373657 0.6105009317398071 0.16970665752887726 -1.5950034856796265 0.6551873683929443 0.7785999774932861 -0.5090193152427673 2.1294596195220947 2.7603800296783447 0.30208805203437805 0.7555897831916809 0.4556995630264282 0.09759529680013657 1.6697131395339966 1.388748288154602 -3.5179715156555176 -1.2084232568740845 3.5241897106170654 0.4866553544998169 0.1985403299331665 0.19403937458992004 0.8293405771255493 0.1850915104150772 -2.2443718910217285 1.287129282951355 -2.053269386291504 -3.135586977005005 5.915350914001465 -0.2002943605184555 0.06451629847288132 0.04671252518892288 0.7125207781791687 0.1176670640707016 -1.5558803081512451 2.1510813236236572 0.9554697871208191 -0.13089045882225037 5.320202350616455 -1.002184271812439 0.7315513491630554 0.7501409649848938 0.07858108729124069 0.6624062061309814 2.2559595108032227 1.7473700046539307 -0.1544220894575119 -2.0752758979797363 -0.20211201906204224 -1.4613264799118042 0.07777581363916397 0.23377355933189392 0.031133323907852173 0.7879787087440491 -1.504876732826233 1.4862208366394043 -4.625184535980225 2.4403088092803955 1.2526355981826782 -0.7044705748558044 0.2517794072628021 0.6596473455429077 0.9398902058601379 0.7430685758590698 2.274484157562256 0.24359023571014404 -1.4049041271209717 -4.106777667999268 0.6947894096374512 0.19951224327087402 0.17496630549430847 0.7301544547080994 0.0625622496008873 1.0784552097320557 -2.2887303829193115 0.23201711475849152 -4.554537296295166 2.823486089706421 4.296640396118164 1.5153909921646118 0.6522375345230103 0.49566882848739624 0.7407761216163635 0.9291762709617615 1.4983969926834106 1.4505648612976074 -3.242666482925415 -1.3119593858718872 1.8691083192825317 -0.03766021504998207 0.7483475804328918 0.9123282432556152 0.30177775025367737 0.6031758785247803 -0.30537497997283936 2.4954304695129395 -2.300422191619873 1.189066767692566 5.374551296234131 1.4404665231704712 0.33082878589630127 0.13953545689582825 0.1473480612039566 1.1579935550689697 -2.0543055534362793 0.2722622752189636 -4.21660852432251 -0.08038110285997391 0.7096477746963501 2.9796712398529053 0.9616405367851257 0.7281771302223206 0.536170244216919 1.0953134298324585 2.036879777908325 2.0278818607330322 -2.296081304550171 3.534943103790283 0.28666600584983826 0.013991357758641243 0.7634109854698181 0.9073870182037354 0.7450486421585083 0.32917627692222595 2.2329607009887695 0.009714817628264427 -2.1478335857391357 -0.8683358430862427 5.153700351715088 0.5925986766815186 0.6262598037719727 0.7260304689407349 0.6868225932121277 0.1296427696943283 -2.7002124786376953 0.5713667273521423 0.0418737456202507 -3.0691781044006348 5.57255220413208 -1.29904305934906 0.9607831835746765 0.4833027422428131 0.8221377730369568 0.39244887232780457 -1.5617692470550537 1.4810593128204346 -4.38421106338501 1.7144004106521606 0.831795334815979 0.3366850018501282 0.0784953385591507 0.5428949594497681 0.0954858809709549 0.13992367684841156 -2.9834492206573486 1.7277895212173462 -2.255869150161743 0.9249945878982544 2.8949522972106934 2.5145349502563477 0.10058512538671494 0.09990228712558746 0.5205244421958923 0.20704153180122375 1.4923021793365479 1.817305326461792 -4.9501166343688965 -3.116907835006714 3.987122058868408 -1.0623959302902222 0.2835597097873688 0.7829697132110596 0.0022043900098651648 0.42431187629699707 1.634564757347107 2.840451240539551 -1.8665165901184082 4.621881008148193 4.812849044799805 1.5027759075164795 0.3055768311023712 0.8825638294219971 0.9800974726676941 0.9234939813613892 1.0583795309066772 0.9031704664230347 -1.5345410108566284 -1.251190423965454 2.0058624744415283 0.717038631439209 0.3360133469104767 0.9087947607040405 0.2027037888765335 1.1703647375106812 2.366485357284546 0.40804341435432434 -4.166454315185547 -0.9136791825294495 2.7869551181793213 -1.9440580606460571 0.9541338682174683 0.28627291321754456 0.9966262578964233 0.4424266219139099 1.4359455108642578 2.8650269508361816 -0.22660048305988312 4.655850887298584 1.3679008483886719 -1.477668285369873 0.5481634736061096 0.29491475224494934 0.9677144289016724 0.9884650111198425 0.2678111791610718 1.7982189655303955 -4.139227390289307 -2.9153940677642822 3.22956919670105 1.4624602794647217 0.06556278467178345 0.9890190362930298 0.21811848878860474 0.10406031459569931 1.1284700632095337 1.7247884273529053 -2.25958251953125 3.4145708084106445 5.126910209655762 -0.9776657819747925 0.5933198928833008 0.17743882536888123 0.5680372714996338 0.5411435961723328 2.8651797771453857 2.426316499710083 -1.310428261756897 0.9229981899261475 3.5193445682525635 -0.23501862585544586 0.2064349502325058 0.11086386442184448 0.93062424659729 0.5576776266098022 -1.5226397514343262 0.21214650571346283 -0.6734058856964111 -1.3288520574569702 2.1772353649139404 -2.757314920425415 0.034981485456228256 0.6593456864356995 0.4101504981517792 0.14246727526187897 -0.9483286142349243 1.3773256540298462 -3.180532693862915 -0.8400663733482361 5.092644691467285 -0.25488653779029846 0.993024468421936 0.5171817541122437 0.8195745944976807 1.1725190877914429 2.773317813873291 1.9412086009979248 -0.5044021010398865 -4.357551097869873 0.6761953830718994 -2.2362141609191895 0.6843831539154053 0.8110228180885315 0.1249229907989502 0.7069512605667114 -0.8989563584327698 0.1571968048810959 0.6651873588562012 2.880279064178467 3.86198353767395 -0.06875931471586227 0.11701924353837967 0.8446707129478455 0.05757231265306473 0.5580200552940369 1.1985300779342651 0.46776989102363586 -0.03353766351938248 -2.3615994453430176 0.8789017200469971 -1.2449450492858887 0.6860997676849365 0.17344927787780762 0.9571909308433533 0.3572746217250824 2.4628543853759766 2.7312583923339844 0.30868417024612427 -1.3066389560699463 0.10282160341739655 -2.8534786701202393 0.36864563822746277 0.35511916875839233 0.4736810326576233 0.9139214158058167 -2.3880257606506348 1.0551598072052002 -4.452865123748779 -1.6823482513427734 0.07953145354986191 -2.5534112453460693 0.059416528791189194 0.9816653728485107 0.9408175349235535 0.7295174598693848 -1.7210830450057983 1.4762285947799683 -4.854005813598633 -4.851119041442871 1.61624276638031 -0.6054663062095642 0.1909487545490265 0.49231401085853577 0.6232993006706238 0.5369095802307129 1.4954094886779785 1.7178065776824951 -3.666513681411743 -1.085575819015503 -0.3628268837928772 1.5986326932907104 0.7327512502670288 0.17702800035476685 0.39749956130981445 0.41477838158607483 -1.338760495185852 0.2749282121658325 0.18537859618663788 -3.984349489212036 5.676486015319824 1.3572784662246704 0.7567374110221863 0.9202955365180969 0.3904978334903717 0.7061065435409546 -2.0490942001342773 2.2650482654571533 -4.643941402435303 2.2258872985839844 3.193511486053467 -1.4989277124404907 0.9299781322479248 0.48576921224594116 0.8760573863983154 0.34842297434806824 1.8958194255828857 0.7238826155662537 0.8197402954101562 -2.2649965286254883 2.39207124710083 -0.6526799201965332 0.7729631662368774 0.8011685609817505 0.7714362740516663 0.5529834628105164 0.38178619742393494 1.9298628568649292 -4.937160968780518 3.7788288593292236 4.723773956298828 2.3468434810638428 0.4388042688369751 0.23988927900791168 0.2087985873222351 0.7139269113540649 -2.9337809085845947 0.2599009871482849 -4.2946882247924805 1.749834418296814 3.3602306842803955 -2.2379512786865234 0.1670248955488205 0.6463478207588196 0.8688374161720276 0.828633725643158 0.0580175518989563 0.4750947058200836 -4.952129364013672 -1.0087628364562988 5.1206793785095215 2.3946573734283447 0.5619490146636963 0.6004126071929932 0.668351411819458 0.14212611317634583 2.959256172180176 2.133063554763794 -3.6911678314208984 4.502283573150635 2.1738121509552 -1.6430048942565918 0.7536992430686951 0.16217119991779327 0.6778880953788757 0.8940686583518982 | 1.3027465343475342 3.0135066509246826 6.079729080200195 -1.163453221321106 4.230143070220947 2.3261756896972656 1.4383543729782104 1.3449467420578003 3.678161859512329 0.009404854848980904 -999 1.4148318767547607 1.2954965829849243 1.9284913539886475 7.73818826675415 1.157287359237671 -999 2.2691328525543213 1.0996447801589966 0.09830822050571442 3.4664998054504395 -0.8801411390304565 2.3651113510131836 2.227430582046509 -0.17357251048088074 -999 4.494278907775879 0.572037935256958 3.245633125305176 1.867175817489624 -0.7231601476669312 3.835035800933838 9.079085350036621 1.7211971282958984 2.523404121398926 3.9351344108581543 -0.9718239307403564 2.5137343406677246 6.731105327606201 -1.5471612215042114 0.9213564991950989 4.452703952789307 1.3935127258300781 0.8065024018287659 5.63618803024292 -2.9802799224853516 -999 2.5451066493988037 1.291588306427002 -999 6.798976898193359 0.2601725459098816 -999 2.1148369312286377 1.817834734916687 0.9074486494064331 5.210134983062744 -2.6633141040802 2.620426654815674 5.601058006286621 -2.9449591636657715 -999 -0.5519447326660156 0.5611742734909058 -999 7.001535892486572 3.036417007446289 -999 -2.1393930912017822 3.27923846244812 2.783095359802246 5.678926467895508 1.8335374593734741 -999 -0.4600691795349121 5.8636250495910645 3.184743881225586 7.457286357879639 -1.4722129106521606 -999 0.6603652834892273 3.027707099914551 -999 6.447871685028076 -0.7679581046104431 -999 5.0586137771606445 1.3730770349502563 -999 -1.9151240587234497 -1.6438690423965454 -999 2.12359619140625 1.4570304155349731 -999 -1.4523195028305054 -2.5955581665039062 -999 -0.8157025575637817 -1.6396510601043701 4.296489715576172 7.51407527923584 0.9277828931808472 0.35849863290786743 6.11032772064209 0.05692106857895851 1.0283876657485962 2.1239523887634277 -0.353852778673172 -0.571264386177063 5.92278528213501 -0.48169875144958496 1.7223471403121948 3.6153132915496826 0.7217179536819458 -999 3.395037889480591 0.4556276500225067 4.675622463226318 5.821475505828857 -2.1057467460632324 -0.5330830216407776 4.890381336212158 3.1680614948272705 -999 1.3083957433700562 2.1218137741088867 -999 -0.6319807767868042 -3.8787765502929688 -999 3.8630402088165283 -1.3423259258270264 -999 -2.9011154174804688 -2.8058512210845947 -999 0.38692161440849304 0.19566860795021057 -999 -0.7120726108551025 4.592568874359131 4.661154747009277 6.29525899887085 0.25761735439300537 0.927402675151825 6.124361991882324 1.971775770187378 -999 -0.14628805220127106 4.415689945220947 2.480963706970215 6.02769136428833 -0.012066670693457127 -999 -2.9188308715820312 2.931363582611084 -999 3.164210081100464 3.3672878742218018 -999 4.681721210479736 -1.6927332878112793 -999 0.4136578440666199 -1.4859720468521118 3.3770973682403564 3.8563413619995117 -0.015514606609940529 1.1144537925720215 5.264419078826904 0.6679154634475708 -999 6.7477803230285645 0.3672468066215515 -999 3.4882419109344482 1.6266059875488281 1.5375443696975708 5.682460784912109 -3.464724063873291 -0.15345972776412964 1.1129506826400757 -4.282474040985107 -999 0.7663083672523499 1.0611777305603027 -999 1.4729390144348145 -3.888742685317993 2.64835786819458 8.254035949707031 -1.3011949062347412 -999 -1.3675814867019653 0.6636606454849243 -999 6.584681510925293 2.8002374172210693 3.6935577392578125 3.7648189067840576 -1.8138898611068726 1.1509292125701904 1.4730218648910522 -0.07110408693552017 -999 -3.205613136291504 5.840722560882568 2.2647836208343506 2.457310438156128 | 0.13762342929840088 0.09914997965097427 0.061375461518764496 0.22140704095363617 0.17244772613048553 0.13078592717647552 0.2942717671394348 0.3502059876918793 0.2401665449142456 0.0000993549547274597 0.00034771973150782287 0.0007302964804694057 0.012283078394830227 0.029430879279971123 0.008285867050290108 0.006364309228956699 0.0165081936866045 0.004814916756004095 0.09225593507289886 0.17366357147693634 0.18487010896205902 0.021014247089624405 0.23936541378498077 0.24631868302822113 0.019495073705911636 0.023773571476340294 0.007604933809489012 0.023427097126841545 0.1392655372619629 0.04739256948232651 0.39799827337265015 0.3848192095756531 0.0016157998470589519 0.12071926146745682 0.22881671786308289 0.23340320587158203 0.22361232340335846 0.11040526628494263 0.21579012274742126 0.11794497072696686 0.023112740367650986 0.1566266119480133 0.0028855439741164446 0.005762857850641012 0.005312236491590738 0.004662736319005489 0.01390801090747118 0.007871555164456367 0.0019652722403407097 0.0009661428048275411 0.0006296951905824244 0.01105273887515068 0.03415335714817047 0.010662702843546867 0.03997448831796646 0.1145051047205925 0.09241263568401337 0.0021167597733438015 0.0030389863532036543 0.003443996887654066 0.012231198139488697 0.007136487402021885 0.08360004425048828 0.014343054965138435 0.014654961414635181 0.007115361280739307 0.026604240760207176 0.027648145332932472 0.04857975244522095 0.007666344288736582 0.009200304746627808 0.009196874685585499 0.0015369189204648137 0.001807737280614674 0.005782984662801027 0.20214124023914337 0.06326444447040558 0.08987190574407578 0.017231687903404236 0.005365108139812946 0.0006654436001554132 0.020998390391469002 0.02117372862994671 0.006748547311872244 0.006363994907587767 0.014149611815810204 0.012943603098392487 0.01950155943632126 0.005533216521143913 0.03491857647895813 0.00493793236091733 0.012350873090326786 0.007448866497725248 0.00975208543241024 0.009531003423035145 0.040736306458711624 0.0031072210986167192 0.002249759389087558 0.0343162827193737 0.02474529668688774 0.02537410520017147 0.0026580668054521084 0.014605972915887833 0.04390169680118561 0.005846708081662655 0.034923601895570755 0.09149780124425888 0.13036948442459106 0.07113417237997055 0.2968510389328003 0.02543526142835617 0.20298846065998077 0.15426136553287506 0.230543315410614 0.013865793123841286 0.016904115676879883 0.005591503344476223 0.14798645675182343 0.06241705268621445 0.06591179221868515 0.39974725246429443 0.30269813537597656 0.2228822261095047 0.02128111943602562 0.025294648483395576 0.02076924405992031 0.007935614325106144 0.009199852123856544 0.008703031577169895 0.02068418636918068 0.010404765605926514 0.017699362710118294 0.006689020432531834 0.04626307263970375 0.008136878721415997 0.007307481020689011 0.007257872726768255 0.03781595453619957 0.005554634146392345 0.015337547287344933 0.000043181666114833206 0.09380613267421722 0.27092990279197693 0.300870805978775 0.15226860344409943 0.4118315577507019 0.09185772389173508 0.022485846653580666 0.006746525876224041 0.023487254977226257 0.1932453066110611 0.10396696627140045 0.34115055203437805 0.005078366491943598 0.07660750299692154 0.01689503714442253 0.014410866424441338 0.004309727810323238 0.013796789571642876 0.005063037388026714 0.0027190546970814466 0.022824551910161972 0.003552299691364169 0.06695523113012314 0.0416499599814415 0.45099902153015137 0.23488692939281464 0.37222379446029663 0.06481420993804932 0.07680756598711014 0.011830777861177921 0.002940069418400526 0.0212220698595047 0.0014464851701632142 0.010129142552614212 0.002560695167630911 0.014131360687315464 0.11049108952283859 0.10643690824508667 0.14197246730327606 0.0072908950969576836 0.12045838683843613 0.11544602364301682 0.0031686348374933004 0.008169539272785187 0.010343130677938461 0.02610752172768116 0.006307409610599279 0.014162689447402954 0.07084693759679794 0.08615950495004654 0.03655901551246643 0.03315813094377518 0.017319975420832634 0.031235599890351295 0.01255714800208807 0.01301535777747631 0.012532343156635761 0.045438218861818314 0.02484055608510971 0.021621111780405045 0.03802236169576645 0.14713776111602783 0.1977863758802414 0.05585286393761635 0.05967581272125244 0.06642834097146988 0.21418021619319916 0.046084512025117874 0.19263680279254913 | 0.256788432598114 0.24174156785011292 0.3883685767650604 -0.0027987214270979166 0.020830700173974037 -0.006244346499443054 0.17354437708854675 0.21729916334152222 -0.005011424422264099 0.1050538718700409 0.507074773311615 0.28327012062072754 0.28019142150878906 0.12520480155944824 0.003822576953098178 -0.010655537247657776 -0.01387961208820343 -0.004376009106636047 0.515353262424469 0.0031994699966162443 -0.004332579672336578 -0.00254134857095778 -0.002133056754246354 0.00650827307254076 -0.01261313259601593 0.2898070812225342 -0.005968436598777771 -0.001657411572523415 -0.0009777435334399343 -0.006293356418609619 -0.01440470665693283 -0.006908506155014038 -0.010332942008972168 0.022406408563256264 0.14797911047935486 0.10306891798973083 0.4384559392929077 0.28917694091796875 -0.004824027419090271 0.5179941058158875 0.45531412959098816 -0.0068237632513046265 -0.014357239007949829 -0.007551178336143494 -0.004076331853866577 -0.000958491291385144 -0.007688179612159729 0.28349465131759644 0.5303652286529541 -0.005573436617851257 0.34846580028533936 -0.007939688861370087 -0.0028564187232404947 -0.0023223611060529947 -0.0015327335568144917 0.5325195789337158 0.06695151329040527 -0.0019799324218183756 -0.010725423693656921 0.27392205595970154 0.08951777219772339 -0.007090434432029724 -0.0012216755421832204 0.06610679626464844 -0.003577068680897355 -0.00701652467250824 0.07392719388008118 0.1886342167854309 -0.0018738956423476338 0.2540692687034607
FX 7 40 0.016 0.22 | -2.5648117065429688 2.301608085632324 -3.6940908432006836 2.877490758895874 2.0674924850463867 -1.0143356323242188 0.859044075012207 0.8179182410240173 0.7670102715492249 0.6784980893135071 -2.8917229175567627 2.855415105819702 -3.041377544403076 0.37765762209892273 4.608876705169678 -1.805284857749939 0.6420668363571167 0.10153386741876602 0.6065086126327515 0.28776606917381287 -0.02061854489147663 1.2770848274230957 0.39323368668556213 -1.735882043838501 0.34336939454078674 -1.5606887340545654 0.7660523056983948 0.7706654071807861 0.46238574385643005 1.1240134239196777 0.4938493072986603 2.734194755554199 -2.0883126258850098 -4.74293851852417 5.686534404754639 1.3880457878112793 0.36100852489471436 0.5303186178207397 0.9686160683631897 0.9437254667282104 -2.022022008895874 2.5674939155578613 -3.2603166103363037 3.6293036937713623 1.7726901769638062 1.5428251028060913 0.5524550080299377 0.3348332345485687 0.5699023008346558 0.10925659537315369 0.37131187319755554 1.1123573780059814 -0.5489416718482971 1.0015534162521362 4.577265739440918 0.5721842646598816 0.6916825175285339 0.7312583327293396 0.3172270953655243 0.5931588411331177 -0.6620726585388184 1.6605415344238281 -4.684044361114502 0.5588756203651428 -0.846383810043335 1.3899726867675781 0.757465124130249 0.20581208169460297 0.7758944034576416 1.0700372457504272 | -0.7232185006141663 2.365283489227295 4.4567341804504395 -2.7890007495880127 -999 0.2075849175453186 -1.1315828561782837 0.2373214215040207 8.194389343261719 -2.541630506515503 5.1140546798706055 7.600039958953857 -1.6736087799072266 -999 -1.792205572128296 0.9642307758331299 -999 7.9297943115234375 -0.30439233779907227 -0.14066381752490997 5.0055365562438965 | 0.048742588609457016 0.046409089118242264 0.04352054372429848 0.03517735004425049 0.005562804639339447 0.033229198306798935 0.32987159490585327 0.3318580389022827 0.1991090178489685 0.11618605256080627 0.17067638039588928 0.3117368817329407 0.06703183799982071 0.04062681645154953 0.06914879381656647 0.0013513992307707667 0.0014287218218669295 0.0006197936600074172 0.30441814661026 0.08271394670009613 0.3118246793746948 | 0.03849831968545914 -0.00023396610049530864 0.4840140640735626 0.3037261664867401 -0.002743408316746354 -0.014841094613075256 0.4300379455089569
FX 20 40 0.016 0.26 | 1.9826395511627197 1.2277395725250244 -2.1611244678497314 -4.950883865356445 3.244222640991211 -0.34276282787323 0.15653608739376068 0.5130906701087952 0.44101500511169434 0.9259870648384094 2.7967493534088135 2.194910764694214 -2.1754212379455566 1.8572118282318115 2.5797619819641113 0.048630375415086746 0.07996810227632523 0.6663338541984558 0.03361135348677635 1.0177210569381714 0.6385063529014587 2.9767072200775146 0.8264660835266113 3.3266639709472656 0.6530807018280029 -0.9847232103347778 0.647209882736206 0.8190426230430603 0.38064542412757874 0.3375898003578186 0.1589994877576828 1.5312442779541016 -0.9652106761932373 -1.2646743059158325 -0.8650142550468445 -0.17936675250530243 0.1925397366285324 0.44694963097572327 0.4965381324291229 0.744920551776886 1.103560447692871 2.2229344844818115 0.35945501923561096 -3.3907010555267334 3.140873908996582 -1.0078788995742798 0.228919118642807 0.8841865658760071 0.8651055097579956 0.35006317496299744 -2.617229461669922 2.977797269821167 -1.8699591159820557 -3.293795108795166 4.402673244476318 0.9030070304870605 0.4192483425140381 0.04265376925468445 0.316545307636261 0.8589780330657959 -1.5189406871795654 1.5265381336212158 -3.038572311401367 -3.0052108764648438 0.8099316954612732 -1.4259365797042847 0.8457638025283813 0.3153272867202759 0.27477341890335083 0.19534379243850708 -2.566885471343994 0.12460210919380188 -1.9002000093460083 -3.828753709793091 1.5146663188934326 2.171975612640381 0.24269871413707733 0.7856481671333313 0.12038902938365936 0.3822627365589142 1.2681576013565063 1.9611859321594238 -4.307940483093262 2.629995584487915 -0.3872951567173004 0.4742492437362671 0.8215469121932983 0.11616522818803787 0.05747236683964729 0.8951536417007446 -1.0458595752716064 1.5088801383972168 -3.0419437885284424 0.47829657793045044 3.264028310775757 2.640559673309326 0.08045592159032822 0.5882360935211182 0.12403987348079681 0.05489437282085419 -0.7933981418609619 2.4094274044036865 -0.0414569117128849 2.3627195358276367 5.976738929748535 -1.6712926626205444 0.08281847834587097 0.6234479546546936 0.005175401456654072 0.6730442643165588 -1.9359469413757324 1.4090453386306763 -1.288428783416748 3.473151683807373 1.81942617893219 -2.3455617427825928 0.22520464658737183 0.9016199111938477 0.07641338557004929 1.1909877061843872 -2.190638542175293 2.886049270629883 -3.577436685562134 -1.7830774784088135 5.272994518280029 -1.5201058387756348 0.7792571187019348 0.06811174005270004 0.8185462951660156 1.0180073976516724 -1.6493867635726929 0.6289091110229492 -3.5712859630584717 -0.5612137913703918 -0.3212102949619293 -0.2389407753944397 0.5497076511383057 0.6317787766456604 0.10266201943159103 0.5247697830200195 1.4880268573760986 0.24759387969970703 -0.5782365202903748 3.0076682567596436 2.6480612754821777 0.9911522269248962 0.7268499135971069 0.9536224007606506 0.029319651424884796 0.5259504318237305 0.039408743381500244 2.0788967609405518 -1.413795828819275 -2.394810676574707 0.9253664016723633 2.3330237865448 0.5801730751991272 0.13170047104358673 0.5389186143875122 0.19811351597309113 2.14937424659729 1.9602757692337036 -4.616603374481201 2.0899102687835693 3.981318235397339 2.866316795349121 0.5121822953224182 0.6797562837600708 0.9724416136741638 0.209171324968338 -1.2053247690200806 0.05845993012189865 -2.1954550743103027 3.186521530151367 0.8927088379859924 1.1778812408447266 0.6331664323806763 0.8095279932022095 0.4085266590118408 0.5085182785987854 0.2861270010471344 2.135758876800537 -4.937478542327881 0.7456676363945007 -0.4825981557369232 0.28389281034469604 0.8867791891098022 0.16881510615348816 0.4891563653945923 0.1062743216753006 0.29561689496040344 0.5677763819694519 -2.9234836101531982 -4.637096405029297 0.0444575771689415 1.3760074377059937 0.961706817150116 0.841590166091919 0.7238998413085938 0.7271214723587036 | -1.1859257221221924 2.044522523880005 8.019505500793457 3.985361337661743 2.5864388942718506 8.255701065063477 1.7562651634216309 -999 5.955599784851074 -0.6503919363021851 -0.28188449144363403 9.319992065429688 -0.035714901983737946 -999 5.480807781219482 -4.725256443023682 4.535987854003906 9.107964515686035 -2.0959415435791016 -999 -0.1923522800207138 -3.975865125656128 -999 4.879087448120117 2.951354742050171 0.4537973701953888 6.3955793380737305 -1.0229012966156006 -999 -2.1351969242095947 0.7187424302101135 4.9750189781188965 9.288912773132324 0.2868709862232208 1.3139582872390747 7.610415458679199 -3.3318052291870117 5.00124454498291 5.849693298339844 -1.936728835105896 -999 4.626376152038574 3.02795147895813 -999 8.24923324584961 -0.4203948676586151 -999 2.154144525527954 2.5840771198272705 -999 -0.6404099464416504 0.3751899003982544 -999 6.448775291442871 0.3577110469341278 -999 -3.3502252101898193 -2.6721248626708984 -0.6632905006408691 8.357162475585938 | 0.048345599323511124 0.1584661900997162 0.13620588183403015 0.029679743573069572 0.24730631709098816 0.012474678456783295 0.00304780132137239 0.0038569855969399214 0.001792512135580182 0.027118921279907227 0.06295215338468552 0.06993661820888519 0.009196396917104721 0.035520538687705994 0.03475399315357208 0.10687864571809769 0.01087369117885828 0.08069664239883423 0.014477255754172802 0.005397575441747904 0.00470339972525835 0.009055384434759617 0.02931348979473114 0.004491861443966627 0.23417341709136963 0.03311169147491455 0.016381900757551193 0.010104736313223839 0.07387859374284744 0.015578594990074635 0.004066139925271273 0.030609434470534325 0.00025409675436094403 0.10418670624494553 0.41711756587028503 0.0353512205183506 0.2893550395965576 0.025291364639997482 0.3039439618587494 0.013376578688621521 0.015373696573078632 0.0024981761816889048 0.019279077649116516 0.025294026359915733 0.00077767891343683 0.017903301864862442 0.004064085893332958 0.016630249097943306 0.0028680823743343353 0.0038064513355493546 0.005445410031825304 0.015586677007377148 0.01992817409336567 0.010056712664663792 0.08573144674301147 0.016320593655109406 0.04729033261537552 0.11522918194532394 0.10083712637424469 0.08673577755689621 | 0.2859877347946167 0.3777218461036682 -0.014410242438316345 0.104920893907547 -0.001936867949552834 0.21897858381271362 -0.012656226754188538 -0.0017373115988448262 0.25515425205230713 -0.009105626493692398 0.03304446488618851 0.5509881377220154 0.3780081868171692 -0.0032302590552717447 -0.0020496102515608072 -0.009886503219604492 -0.014828696846961975 -0.003481790656223893 -0.005725681781768799 0.08712178468704224
FX 21 40 0.016 0.30000000000000004 | 0.42380791902542114 0.007759208790957928 -4.083188056945801 -3.952676296234131 0.8251339793205261 -1.2013287544250488 0.21747763454914093 0.14361225068569183 0.8255018591880798 0.395376592874527 -1.3887017965316772 1.7728865146636963 -2.165112257003784 3.3384814262390137 4.703742027282715 0.027713747695088387 0.6535863280296326 0.8579728007316589 0.25515860319137573 0.4843205213546753 -1.3911219835281372 1.551424264907837 0.2776124179363251 -4.366580486297607 0.9345851540565491 -2.5147268772125244 0.9176266193389893 0.7942124605178833 0.5900893211364746 0.5079973340034485 -1.1230279207229614 2.3679659366607666 -0.9828664660453796 -2.3474693298339844 1.074548363685608 2.613194227218628 0.8158575296401978 0.38954299688339233 0.42693471908569336 0.15609940886497498 0.6782703399658203 0.08233112096786499 -4.866189479827881 -2.1883366107940674 5.819416046142578 -1.764478087425232 0.5105994939804077 0.5975614190101624 0.6130251288414001 1.0179096460342407 1.5563304424285889 1.4501994848251343 -2.7733538150787354 -4.805375576019287 -0.9581764340400696 0.06761084496974945 0.4046246111392975 0.8275107741355896 0.6460390686988831 0.31281718611717224 -0.24183018505573273 1.001375675201416 -4.311867713928223 2.63930082321167 -0.8980951309204102 -0.21308475732803345 0.5855213403701782 0.3396296203136444 0.4204968512058258 0.12936866283416748 1.998591661453247 0.18120358884334564 0.25890299677848816 -3.060441255569458 4.069100379943848 0.9702153205871582 0.4604126513004303 0.08032018691301346 0.0405118502676487 0.12384384870529175 -0.7884901165962219 2.0704686641693115 -3.731788396835327 -0.03140752762556076 2.2677435874938965 0.1830940991640091 0.011156447231769562 0.6445688605308533 0.5893567800521851 0.5457358956336975 0.3248385787010193 2.6154162883758545 -2.040708541870117 2.131728172302246 4.724739074707031 2.9306604862213135 0.5413047671318054 0.29405173659324646 0.10425212234258652 0.1297200471162796 -2.0581107139587402 0.2652484178543091 -3.16865873336792 -0.8068673014640808 2.2492129802703857 -2.5901293754577637 0.14449135959148407 0.6102917790412903 0.8043968677520752 0.4332050085067749 -0.67558753490448 2.2352828979492188 -2.858708620071411 3.1531975269317627 5.582821369171143 -1.9663305282592773 0.34082096815109253 0.5740149617195129 0.04368362948298454 0.33401501178741455 -0.30675286054611206 2.281576156616211 -1.8400394916534424 4.916623592376709 3.4809155464172363 -0.8694666028022766 0.5351694226264954 0.7555086016654968 0.7575958371162415 0.997970461845398 -1.2600558996200562 2.3281567096710205 -4.48896598815918 -0.14474895596504211 5.140793800354004 2.962656259536743 0.36694303154945374 0.9595579504966736 0.6853010654449463 1.1426060199737549 2.740037441253662 1.389501690864563 -2.7173166275024414 -3.4837660789489746 4.592052459716797 0.010908249765634537 0.9866379499435425 0.8706575036048889 0.8011680841445923 0.26125091314315796 2.0234909057617188 0.09389365464448929 0.2878338694572449 0.35476553440093994 4.333302021026611 -1.296391487121582 0.40652647614479065 0.3159884214401245 0.658402681350708 0.2503083348274231 1.8982354402542114 1.0986719131469727 -1.505336046218872 -1.044819951057434 2.1734843254089355 -1.0305386781692505 0.2189195156097412 0.209066241979599 0.3473588228225708 0.4301561713218689 -0.8918099999427795 0.7068672776222229 -1.6547424793243408 2.287907123565674 3.9576528072357178 -2.370575189590454 0.8847283720970154 0.15420569479465485 0.5639292597770691 1.0455904006958008 -0.31859901547431946 0.14992821216583252 -4.261261463165283 0.4008958637714386 3.0868024826049805 1.5237547159194946 0.3284665048122406 0.6130847334861755 0.11202429980039597 0.6354636549949646 -2.6020288467407227 2.8469960689544678 -0.09986647218465805 2.2753660678863525 1.5584615468978882 2.986630916595459 0.2817050516605377 0.7207606434822083 0.7660124897956848 0.3624158203601837 -2.627957344055176 2.357330799102783 -3.255145311355591 0.875450074672699 -0.3876485824584961 -0.2890251874923706 0.18511933088302612 0.3431614637374878 0.21356640756130219 1.1914952993392944 | -1.0940195322036743 -999 2.655501127243042 0.21376913785934448 -999 6.84819221496582 -3.5569450855255127 -999 8.330306053161621 -1.4610635042190552 -999 2.093433380126953 -0.7222649455070496 2.547236204147339 6.004546642303467 0.09549602121114731 -999 2.9471993446350098 0.0960003212094307 -999 -1.9391428232192993 1.6558226346969604 -999 2.467566967010498 -0.8055760264396667 -999 6.567812919616699 0.597699761390686 -999 0.7344160079956055 -2.406677722930908 -999 3.812406539916992 0.33343568444252014 -999 2.5120656490325928 2.83988618850708 3.249842405319214 9.603503227233887 -1.3526958227157593 4.358743667602539 9.407135009765625 1.8481920957565308 -999 2.085475444793701 2.1086349487304688 -999 4.476700305938721 1.463591456413269 -999 5.8659586906433105 0.5724503993988037 1.980245590209961 8.82808780670166 -0.0684400126338005 -999 8.38956069946289 -1.8011012077331543 -999 7.551426410675049 -2.067673683166504 0.8497158885002136 8.559882164001465 | 0.006257688160985708 0.004132290370762348 0.023752940818667412 0.005830415990203619 0.007653676904737949 0.002276181010529399 0.021671392023563385 0.018756747245788574 0.013936013914644718 0.06323780864477158 0.030193807557225227 0.03309207037091255 0.18956582248210907 0.2218514084815979 0.22759249806404114 0.011404857039451599 0.02332443930208683 0.0182094294577837 0.006194514222443104 0.003593106521293521 0.004448640160262585 0.04403169825673103 0.00768144428730011 0.0038743626791983843 0.0000354864532710053 0.002050246112048626 0.001874627429060638 0.007177494000643492 0.003899013390764594 0.0013823432382196188 0.0004018993640784174 0.0016975124599412084 0.002237411215901375 0.014300542883574963 0.02408515475690365 0.001832926063798368 0.19196487963199615 0.27100038528442383 0.2717490792274475 0.16140997409820557 0.4220879077911377 0.3014484941959381 0.01983044110238552 0.017499350011348724 0.016102680936455727 0.01674175076186657 0.013013173826038837 0.02711462788283825 0.007204476278275251 0.00688021257519722 0.011431316845119 0.3431917726993561 0.059817373752593994 0.21875175833702087 0.0059255557134747505 0.011060086078941822 0.002020925283432007 0.008096159435808659 0.020714549347758293 0.022015081718564034 0.08568436652421951 0.1588357836008072 0.09885138273239136 | -0.0046234577894210815 -0.011679545044898987 -0.004002735018730164 -0.0039006026927381754 0.37791043519973755 -0.007182851433753967 -0.014631345868110657 -0.004156157374382019 -0.014264121651649475 -0.014279961585998535 -0.014795050024986267 -0.0019850286189466715 0.35797128081321716 0.5026066303253174 -0.01074911653995514 -0.005691692233085632 -0.0018438847037032247 0.4055911898612976 -0.00453619658946991 -0.005584225058555603 0.5514957308769226
FX 24 40 0.016 0.33999999999999997 | -0.06812313199043274 1.564434289932251 -1.9716424942016602 3.9723987579345703 2.02936053276062 -0.2505515515804291 0.035427652299404144 0.21685591340065002 0.7747048139572144 0.9440841674804688 -1.6093440055847168 0.9946693778038025 -2.842155933380127 -1.6228811740875244 0.4432888925075531 -1.216377854347229 0.3200282156467438 0.7413284182548523 0.22370143234729767 0.43039804697036743 -2.8424909114837646 1.3158631324768066 -1.7953529357910156 3.625253915786743 1.195725440979004 2.6396098136901855 0.3735986649990082 0.5330752730369568 0.057035893201828 0.4931962192058563 2.350276231765747 1.9669947624206543 -0.2975173592567444 -3.047532081604004 4.236364841461182 -2.3609578609466553 0.8629488348960876 0.8533470630645752 0.7662203311920166 0.6216753125190735 -1.177854299545288 2.803687572479248 -4.556086540222168 2.2757959365844727 -0.8005123138427734 -1.504480242729187 0.39503350853919983 0.462617963552475 0.9764145612716675 0.8470861315727234 -0.3593409061431885 0.5230459570884705 -1.6432557106018066 -3.7912213802337646 3.2697012424468994 -0.18705543875694275 0.5612658262252808 0.8793741464614868 0.7472317218780518 0.3000621497631073 -2.2263128757476807 2.0691587924957275 -2.998753070831299 -0.32933309674263 -0.709554135799408 -1.2182759046554565 0.8727084398269653 0.30647316575050354 0.2255568504333496 0.3850519061088562 1.6788774728775024 0.9369000792503357 -2.0405805110931396 -3.1445534229278564 1.2114437818527222 2.378528118133545 0.28207719326019287 0.3744644522666931 0.6390389800071716 0.7118585109710693 1.9174442291259766 1.332839846611023 -1.2552986145019531 -3.625649929046631 1.5090444087982178 2.982957601547241 0.7931634187698364 0.22815674543380737 0.5764931440353394 1.1145731210708618 -2.4513227939605713 2.366814374923706 -2.5528013706207275 3.9401423931121826 4.376945495605469 -2.2121782302856445 0.7693130970001221 0.7392637133598328 0.5738670825958252 0.596815824508667 -0.4123774468898773 1.8923864364624023 -0.28452011942863464 1.6191717386245728 2.2424604892730713 -0.6750726699829102 0.9075449109077454 0.049470264464616776 0.5566060543060303 0.05534481629729271 0.12755925953388214 0.42622560262680054 -2.567667007446289 -3.2757480144500732 -0.49464812874794006 1.6080373525619507 0.9343656897544861 0.003689565695822239 0.08519475907087326 0.1578236222267151 0.6447432637214661 2.6583755016326904 0.9289402365684509 2.544323205947876 1.1269793510437012 -0.9669479131698608 0.17416530847549438 0.09847783297300339 0.8549256324768066 0.10910572856664658 0.3879893720149994 2.2327141761779785 -4.025016784667969 1.1824849843978882 4.399415493011475 1.7531713247299194 0.013137838803231716 0.7872437834739685 0.8657612204551697 0.7107110023498535 0.2804647982120514 1.9848101139068604 -4.9316205978393555 0.4440515339374542 3.804068088531494 -1.4366827011108398 0.0310379546135664 0.8249452710151672 0.18889307975769043 0.21892765164375305 -2.6528480052948 1.16472589969635 -3.6726222038269043 -0.21325187385082245 5.042938709259033 -0.4884035885334015 0.46413981914520264 0.876572847366333 0.37467506527900696 0.49287503957748413 0.6377197504043579 0.4722279906272888 -0.7103845477104187 2.4407880306243896 4.377552509307861 0.9662656188011169 0.006095839664340019 0.13801434636116028 0.45804205536842346 0.22121571004390717 -0.5745033025741577 1.5638606548309326 -2.2890217304229736 -4.187930583953857 1.5013229846954346 -2.617786169052124 0.9322080016136169 0.14608441293239594 0.08678937703371048 0.48320186138153076 0.643315315246582 1.4537757635116577 0.43504050374031067 -2.966632604598999 2.7420814037323 -0.6664518713951111 0.2723676562309265 0.2584269344806671 0.12060169130563736 0.5988964438438416 -0.5391513109207153 1.6100105047225952 -4.250002861022949 4.925241470336914 4.313654899597168 -2.188119888305664 0.6238482594490051 0.919588565826416 0.3662196397781372 0.33540159463882446 0.7005332112312317 1.7457563877105713 -1.3847198486328125 2.5966453552246094 -0.07042355090379715 -2.4421675205230713 0.3638947606086731 0.1767672300338745 0.880677342414856 0.8444098234176636 0.147073432803154 0.739057183265686 -4.652353763580322 0.8402472734451294 5.273918628692627 1.9230425357818604 0.038436345756053925 0.21372167766094208 0.9604010581970215 0.10227701812982559 2.312751293182373 2.245123863220215 -4.638278961181641 4.076387405395508 2.911574125289917 2.244737386703491 0.891228437423706 0.7490141987800598 0.21465004980564117 0.6704422831535339 -0.9253844618797302 1.7410895824432373 0.44567134976387024 2.8790204524993896 1.0598206520080566 -1.8422706127166748 0.2717285454273224 0.963969349861145 0.24905309081077576 0.8776170611381531 | 2.4742112159729004 1.6037051677703857 11.46800422668457 -2.2844624519348145 -999 5.4918317794799805 -1.1023685932159424 -999 9.671658515930176 0.49737682938575745 -999 11.187024116516113 0.2786548137664795 1.031840205192566 8.081047058105469 -1.4512124061584473 -999 4.422872066497803 -2.352775812149048 -999 4.693428039550781 -0.33363720774650574 0.4527042508125305 13.081679344177246 -0.4029708504676819 1.039108395576477 14.253800392150879 -0.1187591627240181 -999 8.717588424682617 -0.334657222032547 -999 0.7030763626098633 -0.3441484570503235 -999 0.723890483379364 0.8889984488487244 -999 2.8761134147644043 1.1447795629501343 3.7888200283050537 10.697010040283203 0.3728273808956146 -999 -0.8104507327079773 -2.7552082538604736 -999 6.29294490814209 1.1454036235809326 -999 3.9105982780456543 -2.5847103595733643 -999 6.654439449310303 -1.1129311323165894 -999 12.620505332946777 1.0369257926940918 -999 1.849798321723938 2.36238694190979 0.4411657452583313 10.652291297912598 0.2277372032403946 -999 -2.427741289138794 4.921641826629639 2.8490118980407715 10.398353576660156 0.9171884059906006 1.159854769706726 12.866621017456055 | 0.011411072686314583 0.06984822452068329 0.24952861666679382 0.010705818422138691 0.024799462407827377 0.00748342415317893 0.00999615341424942 0.014263172633945942 0.0015260748332366347 0.0189828984439373 0.018771681934595108 0.016855092719197273 0.0965736135840416 0.11309594660997391 0.23870350420475006 0.022562168538570404 0.03534971550107002 0.030037758871912956 0.0023839976638555527 0.0008371997973881662 0.0006161588244140148 0.02847437560558319 0.037800438702106476 0.06450799852609634 0.3377208113670349 0.09714678674936295 0.24546483159065247 0.006207860074937344 0.005965380929410458 0.004630737006664276 0.12044038623571396 0.006565204355865717 0.07386725395917892 0.0818401426076889 0.0003231653245165944 0.007462122477591038 0.02092064917087555 0.011829107068479061 0.10269323736429214 0.0013071325374767184 0.07832581549882889 0.0861378088593483 0.0015492390375584364 0.04117659851908684 0.009428474120795727 0.012124346569180489 0.022897997871041298 0.009787331335246563 0.0003641726798377931 0.008245140314102173 0.02736397460103035 0.006177001167088747 0.0009679852519184351 0.0005750841810368001 0.003136425046250224 0.0029758920427411795 0.001388777862302959 0.02864694781601429 0.04222726449370384 0.01681670919060707 0.08808975666761398 0.04279089346528053 0.21318979561328888 0.002358941361308098 0.013116671703755856 0.05894238501787186 0.040467627346515656 0.03401016816496849 0.009746522642672062 0.07357137650251389 0.26099780201911926 0.06743192672729492 | 0.3040848672389984 -0.0016020090552046895 -0.0028038474265486 -0.002324566477909684 0.20708665251731873 -0.003937885165214539 -0.014948144555091858 0.07185879349708557 0.4745737314224243 -0.011184081435203552 -0.008655183017253876 -0.002176389330998063 -0.0028942751232534647 0.07071128487586975 -0.005072370171546936 -0.0031250270549207926 -0.002784312004223466 -0.012798205018043518 -0.009103462100028992 -0.0005984475719742477 0.2044103443622589 -0.009722985327243805 0.030442485585808754 0.2376176416873932
FX 19 40 0.016 0.38 | 1.6632015705108643 1.970224142074585 -2.1309149265289307 -2.0794427394866943 0.7249215245246887 1.0783807039260864 0.110959991812706 0.0849134773015976 0.690056562423706 1.0521193742752075 0.3284710645675659 0.47082260251045227 -1.2946935892105103 4.130667686462402 5.571583271026611 -0.07383184880018234 0.9170358180999756 0.5982618927955627 0.5596134066581726 0.5047172904014587 2.7291483879089355 0.07966366410255432 -3.2572202682495117 -1.9267683029174805 5.144805431365967 -0.49477434158325195 0.7334246039390564 0.15809106826782227 0.5716496109962463 0.5587431192398071 0.3853926658630371 1.8960765600204468 -1.0921614170074463 3.8819332122802734 -0.3968217074871063 1.1597944498062134 0.18279020488262177 0.7740353941917419 0.3568592965602875 0.838162362575531 -2.4055557250976562 0.0744909793138504 -0.6118152737617493 -2.5591185092926025 1.603074073791504 -2.7447304725646973 0.2062959223985672 0.41324350237846375 0.3407091200351715 0.9928575158119202 1.9093787670135498 0.08877815306186676 -4.527552127838135 -4.37630558013916 4.976165294647217 -2.263533353805542 0.811949610710144 0.9443371295928955 0.5221177339553833 0.6249759793281555 1.315269112586975 1.5079987049102783 -0.9358287453651428 1.6636356115341187 -0.43980878591537476 0.7733376026153564 0.7510926127433777 0.3417142629623413 0.7421731948852539 0.08300910145044327 2.015219211578369 1.0980533361434937 0.15764068067073822 -0.25530320405960083 5.496093273162842 -2.742309093475342 0.1899331510066986 0.10758080333471298 0.5549699068069458 0.7754824757575989 -1.1070374250411987 0.06551957875490189 -2.4037609100341797 -1.0077756643295288 -0.7166469097137451 0.373451828956604 0.7934654355049133 0.5534736514091492 0.9961773157119751 0.16875755786895752 2.021562099456787 1.1374702453613281 0.3656131327152252 0.9237666726112366 -0.07152433693408966 -2.49538516998291 0.6420742869377136 0.10964313894510269 0.9021791219711304 0.4487929046154022 -1.9294441938400269 1.487510323524475 0.428295761346817 1.496547818183899 2.8768131732940674 0.621694803237915 0.35373565554618835 0.40950635075569153 0.4901813864707947 0.3819991946220398 -0.17732761800289154 2.6969802379608154 -4.459401607513428 4.54917049407959 -0.4549940526485443 1.4925224781036377 0.8000786304473877 0.653732180595398 0.9154973030090332 0.4528661072254181 -2.642979621887207 2.7990481853485107 0.9754998087882996 -2.61030912399292 1.9034978151321411 -1.4369392395019531 0.15536169707775116 0.26798611879348755 0.45591363310813904 0.6220855712890625 0.7881371378898621 2.158513069152832 -3.091198682785034 0.907102108001709 1.0278923511505127 2.575390338897705 0.5674848556518555 0.8268599510192871 0.3954550623893738 0.32151952385902405 -0.6744029521942139 2.4538028240203857 0.7821394801139832 -3.3167572021484375 3.0300910472869873 1.875475525856018 0.6896453499794006 0.33712872862815857 0.1059003695845604 0.6212396025657654 1.3065088987350464 2.0570828914642334 -0.2977410852909088 -3.3703057765960693 1.633481502532959 -2.387643337249756 0.035201847553253174 0.5114800930023193 0.6551729440689087 1.0065339803695679 1.7259950637817383 1.7148261070251465 -1.6920360326766968 -0.3404359519481659 0.26246750354766846 1.7481461763381958 0.9728235006332397 0.370132178068161 0.46835052967071533 1.0362757444381714 1.0532007217407227 2.292752981185913 0.06250748783349991 0.3639688193798065 3.9155983924865723 0.6944935917854309 0.9915006756782532 0.9148879647254944 0.053751908242702484 0.5945801138877869 -0.743083655834198 0.6319993138313293 -0.5269821286201477 -0.670691728591919 -0.18912628293037415 2.1545422077178955 0.42548197507858276 0.9430766701698303 0.5670819282531738 0.4680834412574768 | 0.33235859870910645 1.174654245376587 13.759245872497559 2.37728214263916 -999 10.44868278503418 1.6809883117675781 -999 9.393623352050781 2.8698291778564453 0.38259100914001465 14.850107192993164 -4.04339599609375 -0.15906141698360443 12.831558227539062 -0.8214364647865295 -999 8.880001068115234 1.448359727859497 -999 1.0260382890701294 1.8518261909484863 3.356031894683838 13.602568626403809 -1.268281102180481 -999 1.455991268157959 2.4354100227355957 -999 9.88768196105957 -1.3787152767181396 -999 9.397077560424805 1.8607003688812256 -999 6.849250316619873 -4.230047225952148 -999 14.541839599609375 1.0784094333648682 -999 5.332927227020264 -2.690992593765259 -999 16.3624267578125 -0.8504872918128967 1.8429911136627197 13.37416934967041 1.5081138610839844 0.6232853531837463 14.626779556274414 1.2686699628829956 -999 14.53365421295166 -1.0542842149734497 -999 11.49272346496582 | 0.04346355050802231 0.0332610085606575 0.27029839158058167 0.01583857834339142 0.01033287588506937 0.009665358811616898 0.019352314993739128 0.004171428270637989 0.015083681792020798 0.04321625083684921 0.18300163745880127 0.08437060564756393 0.07331689447164536 0.1468653827905655 0.12108690291643143 0.001268116058781743 0.0014748809626325965 0.000815451901871711 0.027227289974689484 0.012387225404381752 0.02690395899116993 0.03318281099200249 0.018795210868120193 0.09695760160684586 0.04117627814412117 0.028722088783979416 0.05169585719704628 0.0011342964135110378 0.00019369693472981453 0.001593800843693316 0.0129633704200387 0.01500720251351595 0.017963705584406853 0.008596844039857388 0.007024351507425308 0.009837017394602299 0.0035178072284907103 0.006067927461117506 0.010323111899197102 0.0026819019112735987 0.003907694015651941 0.0018688986310735345 0.014697572216391563 0.007184814196079969 0.0022569256834685802 0.012818943709135056 0.1862582415342331 0.23858477175235748 0.37201207876205444 0.14154021441936493 0.17909935116767883 0.004302612505853176 0.003970152232795954 0.00023325617075897753 0.0037117386236786842 0.008227032609283924 0.004947001580148935 | 0.41212010383605957 -0.00728277862071991 -0.0012568720849230886 0.19816288352012634 0.352858304977417 -0.01502390205860138 -0.012990899384021759 0.13548287749290466 -0.007242456078529358 -0.015207156538963318 -0.0020008536521345377 -0.011133953928947449 -0.0019143075915053487 -0.01448051631450653 -0.0027602764312177896 0.3665347993373871 0.3962765038013458 -0.013419821858406067 -0.011916622519493103
FX 12 40 0.016 0.42000000000000004 | -0.1151658371090889 1.6018437147140503 -0.601855993270874 4.618959903717041 3.6358301639556885 -0.16560782492160797 0.9884013533592224 0.8596420884132385 0.42022085189819336 0.46589621901512146 2.4674723148345947 2.050102710723877 0.33383217453956604 -2.0928423404693604 5.356023788452148 -2.4238035678863525 0.8687713742256165 0.8695897459983826 0.11679509282112122 0.09517373889684677 -0.6989524960517883 2.5492565631866455 -0.7978529930114746 -4.191284656524658 -0.9896837472915649 -1.2381021976470947 0.7527151107788086 0.16362285614013672 0.8120549321174622 0.38236716389656067 1.201857089996338 2.569091558456421 -3.175178289413452 -3.4422719478607178 0.1926669031381607 1.520967721939087 0.41998934745788574 0.22547967731952667 0.04309135675430298 0.3130093514919281 1.0683770179748535 2.1191606521606445 -1.9677530527114868 -2.145381450653076 5.737318992614746 -0.023122737184166908 0.19520451128482819 0.6345723867416382 0.8158406019210815 0.40554845333099365 0.20316722989082336 1.438889503479004 -4.44340181350708 -2.9586827754974365 1.9460936784744263 -0.23386837542057037 0.1452111154794693 0.16338156163692474 0.02818535454571247 0.2574891448020935 -2.816570520401001 2.0139667987823486 -0.863739550113678 -3.9510138034820557 3.3238983154296875 -2.222290515899658 0.458892285823822 0.2486315369606018 0.2597741186618805 0.7418771982192993 0.6365169882774353 0.4817642569541931 -0.7096360921859741 -2.0157318115234375 4.116753578186035 1.6631630659103394 0.4132305979728699 0.5760167241096497 0.07520471513271332 0.3119547367095947 -1.9871991872787476 1.3461284637451172 -2.051375150680542 -0.09945515543222427 2.568711042404175 0.40781763195991516 0.6319401264190674 0.05450068414211273 0.8018084168434143 0.193452388048172 -0.4395940601825714 2.4819374084472656 0.6981011629104614 0.34716007113456726 1.8411500453948975 1.790095567703247 0.14164279401302338 0.208283469080925 0.6242242455482483 0.3926859498023987 2.0207459926605225 0.938286542892456 -0.19751520454883575 -0.7375724911689758 5.668890953063965 -1.2163017988204956 0.4369175136089325 0.8902212381362915 0.038601960986852646 0.5151100754737854 1.5697453022003174 1.7305917739868164 -4.10799503326416 -2.1599204540252686 0.36734455823898315 1.4185677766799927 0.8166028261184692 0.8952006697654724 0.2744476795196533 0.38370680809020996 | 2.028031349182129 -999 11.501297950744629 2.3000452518463135 -999 2.2399277687072754 -2.2413454055786133 -999 8.406525611877441 0.15540626645088196 -999 5.267195701599121 0.21022483706474304 -999 8.522997856140137 -0.5542555451393127 -999 2.2167279720306396 -5.345219135284424 2.881742238998413 14.513993263244629 0.02373442053794861 -999 7.775964260101318 -2.0062947273254395 -999 3.0669260025024414 -0.30628469586372375 -999 11.465497970581055 1.643109917640686 -999 12.619743347167969 0.7748939394950867 -999 6.074037551879883 | 0.004022703040391207 0.00349866459146142 0.001710260403342545 0.13850991427898407 0.1386403888463974 0.018620869144797325 0.028282620012760162 0.006147987209260464 0.030512262135744095 0.012088507413864136 0.006489956751465797 0.001240293844603002 0.0026706368662416935 0.008681727573275566 0.011161698959767818 0.0008397869532927871 0.0009448705241084099 0.00016300193965435028 0.06301692128181458 0.034143075346946716 0.035673219710588455 0.010537185706198215 0.014688155613839626 0.001917684799991548 0.004744371399283409 0.00040917086880654097 0.0060196793638169765 0.0031330252531915903 0.004607063718140125 0.013807340525090694 0.002637911820784211 0.005374756176024675 0.0002330613206140697 0.03342703729867935 0.036644384264945984 0.011234315112233162 | -0.01410384476184845 -0.0008262658375315368 -0.0016328842611983418 -0.006990686058998108 -0.010451599955558777 -0.014510884881019592 0.10187754034996033 -0.008045300841331482 -0.01454763114452362 -0.0073141008615493774 -0.01288999617099762 -0.0002932429197244346
FX 3 40 0.016 0.45999999999999996 | 0.2916901707649231 1.125824213027954 -4.071358680725098 2.708766460418701 4.370411396026611 2.5539169311523438 0.8362720012664795 0.031236259266734123 0.4954420030117035 0.9012898802757263 0.3900829255580902 2.7215688228607178 -4.703758716583252 -4.239813804626465 -0.5326135754585266 2.6876862049102783 0.9920316338539124 0.8471880555152893 0.6645472049713135 0.23002468049526215 -1.6507365703582764 0.03249160945415497 -0.26057565212249756 4.536398410797119 3.8560476303100586 0.9240946173667908 0.7157357335090637 0.7981991171836853 0.5117233991622925 0.1888580024242401 | 2.025299549102783 2.663367748260498 15.963153839111328 -0.5596354007720947 -999 2.338282823562622 -0.8523305654525757 -999 4.962064743041992 | 0.2424413561820984 0.009055620059370995 0.14363226294517517 0.02598264254629612 0.02218899503350258 0.01740538515150547 0.048729307949543 0.05434364825487137 0.03483957424759865 | 0.2612905204296112 -0.009975343942642212 -0.003142014378681779
FX 70 40 0.016 0.5 | 0.13349971175193787 2.3267343044281006 -0.5581091642379761 0.6165413856506348 0.08727263659238815 2.0956058502197266 0.6775474548339844 0.5428702235221863 0.8090067505836487 0.878939151763916 0.9576643705368042 2.367201805114746 -0.5818444490432739 -2.3424315452575684 0.7783718109130859 1.9737547636032104 0.18046674132347107 0.7970965504646301 0.5553680062294006 0.099797822535038 -1.8247994184494019 2.0724356174468994 -1.14255952835083 1.3598383665084839 1.4409900903701782 -2.0119245052337646 0.8073126673698425 0.7118256092071533 0.9743096828460693 0.8896941542625427 0.24265481531620026 0.9278851747512817 -0.19894444942474365 -4.5305867195129395 1.7592425346374512 0.9286539554595947 0.22743317484855652 0.3796912431716919 0.929916262626648 0.2570464611053467 1.5354558229446411 1.6780788898468018 0.5159509181976318 -4.434457778930664 4.7247819900512695 -0.27206656336784363 0.28953665494918823 0.6267926692962646 0.9433728456497192 0.07740149646997452 1.243465781211853 1.3576645851135254 0.02713656798005104 -1.3717989921569824 5.243356704711914 1.2645163536071777 0.9693241715431213 0.7986355423927307 0.6658204793930054 0.4359734058380127 -2.1576898097991943 0.7930904626846313 -0.0888635441660881 -1.0486811399459839 1.5752326250076294 -2.421424627304077 0.654720664024353 0.22668899595737457 0.3545229136943817 0.4576391577720642 -0.6369680166244507 2.579737663269043 -0.049988843500614166 0.8798348903656006 4.772403240203857 -0.7219292521476746 0.47652101516723633 0.8088902235031128 0.9686441421508789 0.40690353512763977 2.94207501411438 1.846545934677124 -0.35063767433166504 -1.362602710723877 -0.5616861581802368 0.5919118523597717 0.6115131974220276 0.05348796024918556 0.10817603766918182 0.15456558763980865 1.4182827472686768 2.889840602874756 -3.721797227859497 -2.3709256649017334 -0.628390371799469 -1.9952458143234253 0.7629501223564148 0.4525822103023529 0.19108186662197113 1.141053318977356 -1.5784363746643066 0.9411006569862366 -3.9257357120513916 -0.05000012367963791 5.2715277671813965 -0.6600043773651123 0.24521644413471222 0.1996069848537445 0.7204779386520386 0.6854493618011475 1.3190395832061768 2.752162218093872 -4.483463764190674 -2.7520506381988525 0.12236082553863525 -2.9854633808135986 0.843647837638855 0.22159382700920105 0.10096345096826553 0.5250189304351807 0.21843412518501282 0.2739507555961609 -0.39722251892089844 -0.5598710179328918 1.1695133447647095 -1.580191731452942 0.4474848508834839 0.6244398951530457 0.1273069977760315 0.9263395071029663 2.9117431640625 2.936014175415039 -3.545621395111084 0.5042819380760193 2.303849458694458 -1.388333797454834 0.4344451129436493 0.3701796233654022 0.34906888008117676 0.12405256181955338 2.9328787326812744 1.306972622871399 -2.2124626636505127 -3.848764181137085 1.236588954925537 -1.1903074979782104 0.5835685133934021 0.3326919376850128 0.6589787006378174 0.8425846695899963 2.430389404296875 0.1735379546880722 0.6924938559532166 -1.795301914215088 1.811452865600586 2.642038345336914 0.8061205148696899 0.06858322024345398 0.356196790933609 0.8210813403129578 2.33156681060791 1.1920793056488037 -1.9800121784210205 1.004580020904541 0.16643276810646057 0.5793417096138 0.639940083026886 0.8057571053504944 0.6489270925521851 0.12826818227767944 0.5739942789077759 0.27952396869659424 -1.8003103733062744 1.8609117269515991 2.5412368774414062 1.3967912197113037 0.37883684039115906 0.8735074996948242 0.34279197454452515 0.303259015083313 1.0754132270812988 2.5373048782348633 -3.0022265911102295 -1.3189635276794434 0.3401896357536316 0.06675221025943756 0.5340908765792847 0.3845422863960266 0.45037466287612915 0.4350203275680542 0.7132786512374878 0.20111782848834991 0.4931325614452362 2.922133445739746 3.5278499126434326 2.587749481201172 0.49752041697502136 0.7767592668533325 0.8848558664321899 0.5084062218666077 0.33829832077026367 2.5651142597198486 0.40520018339157104 -3.7650532722473145 0.0073349857702851295 1.2260773181915283 0.1146635189652443 0.7432878613471985 0.0036066228058189154 0.8001441359519958 -1.6941249370574951 2.167142152786255 0.2148730307817459 -2.3528218269348145 2.654752016067505 -0.013537961058318615 0.5731818675994873 0.4147251546382904 0.9532680511474609 1.0677951574325562 -2.338606357574463 0.46235597133636475 -4.902629375457764 -2.3750312328338623 2.544903516769409 0.8377323150634766 0.036944180727005005 0.1885722130537033 0.8881692290306091 1.0243573188781738 -1.164963722229004 0.3331468999385834 0.786900520324707 1.7688391208648682 -0.9258232712745667 -1.4923549890518188 0.24293896555900574 0.13162219524383545 0.8745296597480774 0.4280664026737213 0.12905338406562805 1.2588506937026978 -1.7449665069580078 -0.3299991190433502 1.8815407752990723 -1.3318805694580078 0.41009944677352905 0.8932293057441711 0.5905531048774719 0.8589625954627991 -2.005734443664551 2.3208868503570557 -1.0821301937103271 -3.4027457237243652 0.83220374584198 -0.6266094446182251 0.6918655633926392 0.21551825106143951 0.5183936953544617 0.37535789608955383 -2.0378010272979736 2.0163094997406006 -3.5545663833618164 -4.862082481384277 5.287783622741699 1.5135037899017334 0.2519104778766632 0.2218191921710968 0.5900877118110657 0.5869495868682861 1.8196170330047607 0.9840303063392639 -0.4458848834037781 -2.717693328857422 2.9744551181793213 -0.24500443041324615 0.185932919383049 0.7797467112541199 0.44436022639274597 0.6031172871589661 0.2145603895187378 0.267337441444397 -1.9253164529800415 4.100383281707764 5.412093162536621 -1.636813998222351 0.791697084903717 0.6614346504211426 0.8936546444892883 0.2215266227722168 -0.4736258387565613 2.225253105163574 0.8366329669952393 -2.1775569915771484 4.341307163238525 -2.5565693378448486 0.9082744121551514 0.8597210645675659 0.19969317317008972 0.7348841428756714 0.36280494928359985 0.1102435365319252 -4.448456287384033 2.435508966445923 0.5783116817474365 -0.21670809388160706 0.3171209692955017 0.9488397836685181 0.9290776252746582 1.1266694068908691 -0.15524378418922424 0.24082469940185547 -1.6961675882339478 -1.1306042671203613 0.28417763113975525 -0.3519749641418457 0.978629469871521 0.5773375630378723 0.9598696827888489 0.5850938558578491 -2.306105613708496 1.4772878885269165 -4.1015706062316895 1.9822570085525513 3.093076229095459 -2.9126696586608887 0.8038490414619446 0.4031398892402649 0.6890940070152283 0.14938612282276154 2.57060170173645 2.0416557788848877 0.36070966720581055 1.8346002101898193 1.8154734373092651 -1.475472331047058 0.7367873787879944 0.531579852104187 0.25386539101600647 0.5257474780082703 1.236514687538147 0.8853889107704163 0.9735841751098633 -3.358051300048828 4.619455337524414 2.5126543045043945 0.6087454557418823 0.8052157163619995 0.13084080815315247 0.9109728336334229 1.6792042255401611 0.22055187821388245 -4.477875709533691 4.678736686706543 3.176631450653076 -2.599870443344116 0.5637750625610352 0.6627736687660217 0.8066226243972778 1.1536810398101807 2.2576045989990234 2.355691432952881 -4.8192338943481445 4.607295036315918 2.3763906955718994 1.0449098348617554 0.3361441493034363 0.052472129464149475 0.23267772793769836 0.7067558169364929 2.0268824100494385 1.868974208831787 -1.6314095258712769 1.9494554996490479 4.186271667480469 -2.665814161300659 0.3008383810520172 0.37741273641586304 0.7994915246963501 0.3530311584472656 -0.4398168623447418 0.9569234848022461 -3.9065144062042236 -3.753565549850464 2.457500457763672 0.7102764248847961 0.903098464012146 0.9642203450202942 0.3667793571949005 0.9848163723945618 1.3441293239593506 1.0009320974349976 -4.848118782043457 -1.2572143077850342 1.270105242729187 2.4055464267730713 0.5021793842315674 0.02009589970111847 0.02076556533575058 0.37481144070625305 -1.1739212274551392 1.0907021760940552 -1.1547362804412842 -4.208969593048096 5.959869384765625 -2.93072509765625 0.3894147276878357 0.7345649600028992 0.49228495359420776 0.20600035786628723 -0.9074826240539551 2.821979284286499 -3.363767623901367 4.181396484375 -0.08216212689876556 -2.6357781887054443 0.6804132461547852 0.8473752737045288 0.12723147869110107 1.1911576986312866 2.409989356994629 0.8379583358764648 -2.31388258934021 -4.34697961807251 2.305166244506836 -1.5539438724517822 0.979216992855072 0.7991997003555298 0.23511144518852234 0.684755802154541 -1.5563222169876099 1.9817520380020142 -4.011751174926758 -0.9407474994659424 -0.5034942626953125 2.5377092361450195 0.5072581171989441 0.39783531427383423 0.9192996621131897 0.9102858304977417 -0.43650129437446594 0.578835129737854 0.3647366762161255 -2.931938409805298 2.122647523880005 -1.8960864543914795 0.30845174193382263 0.5028136372566223 0.0313335582613945 0.640072762966156 1.3444558382034302 0.2858206331729889 -4.712808609008789 -4.533562183380127 -0.6446452140808105 2.7583401203155518 0.964755117893219 0.6697447299957275 0.7785734534263611 0.3419112265110016 -1.816611886024475 2.2704856395721436 -4.7352705001831055 -3.523627996444702 4.909978866577148 -2.1891725063323975 0.8978586792945862 0.3699292242527008 0.26626428961753845 0.5005124807357788 -2.500906229019165 1.308227777481079 -2.713709592819214 -1.8611081838607788 -0.5618382692337036 -2.600198268890381 0.46098220348358154 0.3606032431125641 0.12836863100528717 0.5190914273262024 -1.7640645503997803 0.1591966599225998 0.09289539605379105 -0.5846874713897705 3.008061408996582 -2.1254682540893555 0.4079616665840149 0.8431286215782166 0.8701372742652893 0.8529142737388611 2.0898165702819824 2.416109085083008 -3.26877498626709 1.2228624820709229 0.12833474576473236 -1.0460376739501953 0.11426927894353867 0.6749932169914246 0.8324799537658691 0.5477503538131714 0.2526687979698181 1.2730927467346191 -4.462747573852539 1.4353827238082886 1.521882176399231 2.1192760467529297 0.5277693271636963 0.5318435430526733 0.788098156452179 0.600689709186554 2.9609735012054443 1.2641798257827759 -0.940116822719574 -4.278995990753174 1.3663265705108643 -2.0678486824035645 0.1400807499885559 0.5056387186050415 0.7236698269844055 1.0397729873657227 -2.019196033477783 2.8707125186920166 -3.859225273132324 0.9485096335411072 -0.7278570532798767 1.8428356647491455 0.716019868850708 0.6722623109817505 0.5229847431182861 0.5497168302536011 2.5630264282226562 1.3220185041427612 -3.994392156600952 -3.546593427658081 -0.6556671261787415 0.41822052001953125 0.9888477921485901 0.47304490208625793 0.5801849365234375 0.20754051208496094 1.637007474899292 1.5420191287994385 0.31091001629829407 1.6851813793182373 1.0386631488800049 2.8782525062561035 0.6395866870880127 0.48125091195106506 0.48441630601882935 0.21257978677749634 1.2694411277770996 2.95963716506958 -0.8947164416313171 3.0145063400268555 1.9117238521575928 -1.6552757024765015 0.043976470828056335 0.036492716521024704 0.5383829474449158 0.5965325236320496 0.7086523771286011 2.0265936851501465 -0.8705878257751465 -0.41513338685035706 3.933990001678467 0.9012745022773743 0.665746808052063 0.6762925982475281 0.20227715373039246 0.05813023820519447 -0.2711755037307739 0.20653314888477325 0.9869850277900696 -0.3739723563194275 3.1139419078826904 1.4747343063354492 0.7581354975700378 0.5577862858772278 0.4025091528892517 1.1765058040618896 1.1822052001953125 2.0877532958984375 -0.8869951963424683 -2.9512221813201904 3.2506210803985596 0.5774692893028259 0.9689785838127136 0.8007230162620544 0.4174094498157501 0.6565775275230408 -2.727537155151367 1.2516227960586548 -1.7984035015106201 -2.2461047172546387 4.32941198348999 0.5860021114349365 0.4864284098148346 0.4541011452674866 0.9099854230880737 0.3184705972671509 -1.1902557611465454 2.653226375579834 -0.16836826503276825 4.58591890335083 2.798003911972046 0.5008230209350586 0.7447356581687927 0.30610501766204834 0.5059358477592468 0.4542146623134613 2.2226405143737793 0.06326476484537125 -3.4950859546661377 -2.478666067123413 1.9040096998214722 -2.8804492950439453 0.6296505928039551 0.7426123023033142 0.3630353510379791 0.172600656747818 -2.433824300765991 1.5155988931655884 -3.540459394454956 -0.25523942708969116 3.886874198913574 1.1076394319534302 0.5412011742591858 0.9792643189430237 0.7998126149177551 0.861106812953949 2.2179272174835205 1.6052898168563843 -3.2903928756713867 0.9989109635353088 0.7274462580680847 -2.2477550506591797 0.1533881276845932 0.5270410776138306 0.46200862526893616 0.4375564455986023 -0.9520061612129211 2.2197158336639404 0.2728162705898285 -4.894708156585693 0.6620939373970032 -1.4032238721847534 0.8409034013748169 0.3398769497871399 0.2554846704006195 0.8493748903274536 0.08220425248146057 0.7594406008720398 -2.3626444339752197 -0.6495953798294067 1.6900107860565186 0.8410024642944336 0.08581136912107468 0.7027320265769958 0.9470608234405518 0.36094188690185547 -0.9494432806968689 0.6793022155761719 -1.2291319370269775 -0.0957547202706337 3.217184543609619 -0.7489029765129089 0.9383631944656372 0.6743589639663696 0.28170034289360046 0.7698303461074829 -0.9862398505210876 0.31245750188827515 -1.7259466648101807 -2.349689245223999 1.3133145570755005 -0.7668196558952332 0.6130578517913818 0.2760162651538849 0.6936002373695374 1.158198595046997 1.867997407913208 0.806358277797699 -1.59654700756073 -1.9443073272705078 3.1017842292785645 -0.9246388673782349 0.18428650498390198 0.985335111618042 0.03145381063222885 0.45446348190307617 -0.701205313205719 1.137015700340271 -2.0829055309295654 4.484135150909424 0.05159853398799896 -1.7376985549926758 0.19824565947055817 0.5202234983444214 0.9847599864006042 0.9812197685241699 | 0.5280861258506775 1.123068928718567 20.783069610595703 0.7327908277511597 -999 2.607635974884033 -0.954504668712616 1.7351493835449219 17.5698184967041 -0.9171753525733948 -999 8.038789749145508 1.2516504526138306 -999 2.4985387325286865 0.6508487462997437 -999 14.073406219482422 -2.627500295639038 -999 12.826333999633789 -0.2850338816642761 -999 12.161238670349121 2.7458596229553223 -999 4.234598159790039 -0.0991097167134285 1.2281512022018433 15.001241683959961 -1.6104369163513184 3.0553572177886963 15.651862144470215 -0.0900103971362114 -999 9.98797607421875 -0.139883354306221 -0.2370806187391281 18.591455459594727 2.9682230949401855 -999 -0.20111513137817383 0.46967095136642456 0.8388696312904358 17.025741577148438 1.2813961505889893 0.07334799319505692 22.383398056030273 2.4601526260375977 -999 2.0941436290740967 1.1099369525909424 -999 7.601966857910156 0.5056204795837402 -999 10.526611328125 2.162656545639038 -999 17.276653289794922 -2.071336030960083 1.3102887868881226 21.18988609313965 -3.1999289989471436 2.606663703918457 20.20620346069336 -3.8586297035217285 0.831574559211731 15.633522987365723 -0.4291265606880188 -999 13.166077613830566 -0.0821460708975792 1.2035170793533325 17.402633666992188 -3.2579426765441895 -999 10.187274932861328 -4.838359355926514 -999 15.317208290100098 0.2107420414686203 -999 17.909080505371094 1.0674400329589844 -999 4.234226226806641 -1.8672634363174438 3.7441697120666504 19.20043182373047 1.9215294122695923 -0.7791568636894226 15.412845611572266 -0.8064717650413513 -999 16.101097106933594 -2.020660638809204 -999 -0.0209951288998127 3.5099174976348877 -999 15.605271339416504 -0.9126381278038025 2.582319974899292 22.581687927246094 4.673595905303955 0.9940764307975769 13.858203887939453 5.206270217895508 2.6170618534088135 15.849512100219727 2.713092088699341 -999 8.43022346496582 -2.8421003818511963 1.2702040672302246 16.54805564880371 0.8814753293991089 -999 7.5371222496032715 -1.982042908668518 -999 4.282564163208008 1.7686116695404053 1.509875774383545 14.949334144592285 -0.3720780611038208 1.0537450313568115 16.691591262817383 -2.1583993434906006 0.39999598264694214 17.61238670349121 -2.312941551208496 0.6778097748756409 19.15123748779297 -0.17882096767425537 -999 6.713994979858398 -3.564333438873291 -999 9.678902626037598 -3.4537947177886963 -999 11.95499038696289 -2.1382641792297363 0.824836254119873 18.73259925842285 2.755054473876953 -999 13.162178039550781 1.102415919303894 -999 15.291869163513184 0.22241495549678802 0.8791090250015259 17.736459732055664 -1.5032061338424683 -999 14.143280029296875 1.882080078125 -999 2.0859060287475586 1.9875248670578003 -999 7.409586429595947 3.054028034210205 -999 16.6253604888916 0.6887258887290955 -999 0.6726733446121216 -0.5105178952217102 0.9399364590644836 21.930816650390625 -0.7065771222114563 2.9086313247680664 19.482580184936523 -3.4103550910949707 -999 7.879741191864014 0.8642357587814331 -999 14.055996894836426 1.8260544538497925 -999 1.0440419912338257 -2.5971791744232178 2.7436790466308594 17.16843032836914 2.649458169937134 -999 9.238577842712402 -4.084618091583252 1.3839361667633057 19.374757766723633 -0.14645330607891083 -999 8.933387756347656 -1.0107263326644897 1.478780746459961 18.29156494140625 -2.4900410175323486 -0.10654104501008987 17.783288955688477 0.9969461560249329 -999 11.989212989807129 2.168640375137329 -0.08948073536157608 16.80496597290039 | 0.18419137597084045 0.1475793421268463 0.2199285924434662 0.006867684423923492 0.030333610251545906 0.021134600043296814 0.22657421231269836 0.19977553188800812 0.2734422981739044 0.0009258760255761445 0.0015457156114280224 0.003785670967772603 0.05013113468885422 0.10852452367544174 0.1633380502462387 0.008834165520966053 0.007278554607182741 0.0060681127943098545 0.013790156692266464 0.004774672444909811 0.007467194460332394 0.008084604516625404 0.013723544776439667 0.01643391326069832 0.041800957173109055 0.003656254382804036 0.007394544780254364 0.33502304553985596 0.19873575866222382 0.08390696346759796 0.016259388998150826 0.01323519553989172 0.047772206366062164 0.020919926464557648 0.0054948595352470875 0.0025035894941538572 0.13832174241542816 0.19302019476890564 0.03935177996754646 0.04220931604504585 0.035965483635663986 0.03391443192958832 0.1403091549873352 0.07999013364315033 0.1584402471780777 0.1777823567390442 0.015125389210879803 0.0785558819770813 0.0013379374286159873 0.0016846148064360023 0.0013567267451435328 0.019061801955103874 0.04395197331905365 0.01724814437329769 0.0037080978509038687 0.0026698086876422167 0.0031268710736185312 0.012140517123043537 0.01895451545715332 0.021592294797301292 0.02294928953051567 0.14876508712768555 0.0007218462415039539 0.22963657975196838 0.16615331172943115 0.38191232085227966 0.013862150721251965 0.07075583934783936 0.3332577645778656 0.006847969722002745 0.0037101698108017445 0.024651264771819115 0.10454083234071732 0.22769826650619507 0.15054132044315338 0.013562100939452648 0.004224636126309633 0.010161667130887508 0.0046994369477033615 0.004138078074902296 0.011008195579051971 0.0034273385535925627 0.014373226091265678 0.008190980181097984 0.04834168404340744 0.040387753397226334 0.05456729978322983 0.11727171391248703 0.11100275814533234 0.0257833544164896 0.13698185980319977 0.4098557233810425 0.40131935477256775 0.015210517682135105 0.008973369374871254 0.01491894107311964 0.028982749208807945 0.014535194262862206 0.02484525926411152 0.019265783950686455 0.013899942860007286 0.006638164632022381 0.18107441067695618 0.239515483379364 0.03891925886273384 0.2510233521461487 0.29510292410850525 0.35915228724479675 0.031750231981277466 0.004956214223057032 0.021977392956614494 0.0008786711259745061 0.001102325040847063 0.0023351081181317568 0.3162049949169159 0.3376058042049408 0.12842172384262085 0.009126030839979649 0.0003651997831184417 0.00037736952072009444 0.026465672999620438 0.04992301017045975 0.033457010984420776 0.3148326277732849 0.39208728075027466 0.05887101590633392 0.06400218605995178 0.052236150950193405 0.01536701899021864 0.1506175398826599 0.11812718212604523 0.27296289801597595 0.0000351346425304655 0.000057273715356132016 0.0000035690941331267823 0.0166793130338192 0.011578982695937157 0.013460484333336353 0.008094718679785728 0.0033351273741573095 0.002400527708232403 0.006297546438872814 0.004926254507154226 0.001753662945702672 0.10184034705162048 0.2104720175266266 0.21721424162387848 0.0007823787163943052 0.004621542524546385 0.005699822213500738 0.0076349093578755856 0.007693848572671413 0.011400924064218998 0.05385849252343178 0.1944088637828827 0.27823784947395325 0.007446330040693283 0.006991268135607243 0.0054388390854001045 0.07404424250125885 0.035421278327703476 0.04344384744763374 0.013779092580080032 0.010367946699261665 0.01043614186346531 0.0003341452684253454 0.00027728165150620043 0.004090781323611736 0.11601834744215012 0.11785613745450974 0.035250429064035416 0.34572240710258484 0.2543598413467407 0.1835508793592453 0.02446540631353855 0.020217180252075195 0.010539027862250805 0.022102169692516327 0.02063329517841339 0.04134761169552803 0.010189532302320004 0.004188152961432934 0.006922254338860512 0.04596739262342453 0.05421411618590355 0.026503251865506172 0.13896483182907104 0.25144681334495544 0.2053687870502472 0.0019478258909657598 0.0066927229054272175 0.005866897292435169 0.20728714764118195 0.08378146588802338 0.06297832727432251 0.002125859260559082 0.017409224063158035 0.02346213534474373 0.1582535207271576 0.11372961103916168 0.04750833660364151 0.2742932438850403 0.1234947070479393 0.3103293776512146 0.002620939165353775 0.01401352509856224 0.0004473389417398721 0.06894020736217499 0.1809084564447403 0.34245166182518005 | 0.23893973231315613 -0.012202180922031403 0.24969476461410522 -0.014953568577766418 -0.0025985019747167826 -0.012026652693748474 -0.006360903382301331 -0.009096518158912659 -0.0054344236850738525 0.5010539293289185 0.04544959217309952 -0.002981111640110612 0.2863401770591736 -0.003947444260120392 0.20258519053459167 0.1810818314552307 -0.015731826424598694 -0.0007410218822769821 -0.01297973096370697 -0.0035938473884016275 0.16014456748962402 0.4277958571910858 0.38435810804367065 -0.003933653235435486 0.2189631462097168 -0.008642151951789856 -0.005050346255302429 -0.00488261878490448 -0.0024733992759138346 0.09488445520401001 0.48667004704475403 -0.006906077265739441 -0.010613888502120972 -0.0022525640670210123 0.27097347378730774 0.5136815905570984 0.06675606966018677 -0.014968886971473694 0.3448171615600586 -0.009188607335090637 -0.00199966155923903 0.5511581301689148 0.04475603252649307 0.2702864706516266 0.00007290841313079 -0.010088816285133362 -0.011487588286399841 -0.00890861451625824 0.2129148244857788 -0.012249663472175598 -0.007310196757316589 0.3997737467288971 -0.010283157229423523 -0.00045950914500281215 -0.01142023503780365 -0.011467382311820984 -0.005869761109352112 0.5365062355995178 0.016577700152993202 -0.0015294404001906514 -0.009785398840904236 -0.003399357432499528 0.2211073637008667 -0.010443612933158875 0.20937541127204895 -0.00705815851688385 0.1298307180404663 0.5181991457939148 -0.009536579251289368 0.34122055768966675
FX 57 40 0.016 0.54 | 1.2666865587234497 1.1946213245391846 -2.838651418685913 4.336238861083984 4.880566120147705 2.58463191986084 0.5588099360466003 0.0032015207689255476 0.38511767983436584 0.9573686718940735 2.621823310852051 1.6097227334976196 -1.812150239944458 2.266148805618286 0.23112866282463074 2.9741384983062744 0.5407450795173645 0.10948486626148224 0.7122811675071716 0.7362217903137207 -1.9111396074295044 0.7667794227600098 -1.7983647584915161 -2.344550609588623 1.8237414360046387 0.9492105841636658 0.9930946230888367 0.612014889717102 0.680998682975769 0.36702364683151245 1.839452862739563 1.816403865814209 0.670673131942749 4.110775470733643 4.3452959060668945 0.5303283929824829 0.2155565768480301 0.8461074233055115 0.47125670313835144 0.5468608140945435 0.4410877823829651 1.7916206121444702 0.3669644892215729 0.3446154296398163 0.7349198460578918 1.7289975881576538 0.3424490690231323 0.008112340234220028 0.6771792769432068 1.1761491298675537 1.0898219347000122 1.7523956298828125 -0.600694477558136 3.7079343795776367 4.664511203765869 -2.114932060241699 0.7516640424728394 0.33080872893333435 0.720803439617157 0.08607055246829987 2.26721453666687 1.2380504608154297 -2.5174949169158936 -0.7901102304458618 -0.4902387261390686 1.728501558303833 0.39883148670196533 0.846044659614563 0.5044743418693542 0.2699393332004547 -2.3921210765838623 1.3582375049591064 -2.3205761909484863 2.251253843307495 5.649583339691162 -1.1517421007156372 0.4648827612400055 0.9843905568122864 0.3069678843021393 1.1256113052368164 -1.9314578771591187 0.4346354603767395 -2.908994436264038 4.695322036743164 3.226670265197754 0.2949047088623047 0.18708761036396027 0.6615070104598999 0.521106481552124 1.1659773588180542 1.7438820600509644 0.404895156621933 -1.4762036800384521 -0.3790839612483978 0.7981281876564026 -0.20160624384880066 0.5860313177108765 0.017264805734157562 0.2288895547389984 0.1966427117586136 0.021040212363004684 1.178012728691101 -2.6335480213165283 3.5328381061553955 4.009167194366455 -0.04700317606329918 0.466555655002594 0.3561839759349823 0.5968588590621948 0.6240445971488953 -1.5683051347732544 1.7087279558181763 -0.8477458357810974 -1.1499943733215332 1.0128979682922363 0.7009794116020203 0.4497188925743103 0.07736482471227646 0.08731709420681 0.05590090900659561 1.27610182762146 1.6029402017593384 -1.835128903388977 -3.402555227279663 3.216704845428467 0.5728840827941895 0.08131208270788193 0.9234125018119812 0.9599811434745789 0.29816558957099915 2.092134475708008 0.8213242888450623 -3.907144784927368 -0.44387179613113403 3.6881747245788574 -0.6328145861625671 0.9245344996452332 0.6156297326087952 0.7153047323226929 0.24451090395450592 1.950984239578247 2.3353495597839355 0.0378890223801136 3.424464702606201 0.5608917474746704 0.8728659152984619 0.8519541025161743 0.01654881052672863 0.22295434772968292 0.38439929485321045 1.9378410577774048 2.557504177093506 -3.806941270828247 -4.59622859954834 -0.2697579860687256 -1.9754071235656738 0.5644764304161072 0.6687875986099243 0.8725352883338928 0.4045918583869934 1.8415640592575073 1.2820006608963013 -1.4165095090866089 -2.7298262119293213 5.948544502258301 2.9906206130981445 0.04517724737524986 0.6242712140083313 0.5901106595993042 0.18841536343097687 -0.6778020262718201 2.836338996887207 -0.5091910362243652 -1.857921838760376 -0.5171011686325073 -2.230137825012207 0.9312549829483032 0.11337203532457352 0.8101263642311096 0.8275975584983826 -0.0999811664223671 2.1017370223999023 -2.524106979370117 -1.2846415042877197 4.453114032745361 2.5309741497039795 0.9716507792472839 0.273964524269104 0.9555099606513977 0.5250119566917419 -2.1556670665740967 0.2988636791706085 -4.00787353515625 -1.5418540239334106 3.197174072265625 1.589233636856079 0.7609143257141113 0.9245384931564331 0.5668951272964478 1.0309337377548218 2.030571460723877 1.2956409454345703 -1.3148434162139893 2.4571385383605957 5.349133014678955 -1.760210394859314 0.1647590845823288 0.25046518445014954 0.49189087748527527 0.7584085464477539 2.1973814964294434 0.7903327345848083 -2.84430193901062 4.765313148498535 3.719454050064087 0.7816451191902161 0.15226122736930847 0.9578303098678589 0.6290820240974426 0.5375285744667053 2.558799982070923 1.4179569482803345 -2.552469491958618 4.117346286773682 5.562034606933594 2.7612361907958984 0.05036351829767227 0.48844653367996216 0.8216415047645569 1.0779119729995728 1.0377057790756226 2.940178632736206 -0.6649401783943176 2.9914207458496094 2.5105957984924316 -2.09728741645813 0.41421252489089966 0.2703773081302643 0.7811910510063171 0.19334346055984497 2.5498671531677246 1.4340252876281738 0.3397800326347351 0.06700954586267471 4.654393196105957 -0.17013728618621826 0.30096954107284546 0.24023348093032837 0.6588385701179504 0.2930305302143097 1.4948060512542725 2.2230281829833984 -2.128852367401123 -1.187300205230713 3.7320477962493896 2.778674840927124 0.8145555853843689 0.7992687225341797 0.2644083797931671 0.17804975807666779 1.7232273817062378 2.3723998069763184 -0.1949760913848877 1.658485770225525 2.0840327739715576 -1.6656571626663208 0.6411034464836121 0.6300395131111145 0.8323613405227661 0.2507510781288147 1.0026296377182007 1.6877562999725342 -3.343529462814331 -0.03507653996348381 3.4540958404541016 -0.07447409629821777 0.6043670773506165 0.02528683841228485 0.14823481440544128 0.38501980900764465 -2.707852363586426 0.7859255075454712 -4.627957820892334 2.8014559745788574 4.248922824859619 -0.9866124987602234 0.15223385393619537 0.817679226398468 0.1339661329984665 0.13742978870868683 -0.06772872805595398 2.185952663421631 -1.8446083068847656 -1.810749888420105 2.517616033554077 1.435326099395752 0.949138343334198 0.0685487687587738 0.0431116558611393 0.5680840015411377 -1.2491495609283447 2.0668139457702637 -1.6531245708465576 4.736127853393555 3.9252982139587402 -2.9854066371917725 0.40695276856422424 0.5863106846809387 0.5324963331222534 0.30090802907943726 2.9715070724487305 0.3843971788883209 -0.78266441822052 4.078726768493652 4.651529312133789 -2.5788354873657227 0.8615130186080933 0.7256161570549011 0.3290770351886749 0.11726024001836777 1.419507384300232 0.16589397192001343 -0.44817760586738586 -1.157910704612732 0.9864841103553772 1.4482569694519043 0.06838227063417435 0.06719473004341125 0.9408591389656067 0.6891284584999084 2.165658712387085 1.8100367784500122 -4.198533058166504 2.4628474712371826 5.112826347351074 2.7125210762023926 0.1399407982826233 0.5963671803474426 0.934005856513977 1.1888666152954102 2.612154722213745 2.0661425590515137 -4.927619934082031 3.7766621112823486 4.687281131744385 -1.468514323234558 0.21194960176944733 0.8917999267578125 0.8013153672218323 0.5346457958221436 -0.8276538252830505 1.3491230010986328 -3.5044429302215576 2.9600398540496826 4.37312650680542 1.3393540382385254 0.44689977169036865 0.15602439641952515 0.13768808543682098 0.09512141346931458 -2.9954755306243896 1.5937007665634155 -4.482213973999023 -1.9601922035217285 2.469768762588501 2.2866268157958984 0.929552435874939 0.13051435351371765 0.6793172359466553 0.837032675743103 -1.1232781410217285 0.5795633792877197 -1.937270998954773 3.6799280643463135 3.257756471633911 -0.2979668974876404 0.5930808782577515 0.44019457697868347 0.1615740954875946 0.09343480318784714 2.9258477687835693 1.8268723487854004 0.8773139119148254 -3.788965940475464 1.728069543838501 -0.9340812563896179 0.6572047472000122 0.22735905647277832 0.20762386918067932 0.27474313974380493 1.1101062297821045 1.9474936723709106 -4.993089199066162 0.8084337711334229 5.045339584350586 -0.04552963376045227 0.6811501383781433 0.9516510963439941 0.803869903087616 0.13438977301120758 -1.1511640548706055 0.6299975514411926 0.12200559675693512 -1.0986406803131104 0.24044103920459747 -0.9023606777191162 0.8056851029396057 0.6846217513084412 0.33658429980278015 0.721073567867279 0.7311493754386902 1.0918543338775635 -3.753457546234131 -3.4429099559783936 1.7104005813598633 2.1793265342712402 0.9695571660995483 0.9830335378646851 0.8579810857772827 0.4227137565612793 0.7110105156898499 0.25109004974365234 -1.770392656326294 -0.01824958622455597 -0.2528120279312134 0.4164330065250397 0.01859753206372261 0.9941277503967285 0.45342960953712463 0.8253308534622192 2.753471851348877 0.6095428466796875 -2.513505697250366 -1.6908215284347534 -0.8918613791465759 -1.4488120079040527 0.5437966585159302 0.1780293881893158 0.6368955373764038 0.4177686274051666 -0.22460246086120605 0.3215589225292206 -2.8493258953094482 -3.6154227256774902 3.795132875442505 -0.26225438714027405 0.9236543774604797 0.508457601070404 0.5724185705184937 1.0931004285812378 1.1159694194793701 1.5701431035995483 -1.9729712009429932 1.6636179685592651 3.01637864112854 -0.3709329068660736 0.2888301610946655 0.46572285890579224 0.8412771821022034 0.7441092729568481 -1.8663705587387085 2.87237811088562 0.5702111721038818 -1.716566801071167 0.07683657854795456 -0.6369615793228149 0.07185638695955276 0.26396435499191284 0.9718450307846069 0.3646497428417206 -0.12901440262794495 1.9894623756408691 -0.4649463891983032 2.134739875793457 0.9844195246696472 1.5751926898956299 0.2032560408115387 0.9920326471328735 0.6189998984336853 1.1150686740875244 2.579559326171875 1.3216670751571655 -2.606349468231201 2.0003414154052734 4.137773513793945 -0.969987690448761 0.7141726016998291 0.9894918203353882 0.9054837822914124 0.7124303579330444 1.5878069400787354 0.17383918166160583 -3.9986062049865723 3.053356647491455 3.7577600479125977 2.5270941257476807 0.6801402568817139 0.46200016140937805 0.6064321994781494 0.6509023904800415 2.4307608604431152 0.9687122702598572 -2.6954004764556885 3.7374236583709717 4.479668140411377 2.1904220581054688 0.8585613369941711 0.26074814796447754 0.599629819393158 0.7282190322875977 -2.9530527591705322 1.3575482368469238 -2.9919161796569824 3.1826424598693848 4.509457588195801 -1.8352419137954712 0.2576647102832794 0.9681928753852844 0.5667251348495483 1.025697946548462 0.123237743973732 0.6721683740615845 -1.2997186183929443 4.8973822593688965 1.3545057773590088 2.1962156295776367 0.8538342118263245 0.5928071737289429 0.998044490814209 0.8770867586135864 -1.597091794013977 2.4424808025360107 -2.0166015625 -0.8256224393844604 1.4775943756103516 1.4825057983398438 0.8764195442199707 0.41814911365509033 0.2203720211982727 0.6772521734237671 -2.1646249294281006 2.4435176849365234 -2.1655631065368652 3.994508743286133 4.392457962036133 -1.6755164861679077 0.89694744348526 0.9945254921913147 0.9307466149330139 0.40689563751220703 -2.851679563522339 1.3767169713974 0.21709057688713074 -2.8687267303466797 -0.25172653794288635 2.681607246398926 0.7641127109527588 0.738547682762146 0.9113010764122009 0.23784802854061127 1.2264338731765747 2.8738293647766113 -4.170889377593994 -3.125446319580078 0.7034502029418945 1.827400803565979 0.17461231350898743 0.2805030047893524 0.4459758698940277 0.9028785228729248 | 4.041879177093506 3.0586628913879395 20.41551399230957 4.0721611976623535 0.498125284910202 21.691293716430664 -2.7364208698272705 -999 10.415756225585938 4.075711727142334 -999 19.319162368774414 0.6616416573524475 1.0024493932724 23.073516845703125 1.3864569664001465 -999 1.9301109313964844 2.0649478435516357 -999 6.565001487731934 -0.9513194561004639 3.714449405670166 18.542308807373047 1.073547601699829 1.2401847839355469 18.879743576049805 1.6710976362228394 -999 4.965087890625 2.2255325317382812 -999 18.397113800048828 -1.6235049962997437 -999 0.8059011697769165 0.2961663007736206 -999 8.049861907958984 1.9856046438217163 -999 4.040979862213135 3.265979051589966 -999 13.333067893981934 0.09935005009174347 -999 8.902894973754883 1.361114740371704 -999 5.049839496612549 -1.8668718338012695 1.2458746433258057 19.663530349731445 -0.757717490196228 -999 16.0517520904541 -3.1424529552459717 1.0855355262756348 18.609235763549805 3.603142261505127 3.4595651626586914 19.158628463745117 4.713466644287109 -999 15.388408660888672 5.193897724151611 3.7181379795074463 20.814716339111328 1.6120589971542358 -999 5.412381172180176 2.5691661834716797 -999 10.010780334472656 1.2858408689498901 -999 4.300194263458252 2.1212637424468994 -999 7.5052666664123535 0.9891599416732788 -999 9.587872505187988 -2.3492650985717773 -999 -0.43424391746520996 -1.0817482471466064 -999 17.85917854309082 0.11485524475574493 -999 7.2070770263671875 3.4283249378204346 -999 2.708505868911743 0.6784452199935913 -0.4622761011123657 22.078704833984375 3.741882085800171 3.8227248191833496 19.137487411499023 4.606235980987549 -999 12.1170015335083 -0.5908505320549011 -999 -0.6972945332527161 -4.249996185302734 1.9148329496383667 18.58122444152832 -0.8288838267326355 -999 0.7388917207717896 1.895249843597412 -999 9.80324649810791 1.213585615158081 -999 -0.6789169907569885 -1.8542938232421875 -0.4756399989128113 21.14449691772461 -0.7011010646820068 -999 11.19314193725586 0.6993303894996643 -1.1702293157577515 20.096132278442383 2.050090789794922 -999 10.923789024353027 -2.538473606109619 1.4909247159957886 18.58283233642578 2.180685520172119 2.2411060333251953 19.38963508605957 -2.4706027507781982 -999 12.22600269317627 1.237219214439392 1.359971046447754 22.143169403076172 3.859781265258789 2.710322618484497 18.37285614013672 3.5419533252716064 1.3192862272262573 19.218734741210938 4.822709560394287 2.5761795043945312 20.30646514892578 -0.9161596298217773 2.9840810298919678 17.433530807495117 3.257564067840576 0.2795322835445404 21.705860137939453 -2.125490427017212 2.1286213397979736 20.532203674316406 -0.5668210983276367 -999 10.66423225402832 -3.494274377822876 -999 8.37777042388916 -0.7738518714904785 2.0645174980163574 18.598649978637695 | 0.18524648249149323 0.001061309827491641 0.12766718864440918 0.0706738531589508 0.014309361577033997 0.0930931344628334 0.04065093398094177 0.025051970034837723 0.02787572517991066 0.0011276424629613757 0.004426246974617243 0.0024652881547808647 0.15610598027706146 0.0036980239674448967 0.3086933195590973 0.05301482602953911 0.02333192154765129 0.050838228315114975 0.020595120266079903 0.04368860647082329 0.026050375774502754 0.20056001842021942 0.42468640208244324 0.13243228197097778 0.08439609408378601 0.2984089255332947 0.23507358133792877 0.013836073689162731 0.0004076183831784874 0.0054040332324802876 0.00003343067510286346 0.0000255220802500844 0.000042767445847857744 0.06356226652860641 0.010934571735560894 0.012341203168034554 0.002772225998342037 0.0314825065433979 0.032729264348745346 0.017056340351700783 0.011357489041984081 0.013196350075304508 0.0008848544675856829 0.00001718788371363189 0.00023156429233495146 0.006406371481716633 0.007590222638100386 0.00990260113030672 0.002976886695250869 0.04113541170954704 0.03888445347547531 0.2110949009656906 0.025698931887745857 0.18363772332668304 0.024081427603960037 0.006789946462959051 0.023681392893195152 0.2885420322418213 0.35058900713920593 0.21496909856796265 0.0257235299795866 0.03910466283559799 0.07679800689220428 0.002699075499549508 0.01697908528149128 0.011151491664350033 0.020460691303014755 0.19843637943267822 0.33380022644996643 0.002878142986446619 0.0018787083681672812 0.0054280818440020084 0.005166785325855017 0.004124120809137821 0.011310371570289135 0.009377311915159225 0.00920132640749216 0.003043917240574956 0.027487561106681824 0.02701319195330143 0.03568781912326813 0.0016007181257009506 0.00006697436765534803 0.0003926126519218087 0.010445564985275269 0.05610526725649834 0.009192120283842087 0.013506582006812096 0.0009754737839102745 0.0006134944851510227 0.01745697483420372 0.025150856003165245 0.022842392325401306 0.03864702954888344 0.03255076706409454 0.014762225560843945 0.004875043407082558 0.004790382459759712 0.06707482784986496 0.06460682302713394 0.27532634139060974 0.43120482563972473 0.0026345865335315466 0.011085296049714088 0.00996055081486702 0.0710434541106224 0.024803128093481064 0.021888213232159615 0.21881186962127686 0.03072240948677063 0.15990778803825378 0.08527790755033493 0.06329469382762909 0.023232413455843925 0.006561703514307737 0.002270011929795146 0.002072970848530531 0.032386310398578644 0.04524768516421318 0.03822120651602745 0.09058713912963867 0.07697539031505585 0.03784383088350296 0.015398874878883362 0.015612912364304066 0.013626781292259693 0.0041761500760912895 0.2232353687286377 0.10181943327188492 0.0023020950611680746 0.0007536651100963354 0.002696217503398657 0.3828640282154083 0.21076078712940216 0.23727326095104218 0.04041072726249695 0.06516008824110031 0.11770454794168472 0.002492697676643729 0.00915692187845707 0.03371329605579376 0.08659619092941284 0.42265042662620544 0.2637217342853546 0.07260777056217194 0.10059864073991776 0.09205780178308487 0.01139229815453291 0.007738467771559954 0.010157693177461624 0.10400953143835068 0.03158806636929512 0.0726415365934372 0.09689105302095413 0.36407479643821716 0.21310871839523315 0.23080189526081085 0.16024306416511536 0.26978370547294617 0.04820764809846878 0.023000383749604225 0.012121611274778843 0.015200399793684483 0.01685403659939766 0.015773188322782516 0.044488221406936646 0.04299977421760559 0.05305783078074455 0.05083955079317093 0.08167033642530441 0.1298488825559616 | 0.31736940145492554 0.09622210264205933 -0.0009764024871401489 -0.013139203190803528 0.5361495614051819 -0.009929448366165161 -0.00206069671548903 0.4856119453907013 0.5259778499603271 -0.011357307434082031 -0.015955284237861633 -0.008099090307950974 -0.005834445357322693 -0.011489123106002808 -0.01560075581073761 -0.011408194899559021 -0.0035846533719450235 0.18759804964065552 -0.0029880853835493326 0.390934556722641 0.1184089183807373 -0.0064714401960372925 0.4379127025604248 -0.014656558632850647 -0.010969504714012146 -0.013950258493423462 -0.005248948931694031 -0.014980241656303406 -0.006570219993591309 -0.007915958762168884 -0.003092006081715226 -0.010739766061306 0.049128685146570206 0.5488670468330383 -0.00935421884059906 -0.0008785912650637329 0.19703319668769836 -0.002565197879448533 -0.013256892561912537 -0.009610235691070557 0.08107385039329529 -0.009286299347877502 0.1853313446044922 -0.014231428503990173 0.45310112833976746 0.10410961508750916 -0.0033503028098493814 0.4750692844390869 0.07243064045906067 0.010902565903961658 0.08821934461593628 0.38569873571395874 0.23708733916282654 0.03725240379571915 -0.009104415774345398 -0.0021519961301237345 0.2628791630268097
FX 60 40 0.016 0.58 | -2.01177978515625 2.041534185409546 -3.8954696655273438 -0.7246181964874268 0.5014047622680664 1.0177406072616577 0.5496781468391418 0.2468559890985489 0.2156168520450592 0.28202641010284424 1.2293848991394043 0.3050842583179474 0.3706676959991455 0.4995817542076111 1.849915862083435 1.4937037229537964 0.7758436799049377 0.4059394598007202 0.4734269380569458 0.25663089752197266 -1.4417294263839722 1.166033148765564 -1.453047752380371 -4.485166549682617 1.7862565517425537 0.12602351605892181 0.20326527953147888 0.33237335085868835 0.592789351940155 0.09010890126228333 1.1927094459533691 2.5531580448150635 -2.4882290363311768 1.0601274967193604 -0.5618645548820496 -0.6310731768608093 0.40217581391334534 0.8641436100006104 0.4819788634777069 0.4948553442955017 1.1749063730239868 1.9280959367752075 -3.115097761154175 -0.22847948968410492 1.8088699579238892 -0.8768386840820312 0.5602511763572693 0.5461624264717102 0.9157530069351196 0.7324514985084534 0.27235427498817444 1.3600431680679321 -3.3254122734069824 -3.21032452583313 4.510068893432617 2.837137222290039 0.07151210308074951 0.9393371939659119 0.4302157163619995 0.45206376910209656 0.6902867555618286 1.0915831327438354 -0.6760947108268738 -0.9299022555351257 2.4112563133239746 -0.7108288407325745 0.2726942300796509 0.23952420055866241 0.42565786838531494 0.6916459798812866 -2.826455593109131 1.0891380310058594 -1.892316222190857 3.411530017852783 3.8936641216278076 0.5233476161956787 0.6875266432762146 0.48571762442588806 0.9863328337669373 0.8028186559677124 1.9114669561386108 1.2980753183364868 -1.067592978477478 -3.3966000080108643 3.46089506149292 2.6354165077209473 0.8602999448776245 0.7478767037391663 0.6862624883651733 0.4456859827041626 0.0681270956993103 1.1179068088531494 -3.59356689453125 4.895185470581055 0.2499086707830429 -0.9080209136009216 0.7312498092651367 0.029702531173825264 0.9427521228790283 0.12910404801368713 -2.961987257003784 0.29279568791389465 -2.7285377979278564 0.11205354332923889 2.3035812377929688 -2.7836742401123047 0.11916020512580872 0.7746661305427551 0.05948425829410553 0.10718663036823273 -1.651503086090088 1.7809383869171143 -1.724095344543457 -2.919705390930176 -0.22670818865299225 -0.33238649368286133 0.6654677391052246 0.01113470271229744 0.5467560887336731 0.9979580640792847 -0.5067333579063416 1.4872673749923706 0.638813853263855 2.161094903945923 4.647043228149414 -1.0114296674728394 0.21143081784248352 0.6667128205299377 0.5498347878456116 0.225211501121521 0.11584823578596115 0.9097018241882324 -4.3635735511779785 -0.4568443298339844 0.008364739827811718 1.850620985031128 0.4826814830303192 0.14204201102256775 0.25633540749549866 0.9532463550567627 2.1539013385772705 0.15636445581912994 -4.797189235687256 -4.604974269866943 2.8677525520324707 -1.3502966165542603 0.29875504970550537 0.44805264472961426 0.02669643610715866 0.46839776635169983 -2.6897222995758057 0.6460344195365906 -1.5994017124176025 -3.4577038288116455 5.318493843078613 -0.8938260078430176 0.9003116488456726 0.24434486031532288 0.7911267280578613 0.2001214623451233 1.9177855253219604 2.5003275871276855 -4.853226661682129 -2.9408366680145264 4.365991115570068 -1.5279275178909302 0.9263729453086853 0.5483271479606628 0.3048464357852936 0.42536571621894836 -2.6234326362609863 0.9119499921798706 -0.9875456690788269 -1.6121543645858765 2.617966651916504 1.4104092121124268 0.13829270005226135 0.1920841634273529 0.18363253772258759 0.5203117728233337 0.4850276708602905 0.2509842813014984 -0.7552419304847717 3.588376045227051 0.0749160423874855 0.4916582405567169 0.6754558682441711 0.8380977511405945 0.9989488124847412 0.863876223564148 -1.238885760307312 2.7826595306396484 -3.3386454582214355 -0.285560667514801 1.1299406290054321 -2.219529867172241 0.8150393962860107 0.653509795665741 0.4137638509273529 0.07152890413999557 0.008263913914561272 2.4051060676574707 -0.5407435894012451 2.9539928436279297 2.2801718711853027 0.9926883578300476 0.5615779161453247 0.2645817995071411 0.7778699994087219 0.5514037013053894 1.131317377090454 0.31606248021125793 -0.5846224427223206 0.48775023221969604 2.6947591304779053 -2.4351155757904053 0.4683302640914917 0.9848273992538452 0.36099720001220703 0.7648882865905762 -0.7752054929733276 2.487135887145996 -1.4206584692001343 1.2945626974105835 0.1975468248128891 -1.8680936098098755 0.9209539294242859 0.4223276972770691 0.9629374742507935 1.0340827703475952 -0.1607549488544464 1.0770835876464844 0.9539464712142944 2.6613593101501465 2.505394697189331 1.8779505491256714 0.22890524566173553 0.4826838970184326 0.6096250414848328 0.10891781747341156 1.7278461456298828 0.9943016171455383 -0.8164674043655396 -2.310366630554199 3.541064977645874 1.8181829452514648 0.6976824998855591 0.7635282278060913 0.1598910242319107 0.7618238925933838 1.1916556358337402 2.4740352630615234 -4.702245712280273 -4.735352516174316 2.5382232666015625 -0.17802931368350983 0.3646106719970703 0.5776697993278503 0.024380668997764587 0.7600764036178589 2.648862600326538 2.509979486465454 -1.2025188207626343 -1.9815099239349365 3.8817150592803955 2.469956636428833 0.6084190607070923 0.6250657439231873 0.08499721437692642 0.3667054772377014 -2.8731513023376465 1.5428119897842407 0.443787157535553 2.7281062602996826 -0.7314682602882385 -1.6581766605377197 0.1883537769317627 0.027418943122029305 0.7970272898674011 0.4989469051361084 -0.33403027057647705 1.0206530094146729 -1.2003892660140991 3.5894393920898438 0.30734190344810486 2.742955446243286 0.8347362875938416 0.34153440594673157 0.3224206566810608 0.7379350662231445 -0.6919075846672058 1.1895545721054077 -3.191088914871216 1.7048931121826172 4.391266345977783 -0.06053122133016586 0.8251410722732544 0.9883415102958679 0.9359379410743713 1.0795118808746338 0.8110328316688538 0.6280389428138733 -1.5887680053710938 -3.405062437057495 5.7218918800354 2.2343616485595703 0.18506067991256714 0.29381412267684937 0.363283634185791 0.8156769275665283 -1.3918553590774536 1.7974029779434204 0.02796923741698265 0.5943565368652344 0.7237282991409302 1.3824552297592163 0.022247591987252235 0.8826637864112854 0.0819409042596817 0.4458107352256775 -0.42459672689437866 1.6761565208435059 -1.1940548419952393 2.667398452758789 0.28932422399520874 -1.5661433935165405 0.06005632504820824 0.4701783359050751 0.6820448040962219 0.7338927984237671 2.1259121894836426 1.8455150127410889 0.24517127871513367 -2.139115333557129 3.7393243312835693 2.827606678009033 0.28737500309944153 0.9672772288322449 0.002704994287341833 0.9129396677017212 1.5346851348876953 2.6045801639556885 -1.3897498846054077 3.1838972568511963 0.1850348562002182 -2.25533390045166 0.6497875452041626 0.54269939661026 0.4998660981655121 0.22652654349803925 1.222353219985962 2.1494648456573486 -3.6862480640411377 -2.573660373687744 1.5280152559280396 -1.0473157167434692 0.22678609192371368 0.19712185859680176 0.9948491454124451 0.6389076709747314 -0.36880484223365784 1.9528555870056152 0.7583374977111816 3.3467257022857666 3.6972687244415283 -0.9303268790245056 0.9964873194694519 0.03795289993286133 0.9621612429618835 0.4606764018535614 -0.8917208313941956 2.9171621799468994 -1.008787751197815 -4.403664588928223 5.767243385314941 2.894440174102783 0.44371894001960754 0.9509521126747131 0.7945378422737122 1.1587685346603394 0.7392396330833435 2.9924330711364746 -1.6504230499267578 -1.4898877143859863 1.7462462186813354 0.6630135774612427 0.6600947380065918 0.16213825345039368 0.7159888744354248 0.25918272137641907 -0.6165598630905151 2.8809542655944824 -4.909486293792725 -0.32172682881355286 5.141412734985352 -0.6873002648353577 0.7842252254486084 0.37956222891807556 0.931574285030365 0.12141066789627075 0.022110844030976295 1.9582438468933105 0.9908453822135925 0.457053542137146 5.687315940856934 -1.7559677362442017 0.5409971475601196 0.2068815678358078 0.6847569942474365 0.9518731236457825 -2.2635927200317383 1.8446941375732422 0.12915943562984467 4.054471969604492 5.961694240570068 -0.049107979983091354 0.25813063979148865 0.9956099987030029 0.10497169196605682 0.2745502293109894 -0.9379345178604126 2.288217306137085 -1.7084169387817383 -0.7403481006622314 2.3590285778045654 0.625313401222229 0.3376409411430359 0.8897773623466492 0.3438965082168579 0.186004176735878 2.0277602672576904 1.9262582063674927 0.03439333662390709 1.8414628505706787 -0.2670033872127533 0.274441123008728 0.7925068140029907 0.28216665983200073 0.5044739246368408 0.05904969573020935 -1.6104031801223755 1.408861756324768 -2.5545411109924316 -4.738901615142822 4.245271682739258 2.2441623210906982 0.8229047060012817 0.19741736352443695 0.6038191318511963 1.0012905597686768 0.7888883352279663 1.5290607213974 -0.235804945230484 3.070228099822998 -0.6528565287590027 2.308863639831543 0.15352055430412292 0.06623988598585129 0.8084813356399536 0.2187833935022354 2.364584445953369 0.9304547905921936 -4.954606056213379 0.5405858755111694 4.589779376983643 0.5177843570709229 0.9442797899246216 0.018617022782564163 0.2879111170768738 0.6823180913925171 0.7181382775306702 2.3185949325561523 0.13388867676258087 2.7550153732299805 5.466065406799316 2.1947226524353027 0.04683227837085724 0.1204659566283226 0.4462762475013733 0.9235535860061646 2.3030412197113037 1.9721273183822632 -1.9031568765640259 -3.9665615558624268 0.6170880198478699 0.8503457307815552 0.030484654009342194 0.1052747368812561 0.0380467064678669 0.5683286190032959 1.9233150482177734 1.6836042404174805 -0.7938650250434875 2.9759089946746826 0.7388169169425964 -2.4553205966949463 0.23590050637722015 0.1578211635351181 0.1453971266746521 0.21410349011421204 1.1486316919326782 2.0472238063812256 -4.54923152923584 -1.5179777145385742 -0.28288495540618896 -1.5029264688491821 0.8795837759971619 0.8275023698806763 0.5261287093162537 0.545232355594635 -0.6436372995376587 2.2873172760009766 -1.4972527027130127 -4.515553951263428 0.24814538657665253 1.8584253787994385 0.6854208111763 0.27203965187072754 0.9461613893508911 0.22134852409362793 2.856011390686035 1.9159296751022339 -2.3414037227630615 -1.4740973711013794 -0.4924130439758301 2.797315835952759 0.8123660683631897 0.20932763814926147 0.7002578377723694 0.9423540234565735 -0.6379354000091553 2.451767921447754 -0.5125448107719421 -0.9947714805603027 -0.6895508170127869 -1.5235029458999634 0.17134879529476166 0.933667004108429 0.6419761180877686 0.3206324875354767 -1.3156739473342896 0.7775316834449768 0.42597734928131104 2.5803465843200684 2.0185582637786865 -0.8872904777526855 0.2350393831729889 0.8821423649787903 0.044081054627895355 0.11390706896781921 -0.831228494644165 2.320873260498047 -2.015474796295166 1.8514636754989624 5.834808349609375 2.161670684814453 0.9107174277305603 0.2859554886817932 0.37614917755126953 1.1077234745025635 -2.49749493598938 1.2624183893203735 0.578286349773407 -3.9821739196777344 0.019625533372163773 2.0373446941375732 0.3643454909324646 0.72617506980896 0.1494756042957306 0.33721113204956055 2.07023024559021 2.660207748413086 0.18154117465019226 -4.7866692543029785 0.7499189972877502 1.8954099416732788 0.6806067824363708 0.08470406383275986 0.9239110946655273 0.4000879228115082 -2.4753177165985107 0.7395956516265869 -1.6017528772354126 1.0955168008804321 0.7190789580345154 -1.5496695041656494 0.28668034076690674 0.617398738861084 0.7318360209465027 0.1372677981853485 1.1279549598693848 1.966835379600525 -4.021180152893066 -3.0270192623138428 3.544491767883301 -0.5500419735908508 0.21614155173301697 0.2879432737827301 0.19402210414409637 0.6625720262527466 | -2.2088747024536133 -999 6.241356372833252 1.3572783470153809 -999 10.033056259155273 -1.8005428314208984 -999 1.4570341110229492 1.701570987701416 -999 14.608851432800293 1.0286794900894165 1.826253056526184 19.523727416992188 -1.165871024131775 -999 14.185623168945312 0.09514935314655304 1.3752673864364624 22.068967819213867 -0.6430754661560059 2.321563482284546 21.64261817932129 0.44413554668426514 -999 15.73090648651123 0.6947107911109924 -999 0.9302063584327698 -2.9512298107147217 -999 0.4842293858528137 -3.520113468170166 0.37632542848587036 21.263185501098633 -0.022648096084594727 -999 8.53225326538086 -0.17653216421604156 -0.34446442127227783 20.02081871032715 0.017193511128425598 -999 11.39627456665039 -3.353602647781372 -999 5.18898344039917 0.6943983435630798 -999 9.591155052185059 -3.448856830596924 -999 18.294584274291992 2.7815892696380615 -0.9605891704559326 22.75941276550293 -1.2571614980697632 -999 -1.1606955528259277 1.615235447883606 -999 19.71927833557129 1.4434788227081299 0.7811887264251709 21.05691146850586 0.05331496149301529 1.3540458679199219 20.583759307861328 0.09473554790019989 -999 4.614229679107666 0.24921207129955292 2.001063823699951 23.54716682434082 -1.8389699459075928 2.8389785289764404 18.383813858032227 1.9513704776763916 -999 12.426904678344727 -1.5200114250183105 -999 17.6013240814209 1.9632103443145752 -0.042168062180280685 23.755107879638672 0.39922431111335754 2.7404448986053467 19.970172882080078 -1.3682069778442383 3.0305280685424805 23.041213989257812 -1.1350939273834229 -999 16.285192489624023 1.2825380563735962 0.6018044352531433 21.00361442565918 0.7568789720535278 2.979163408279419 25.25484275817871 2.247877836227417 -999 6.225055694580078 -0.3836110830307007 -999 18.280229568481445 1.1305283308029175 -999 16.581554412841797 -3.710066795349121 5.3486762046813965 24.04364776611328 0.3578282594680786 -999 7.799307823181152 -0.6525933146476746 -999 -0.926464319229126 0.3146252930164337 4.33860445022583 23.06702995300293 -1.1607763767242432 -999 9.975800514221191 -1.068235993385315 -999 4.781638145446777 2.116150140762329 -999 1.7875665426254272 -4.643298149108887 2.8663158416748047 22.081716537475586 1.4274957180023193 -999 7.784439563751221 2.7105584144592285 2.6083931922912598 18.576778411865234 2.4813485145568848 4.557355880737305 24.738513946533203 0.0817667692899704 -999 18.8730411529541 2.542304515838623 -999 6.2354278564453125 0.3228515386581421 -999 14.353174209594727 -1.5828721523284912 -999 6.429300308227539 1.9125890731811523 0.34126561880111694 22.648883819580078 -0.9562623500823975 -999 10.599934577941895 -1.0266753435134888 -999 4.386600494384766 0.3537079393863678 4.795629024505615 22.5679874420166 -3.8355045318603516 -999 13.44283390045166 0.15556228160858154 -999 15.439708709716797 -2.3350913524627686 -999 2.8398895263671875 -0.8093372583389282 2.9757907390594482 18.82679557800293 | 0.019541718065738678 0.008776026777923107 0.007665438111871481 0.001907231635414064 0.0009979079477488995 0.001163810258731246 0.02280339039862156 0.03728742524981499 0.06650228798389435 0.012073087505996227 0.025941096246242523 0.014468729496002197 0.07071626931428909 0.06893794983625412 0.11558857560157776 0.0006428391789086163 0.00844392366707325 0.0038673104718327522 0.020362472161650658 0.017885617911815643 0.03178448975086212 0.13943679630756378 0.09850805252790451 0.20003746449947357 0.026417702436447144 0.022965461015701294 0.021073438227176666 0.006253315135836601 0.00025400251615792513 0.008061986416578293 0.012436259537935257 0.08084870874881744 0.006208126898854971 0.23869749903678894 0.003993920981884003 0.19611665606498718 0.001137346145696938 0.003586436854675412 0.002957716817036271 0.1586143672466278 0.04667654260993004 0.08423459529876709 0.002804957330226898 0.0042066858150064945 0.00025064803776331246 0.03653695806860924 0.009916141629219055 0.032105956226587296 0.02039678767323494 0.012073013000190258 0.006712078582495451 0.0022091595456004143 0.0030684522353112698 0.002933441661298275 0.17504693567752838 0.21719618141651154 0.2588813304901123 0.08578846603631973 0.0687863677740097 0.04355147108435631 0.007540323305875063 0.0035525476559996605 0.01044448371976614 0.07646755874156952 0.16079965233802795 0.058942537754774094 0.35097071528434753 0.16094687581062317 0.366970419883728 0.027148500084877014 0.05724702402949333 0.0723024308681488 0.11156733334064484 0.12209680676460266 0.025568384677171707 0.05760115012526512 0.09126020222902298 0.003851654939353466 0.024398498237133026 0.025066053494811058 0.003408513031899929 0.0011124382726848125 0.00016193931514862925 0.00470733130350709 0.11078239232301712 0.04532688856124878 0.04279020056128502 0.33594805002212524 0.40239349007606506 0.38105788826942444 0.039857663214206696 0.06328056752681732 0.07824264466762543 0.0006892034434713423 0.027343854308128357 0.0025384300388395786 0.007683513220399618 0.060153890401124954 0.08725976198911667 0.08591610938310623 0.2891855239868164 0.0008087083697319031 0.007247275672852993 0.00605288939550519 0.005575156770646572 0.005291664972901344 0.00459950091317296 0.02321309968829155 0.02742014266550541 0.0010443424107506871 0.02647559903562069 0.19864852726459503 0.42573174834251404 0.3557066321372986 0.008105779066681862 0.001991012366488576 0.008792143315076828 0.06078607589006424 0.029420245438814163 0.0722072497010231 0.17725352942943573 0.06778313964605331 0.2243553251028061 0.0023976811207830906 0.0092478571459651 0.000975043629296124 0.018159883096814156 0.047856319695711136 0.018496336415410042 0.14829812943935394 0.05280053988099098 0.09439986944198608 0.2969251871109009 0.07123325765132904 0.2178734689950943 0.007566703949123621 0.0032648241613060236 0.039848338812589645 0.05856555327773094 0.0011546537280082703 0.017856650054454803 0.014378691092133522 0.0369860902428627 0.13701806962490082 0.0004467420221772045 0.0015427647158503532 0.000557561288587749 0.006724837701767683 0.0044990223832428455 0.004144849255681038 0.0019880414474755526 0.0018703266978263855 0.0011891598114743829 0.041334547102451324 0.01640544831752777 0.05705860257148743 0.26064804196357727 0.06716287136077881 0.22467805445194244 0.0003379851987119764 0.0018416565144434571 0.0012662967201322317 0.003935092128813267 0.014769063331186771 0.0007380167953670025 0.38454046845436096 0.1207415759563446 0.1588248759508133 0.0013085416285321116 0.0026080473326146603 0.0005368394777178764 0.0001494780444772914 0.000018603102944325656 0.00020291366672609001 0.019355544820427895 0.04168436676263809 0.049410730600357056 0.007363420445472002 0.009809532202780247 0.00660986453294754 | -0.00597362220287323 -0.015369132161140442 -0.005891099572181702 -0.001144725945778191 0.09245181083679199 -0.011936292052268982 0.05164620652794838 0.16281908750534058 -0.0023140760604292154 -0.014895960688591003 -0.00481337308883667 0.3579588830471039 -0.014788523316383362 0.31324708461761475 -0.01160229742527008 -0.007878556847572327 -0.006634339690208435 -0.007688269019126892 0.22387677431106567 -0.008471094071865082 -0.008596286177635193 0.12488865852355957 0.39408352971076965 -0.0030821862164884806 0.12182426452636719 0.12007677555084229 -0.0012945720227435231 -0.013053163886070251 0.09793537855148315 0.43951261043548584 0.17567738890647888 -0.002189323538914323 0.09389311075210571 0.2729403078556061 -0.013473480939865112 -0.0010921844514086843 -0.003323659533634782 0.5187690854072571 -0.01281730830669403 -0.006589338183403015 0.3118738532066345 -0.013449802994728088 -0.005995839834213257 -0.0049503035843372345 0.36129137873649597 -0.005216628313064575 0.04231832176446915 0.2835542559623718 -0.007671341300010681 -0.009896531701087952 -0.014767661690711975 -0.0026514979545027018 0.30235472321510315 -0.015367552638053894 -0.014092937111854553 0.46772411465644836 -0.014788910746574402 -0.01591213047504425 -0.0067322105169296265 0.0225722286850214
FX 66 40 0.016 0.62 | 0.16799655556678772 2.5871708393096924 -1.40236496925354 -1.3656694889068604 -0.7479996085166931 2.736271381378174 0.046127378940582275 0.5861440896987915 0.8090841174125671 1.0266571044921875 -1.3826478719711304 2.788968324661255 -3.886343240737915 -2.6883718967437744 -0.9050520062446594 1.7164472341537476 0.8205897808074951 0.39201080799102783 0.990094006061554 0.780300498008728 -2.5832879543304443 2.1151914596557617 -1.396244764328003 0.42856115102767944 4.223501205444336 -2.996647357940674 0.9220173358917236 0.03826355189085007 0.7955854535102844 0.9037472009658813 -0.6129277944564819 0.7305840849876404 -2.59375262260437 -0.7851855754852295 -0.8524595499038696 -1.4832760095596313 0.1719726026058197 0.9604637622833252 0.5970252156257629 0.21365824341773987 1.1509594917297363 2.4020495414733887 -3.9748761653900146 1.510738492012024 5.614176273345947 0.3080875277519226 0.005045349709689617 0.9039673805236816 0.9049320220947266 0.9294455051422119 0.11033517867326736 0.47971978783607483 -3.139435291290283 2.2487313747406006 2.689567804336548 0.8462145328521729 0.8399244546890259 0.7239634394645691 0.54586261510849 0.4754537045955658 -0.6526956558227539 1.3216712474822998 -4.884204387664795 1.7541158199310303 4.707305908203125 -0.7710415720939636 0.34043410420417786 0.643280565738678 0.8279016613960266 1.0029191970825195 2.565992832183838 2.2953100204467773 -3.5418460369110107 0.7706184387207031 5.191919803619385 2.4803335666656494 0.7662180662155151 0.8894145488739014 0.1799418181180954 1.1396715641021729 2.9520483016967773 0.5960462093353271 -1.1716305017471313 2.981456756591797 0.4807397127151489 -0.01697593927383423 0.04194141924381256 0.4747558534145355 0.11627800017595291 0.4188568592071533 2.260174512863159 1.680808186531067 -1.3752846717834473 -4.821135520935059 4.2899322509765625 -1.5959827899932861 0.7764080762863159 0.9904083013534546 0.7262662053108215 0.9005762934684753 -2.581829309463501 2.963521957397461 -1.9012117385864258 4.896547317504883 -0.1892390102148056 -1.7117246389389038 0.5957913994789124 0.07220621407032013 0.6970980763435364 0.3606370985507965 -2.908277750015259 0.41213005781173706 -2.821092128753662 2.649984359741211 5.009574890136719 -2.104569911956787 0.5030786991119385 0.6839390397071838 0.10245054960250854 0.3762807548046112 -2.2838361263275146 2.020428419113159 -1.9835954904556274 -2.0457184314727783 3.4314756393432617 -2.9611194133758545 0.5892176628112793 0.4529193639755249 0.2704261839389801 0.988130509853363 2.4858999252319336 0.39882105588912964 0.5106925964355469 1.9999358654022217 3.03544545173645 0.18235786259174347 0.8270176649093628 0.9931585788726807 0.3656776249408722 0.2639179825782776 0.08479630947113037 2.9127092361450195 -4.22653341293335 -2.0144383907318115 3.8169946670532227 0.9106230735778809 0.5399622917175293 0.4454919099807739 0.2622625231742859 0.6165463328361511 -2.385352849960327 0.6734617948532104 -4.502433776855469 -4.046289920806885 3.4410409927368164 0.2538795471191406 0.3579551875591278 0.7346306443214417 0.1394364982843399 1.0526096820831299 0.16479341685771942 1.4016653299331665 -1.3409082889556885 3.483673334121704 0.9431406855583191 -1.091270089149475 0.8630363345146179 0.4536888301372528 0.626044750213623 0.5131255388259888 1.385922908782959 0.06998448073863983 0.7668597102165222 -0.8641011714935303 2.0166826248168945 2.519102096557617 0.8206973671913147 0.32187768816947937 0.5109350085258484 1.1667537689208984 1.337308406829834 1.9145017862319946 -1.1852481365203857 1.248496413230896 0.3249377906322479 -0.1776663362979889 0.7329545617103577 0.19231121242046356 0.2681020498275757 0.9334341287612915 0.797797679901123 2.795452833175659 -4.06141996383667 -0.037281233817338943 1.4628127813339233 -2.62485933303833 0.02246173657476902 0.5388968586921692 0.5262649059295654 0.9742552638053894 2.1250643730163574 1.864850640296936 -4.597810745239258 2.5314948558807373 2.8067846298217773 -1.6051253080368042 0.19600245356559753 0.05940069258213043 0.9887406229972839 0.3752193748950958 0.15047815442085266 0.8112180233001709 -1.82095205783844 2.493152379989624 1.4290705919265747 -0.507435142993927 0.8665492534637451 0.052001260221004486 0.5441585779190063 1.1289398670196533 -1.1943960189819336 1.9535473585128784 -1.29081130027771 4.911195755004883 -0.7943843007087708 -0.19665583968162537 0.009795330464839935 0.6463058590888977 0.6953111290931702 0.8643213510513306 1.45441734790802 2.371886730194092 0.6917741894721985 4.140955924987793 0.8749514222145081 1.4653465747833252 0.22604389488697052 0.8096378445625305 0.11815264821052551 0.9881038069725037 -0.13534694910049438 1.732446551322937 -3.9026222229003906 0.9370141625404358 3.862029552459717 0.9491236805915833 0.6324350237846375 0.49469196796417236 0.6520341038703918 0.2828332781791687 -1.0177719593048096 1.4645544290542603 -2.421064853668213 3.1358449459075928 2.0718324184417725 2.619265079498291 0.30140405893325806 0.6952070593833923 0.9619042873382568 1.022461175918579 0.24981163442134857 1.9114702939987183 -1.861339807510376 -1.935834288597107 5.512887954711914 1.7161859273910522 0.5425569415092468 0.4864392578601837 0.14100563526153564 0.8213647603988647 -2.2145934104919434 2.1402170658111572 -2.891486167907715 4.174324989318848 0.7918728590011597 -0.5090092420578003 0.15239058434963226 0.8892664909362793 0.5883657932281494 0.6197720170021057 1.7178833484649658 2.7768259048461914 -4.145857810974121 0.6420095562934875 3.1449661254882812 1.5708115100860596 0.75017911195755 0.25903087854385376 0.5756997466087341 0.26705849170684814 2.2411129474639893 0.8307363390922546 -3.7449257373809814 -4.206175804138184 2.1178791522979736 -2.3818552494049072 0.5616162419319153 0.9044890403747559 0.8529748320579529 1.0731059312820435 -2.911334276199341 1.9747593402862549 -0.2700033187866211 -2.380042314529419 5.855805397033691 2.378147602081299 0.40395480394363403 0.9187907576560974 0.3019390404224396 0.32142552733421326 2.78267502784729 1.638625979423523 -4.058689117431641 -1.2475249767303467 2.6191418170928955 0.7675837278366089 0.5307824015617371 0.22712816298007965 0.5783748030662537 0.17077989876270294 1.1875349283218384 2.146207094192505 -0.8270189166069031 -3.6585044860839844 5.254289627075195 2.7798330783843994 0.5078696608543396 0.3105134665966034 0.1533346176147461 0.5096563696861267 -0.4529811441898346 1.654593586921692 -1.4565047025680542 3.4345991611480713 0.7787436842918396 1.090063452720642 0.6681649684906006 0.24402190744876862 0.08995391428470612 0.5408684611320496 -2.565112590789795 0.03554032742977142 0.29223397374153137 -2.0540058612823486 -0.7155444025993347 -1.587955117225647 0.48730888962745667 0.9644838571548462 0.5624393820762634 1.1368972063064575 0.7977110743522644 0.7547138929367065 -2.1075847148895264 0.30335327982902527 4.464800834655762 -1.4974803924560547 0.152252197265625 0.2261580228805542 0.3639744520187378 1.1171200275421143 -2.086862087249756 2.6204655170440674 -2.211299180984497 -3.972193717956543 5.845438003540039 -0.5656101703643799 0.25615960359573364 0.7108961343765259 0.545059859752655 1.0689635276794434 2.8090615272521973 1.549765944480896 -2.106226682662964 -4.945120811462402 0.9214850068092346 2.033641815185547 0.746005654335022 0.8086749315261841 0.8027029037475586 1.1603747606277466 2.6811764240264893 1.309449553489685 -3.473778486251831 -4.490056037902832 5.656390190124512 -0.699375569820404 0.9117950201034546 0.1924392431974411 0.6412331461906433 0.17951004207134247 -2.29587721824646 0.32309743762016296 -1.9122743606567383 4.723220348358154 4.4049177169799805 1.2840536832809448 0.4361203610897064 0.4967459440231323 0.20939290523529053 0.8471300601959229 2.2866194248199463 2.2676382064819336 0.37284883856773376 1.3061426877975464 4.6363983154296875 -0.3120701014995575 0.7494713664054871 0.5116627812385559 0.012976679019629955 0.9553709030151367 -1.914291501045227 2.7485105991363525 -2.136715888977051 1.278447151184082 0.8580005168914795 2.227670907974243 0.8154846429824829 0.8245537877082825 0.8625873327255249 1.0797125101089478 2.696782350540161 1.9742430448532104 -1.1352496147155762 -4.3413848876953125 3.8660717010498047 -2.8057265281677246 0.8115969896316528 0.8932827711105347 0.013623298145830631 0.05135267600417137 0.8336994051933289 1.3992258310317993 -2.2935984134674072 -2.42228627204895 5.128432750701904 -0.3969331979751587 0.22516019642353058 0.9171568155288696 0.7640191316604614 0.853036105632782 1.2437506914138794 1.482837200164795 -0.3471834361553192 -3.937870740890503 2.0990943908691406 2.380383253097534 0.8567264080047607 0.32737916707992554 0.707891583442688 0.5519558787345886 1.0159075260162354 1.1360416412353516 -1.7100802659988403 -4.031816482543945 2.336085319519043 0.7325495481491089 0.782396137714386 0.841829240322113 0.12253827601671219 0.7321569919586182 0.651515007019043 1.3712941408157349 0.15126024186611176 -0.491606205701828 2.8862197399139404 -1.9909162521362305 0.49129706621170044 0.8977293968200684 0.20056700706481934 0.6860820055007935 -0.5662752389907837 0.8802947998046875 -0.7030954360961914 -0.3584272265434265 4.454115867614746 -2.99735164642334 0.1590050309896469 0.5986361503601074 0.4098144471645355 0.2108817994594574 -2.5420913696289062 0.07005374133586884 -1.57734215259552 4.429022789001465 3.8276896476745605 1.1756751537322998 0.8119794130325317 0.05475354194641113 0.07828893512487411 0.2111288458108902 -1.1299608945846558 2.403921604156494 -0.3425529897212982 -4.339610576629639 0.8795519471168518 1.9644520282745361 0.6879076361656189 0.22318169474601746 0.9331538081169128 0.31534284353256226 -1.0561667680740356 2.012813091278076 -0.17337794601917267 3.4137632846832275 2.1775779724121094 1.8057955503463745 0.5257771015167236 0.18980510532855988 0.5187525749206543 1.178389072418213 -1.1476001739501953 0.37069767713546753 -1.1104155778884888 -4.729319095611572 4.976132869720459 -1.2049739360809326 0.9453637599945068 0.7158729434013367 0.9834801554679871 0.46714186668395996 1.8762354850769043 1.5515406131744385 -4.860229015350342 2.508235454559326 3.2372326850891113 1.3915811777114868 0.20124441385269165 0.8474418520927429 0.2105696052312851 0.35181471705436707 1.3217337131500244 0.7875823378562927 -3.372213840484619 0.14604833722114563 4.284744739532471 -0.5252297520637512 0.8953304886817932 0.30048543214797974 0.1932712197303772 1.173409104347229 1.1977981328964233 0.5353246331214905 -3.784292459487915 0.07441495358943939 5.744856834411621 -1.0787568092346191 0.15792475640773773 0.6068893671035767 0.20821519196033478 0.8892292976379395 -1.7599701881408691 0.3519144058227539 0.4548286199569702 -1.9305543899536133 1.095270037651062 2.083322048187256 0.07130999118089676 0.05423704907298088 0.07934987545013428 0.5655822157859802 1.1065864562988281 0.2566070556640625 -0.7129949927330017 -2.478411912918091 -0.4373270273208618 -0.6383731961250305 0.5951430797576904 0.8303770422935486 0.40843626856803894 0.6301805973052979 0.9512326121330261 2.9262313842773438 -2.756713628768921 3.2013964653015137 4.541306495666504 -0.8897612690925598 0.540867805480957 0.19972069561481476 0.8709354996681213 0.6808111071586609 -1.1598118543624878 2.7520158290863037 -0.7212317585945129 1.650275707244873 5.748727321624756 1.8872414827346802 0.6274483799934387 0.41391363739967346 0.4112362563610077 0.26823511719703674 -0.9568262100219727 1.6822211742401123 -3.0609543323516846 -2.2987329959869385 -0.37220749258995056 -1.8595850467681885 0.32714229822158813 0.7016147971153259 0.486613929271698 0.644009530544281 -0.16203175485134125 0.4617845416069031 -2.5604143142700195 0.7550270557403564 5.392077445983887 0.3418785035610199 0.48895010352134705 0.9666921496391296 0.7168639302253723 0.43216854333877563 1.1098120212554932 1.244459867477417 -1.8086986541748047 1.601082682609558 0.757540762424469 2.98307466506958 0.46172091364860535 0.5186027884483337 0.8851128220558167 0.4740447998046875 2.116098642349243 1.4820598363876343 0.5576474070549011 -4.2930121421813965 0.552567183971405 0.6831687688827515 0.8777443766593933 0.9016602039337158 0.583401083946228 0.5288985967636108 1.6699450016021729 0.42252880334854126 -3.180043935775757 -2.8448431491851807 2.2471206188201904 -1.488023042678833 0.2609797716140747 0.6810357570648193 0.12469829618930817 0.12464532256126404 0.4389192759990692 0.5338878631591797 -1.4775444269180298 -1.1714210510253906 3.2654786109924316 1.2137742042541504 0.3948448598384857 0.37553104758262634 0.03323957696557045 0.6798596382141113 -0.14576444029808044 2.4257514476776123 -1.2833983898162842 4.023749828338623 2.272169828414917 -1.9200267791748047 0.6660178899765015 0.40648841857910156 0.11573293060064316 1.033657193183899 | -0.7060317397117615 0.8489315509796143 25.148845672607422 -3.103208065032959 0.9502156972885132 22.012178421020508 -2.309011220932007 3.5587124824523926 21.485904693603516 -0.7762466669082642 -999 5.157726287841797 2.117832660675049 4.735601425170898 21.022300720214844 1.153746485710144 -999 15.23320484161377 0.4699386656284332 3.074826717376709 19.422330856323242 3.05918550491333 4.358617782592773 22.845561981201172 4.192333221435547 -999 14.941305160522461 -0.8253526091575623 3.1668448448181152 22.403276443481445 -0.8582448959350586 -999 11.136260032653809 -1.9330856800079346 -999 10.66442584991455 -3.593097448348999 2.9570534229278564 20.921293258666992 2.9978818893432617 -999 10.477376937866211 -1.1399822235107422 -999 19.887123107910156 -4.974978923797607 1.616208553314209 20.460050582885742 1.948434591293335 -999 17.94036293029785 0.8328974843025208 0.10114160925149918 27.179079055786133 2.1363444328308105 0.8629423975944519 23.50103759765625 0.7739367485046387 2.472133159637451 19.058671951293945 3.0566558837890625 -999 9.071502685546875 1.746094822883606 0.46630334854125977 22.654294967651367 1.9487700462341309 0.1856217086315155 23.38333511352539 4.104629993438721 1.6723357439041138 26.429607391357422 0.11952092498540878 -999 6.895540237426758 0.9891688227653503 1.5310074090957642 24.055274963378906 -0.9891226291656494 4.180197238922119 24.037019729614258 0.32339540123939514 -999 20.359037399291992 1.8822376728057861 -999 6.176270008087158 -0.45083919167518616 0.9266592860221863 19.530681610107422 -3.672948122024536 -999 12.891005516052246 2.583070993423462 -999 2.2641241550445557 -0.6270831227302551 -999 19.771772384643555 1.3604869842529297 -999 19.57904815673828 -3.879676342010498 -1.6819276809692383 24.075950622558594 0.9918577075004578 2.3526663780212402 21.734037399291992 -4.629064559936523 5.102023601531982 22.226716995239258 -0.3558150827884674 0.8799964785575867 23.995304107666016 1.890925645828247 -999 3.2231311798095703 0.7269841432571411 1.8827248811721802 23.70952033996582 3.1225531101226807 3.9754128456115723 24.973125457763672 -1.0960866212844849 2.0381109714508057 24.088998794555664 2.488396167755127 -999 0.5900754928588867 -0.7165641784667969 3.4219021797180176 22.252370834350586 -0.8984508514404297 -999 22.027748107910156 -1.5644543170928955 1.3716164827346802 23.558757781982422 0.33688655495643616 1.95895516872406 23.67708396911621 -0.6408284306526184 -999 6.733456134796143 -1.620854377746582 -999 6.727197647094727 -2.449202537536621 -999 12.034639358520508 1.1286417245864868 2.1469433307647705 25.782337188720703 -3.3420026302337646 -999 16.310476303100586 2.719003438949585 -999 8.627342224121094 1.415203332901001 2.2702994346618652 21.091642379760742 1.2454246282577515 2.9525115489959717 20.32530403137207 -2.841078996658325 -999 23.321489334106445 -0.439942866563797 -999 23.068649291992188 3.0001256465911865 4.573147296905518 21.473840713500977 -0.7373411655426025 -999 9.681903839111328 -2.4280152320861816 0.18448857963085175 20.54890251159668 0.16413991153240204 -999 14.327279090881348 1.8527154922485352 -999 17.555448532104492 -0.15061122179031372 -999 21.37835693359375 1.351322889328003 -999 0.9932975172996521 -0.3107903003692627 1.3642746210098267 24.099262237548828 2.4294357299804688 2.620420217514038 22.28777503967285 | 0.017372416332364082 0.22075261175632477 0.30471593141555786 0.14754505455493927 0.07048498839139938 0.17802254855632782 0.2690797746181488 0.011166761629283428 0.23218213021755219 0.004554278217256069 0.0254355575889349 0.01581076718866825 0.001571213360875845 0.2815118134021759 0.28181222081184387 0.02023371122777462 0.017440220341086388 0.013149785809218884 0.1231907308101654 0.232779860496521 0.29958751797676086 0.3359369933605194 0.3899506628513336 0.07889282703399658 0.00028606041450984776 0.003238060511648655 0.0007930712308734655 0.22464951872825623 0.28656935691833496 0.21014124155044556 0.014268864877521992 0.0017292976845055819 0.01669510081410408 0.011071113869547844 0.01505125779658556 0.0022546008694916964 0.20758908987045288 0.1595694124698639 0.0952746793627739 0.024811824783682823 0.029796311631798744 0.01097090169787407 0.0074848597869277 0.006175328511744738 0.0036354358308017254 0.14031414687633514 0.28796643018722534 0.05465744063258171 0.0018929457291960716 0.0009951010579243302 0.0013731388607993722 0.3705202043056488 0.14531810581684113 0.23067179322242737 0.23041197657585144 0.06045505031943321 0.08428069949150085 0.007706369273364544 0.18488945066928864 0.1805555671453476 0.0037711425684392452 0.0011428861180320382 0.019023649394512177 0.375299870967865 0.02252158895134926 0.2356734424829483 0.0025422340258955956 0.16773918271064758 0.18045778572559357 0.07963426411151886 0.2852318286895752 0.041624654084444046 0.024223895743489265 0.018947981297969818 0.02497459203004837 0.11274324357509613 0.2600492537021637 0.3598100543022156 0.11980179697275162 0.1074104756116867 0.031135402619838715 0.0028945531230419874 0.016890998929739 0.011175598949193954 0.031063707545399666 0.010726051405072212 0.023838799446821213 0.22666887938976288 0.3650526702404022 0.34426149725914 0.001791495131328702 0.0040747360326349735 0.001339066424407065 0.033503785729408264 0.014336671680212021 0.03650788962841034 0.013608425855636597 0.008320244029164314 0.004108618479222059 0.015897110104560852 0.005805816035717726 0.002140200696885586 0.2129855751991272 0.4215419888496399 0.245822474360466 0.06502673029899597 0.09659182280302048 0.15545305609703064 0.10279425233602524 0.285275399684906 0.2187269926071167 0.33454957604408264 0.3626538813114166 0.3599756956100464 0.01782866008579731 0.003762834472581744 0.012538264505565166 0.10663517564535141 0.12145864963531494 0.051198363304138184 0.24740339815616608 0.16890186071395874 0.004283652175217867 0.332106351852417 0.33579978346824646 0.35128894448280334 0.052986957132816315 0.058319997042417526 0.0008894280181266367 0.05623135343194008 0.22905011475086212 0.1908056139945984 0.012348853051662445 0.004718842916190624 0.010203547775745392 0.0984809547662735 0.1059618592262268 0.015424010343849659 0.03299906849861145 0.06029800698161125 0.013471532613039017 0.0021728621795773506 0.008180582895874977 0.005600264761596918 0.012033127248287201 0.0008114200318232179 0.001160202780738473 0.02474387176334858 0.008027791976928711 0.03356531634926796 0.24022021889686584 0.08671930432319641 0.23701080679893494 0.006358124781399965 0.004814664367586374 0.006614479701966047 0.009046279825270176 0.03809395432472229 0.009465462528169155 0.4070003032684326 0.1365949958562851 0.0878574401140213 0.04426256939768791 0.17009671032428741 0.058357786387205124 0.0007038244511932135 0.0005353157175704837 0.0007831775001250207 0.005837101023644209 0.008144251070916653 0.004005900118499994 0.03242241218686104 0.011972291395068169 0.05220837518572807 0.02861998789012432 0.0188799649477005 0.018757840618491173 0.0020368401892483234 0.004368365742266178 0.0030297357589006424 0.00019062121282331645 0.00037687289295718074 0.0002794752945192158 0.009783599525690079 0.010988893918693066 0.018755029886960983 0.0014912100741639733 0.0015318410005420446 0.0009911468951031566 0.026476498693227768 0.06909134238958359 0.012650690041482449 0.023149577900767326 0.0220172181725502 0.0019488215912133455 0.25364622473716736 0.15480703115463257 0.044075723737478256 | 0.3866578936576843 0.1403008997440338 0.26374784111976624 -0.01034177839756012 0.2894461750984192 -0.004546359181404114 0.36292001605033875 0.49967214465141296 -0.013143196702003479 0.26057693362236023 -0.00736294686794281 -0.007719293236732483 0.34813129901885986 -0.00808204710483551 -0.007453545928001404 0.41261041164398193 -0.01487453281879425 0.5267542600631714 0.29343482851982117 0.33425602316856384 -0.008780673146247864 0.48894044756889343 0.2243219017982483 0.3481045961380005 -0.005166754126548767 0.3824619650840759 0.1813652515411377 -0.004227861762046814 -0.004941537976264954 0.4331066310405731 -0.014574512839317322 -0.0052201151847839355 -0.0023436995688825846 -0.003131553763523698 0.49689778685569763 0.47712063789367676 0.428964227437973 0.5203752517700195 -0.01248997449874878 0.2071305811405182 0.31537163257598877 0.4397132396697998 -0.012647323310375214 0.2130366563796997 -0.008044108748435974 0.09215730428695679 0.046082235872745514 -0.01311822235584259 -0.01287117600440979 -0.004657194018363953 0.5383895039558411 -0.012858197093009949 -0.0001853287103585899 0.533409595489502 0.24922990798950195 -0.010417744517326355 -0.009819254279136658 0.040811337530612946 -0.0037649127189069986 0.00400970596820116 -0.015831515192985535 -0.00595526397228241 -0.015101447701454163 -0.0033546837512403727 0.039859868586063385 0.39365795254707336
FX 5 40 0.016 0.66 | -2.425330400466919 0.432807981967926 -3.7372374534606934 -0.6781685948371887 5.916599750518799 1.3786121606826782 0.8726034164428711 0.6729649305343628 0.498835027217865 1.0429924726486206 0.9493857026100159 2.3639109134674072 -3.469330072402954 -2.059138298034668 5.395423889160156 0.3330782353878021 0.8883560299873352 0.8207384347915649 0.2907407879829407 0.48991096019744873 -0.6175785660743713 1.6125532388687134 0.601318895816803 2.50715970993042 4.0155816078186035 1.8383110761642456 0.882921040058136 0.20814178884029388 0.6090230941772461 0.3941850960254669 2.5885140895843506 2.7291100025177 0.8369166254997253 -2.1375393867492676 0.6656807065010071 0.8427098989486694 0.7793439030647278 0.025011973455548286 0.5713738799095154 0.3032433092594147 1.8764286041259766 0.8494392037391663 0.5805139541625977 -4.442882537841797 5.001008033752441 1.8221195936203003 0.15792493522167206 0.555661678314209 0.8235942125320435 0.4392702281475067 | -2.8593571186065674 2.9599103927612305 23.545076370239258 -0.03900079056620598 -999 16.49054527282715 0.3451707661151886 -999 17.147232055664062 1.9729020595550537 -999 12.959613800048828 -0.04289711266756058 -999 19.187667846679688 | 0.3371580243110657 0.2600213587284088 0.19274073839187622 0.017971433699131012 0.016603529453277588 0.0058816829696297646 0.022813117131590843 0.005378015339374542 0.015736078843474388 0.03917563706636429 0.0012572883861139417 0.028721513226628304 0.0026137465611100197 0.009196513332426548 0.013630948029458523 | 0.40299323201179504 -0.006089106202125549 -0.00581495463848114 -0.0007567295688204467 -0.008729830384254456
FX 15 40 0.016 0.7 | 1.3532930612564087 1.4307113885879517 -1.8975387811660767 -0.522661030292511 0.4770703613758087 -0.5078018307685852 0.25857871770858765 0.6184481382369995 0.498636394739151 1.0516014099121094 -0.8483524322509766 1.4924795627593994 -3.6472225189208984 -3.0847296714782715 0.9293735027313232 -2.2856228351593018 0.0778178945183754 0.4211425185203552 0.06758994609117508 1.0085618495941162 0.8436053395271301 2.214327335357666 -3.0102505683898926 -3.947319507598877 2.392853021621704 -2.7536869049072266 0.5128124952316284 0.6620904803276062 0.3338310718536377 0.9431678652763367 -1.5875359773635864 2.0716609954833984 -0.001650338526815176 -3.1869616508483887 1.9335740804672241 1.7286044359207153 0.05916120111942291 0.5524111986160278 0.23695343732833862 0.7195441126823425 2.9110684394836426 1.2505971193313599 -4.299047946929932 1.5272976160049438 1.5323991775512695 -1.41031014919281 0.8382484316825867 0.13020478188991547 0.8111746907234192 0.4698336720466614 -2.4990570545196533 2.2926595211029053 -2.444007635116577 -4.781088352203369 0.8064131140708923 0.6466776728630066 0.753592312335968 0.013360412791371346 0.2766497731208801 0.6772006750106812 2.847745895385742 0.7184014916419983 -0.4352203905582428 1.6832499504089355 0.7884538769721985 -0.08345074206590652 0.026895979419350624 0.06573458760976791 0.5956971049308777 1.0215766429901123 2.6126420497894287 0.5873986482620239 -4.214287281036377 1.1458290815353394 3.571956157684326 2.443483829498291 0.7314990162849426 0.6934593319892883 0.394493043422699 0.11563572287559509 -2.3521230220794678 2.4733786582946777 -2.4758567810058594 -3.365274667739868 2.0498945713043213 -1.0961534976959229 0.28067684173583984 0.3074621260166168 0.4838334918022156 0.8091145157814026 0.12297973781824112 2.5694220066070557 -4.727503776550293 4.960587978363037 0.7597100734710693 1.2245534658432007 0.31474795937538147 0.37901589274406433 0.09977244585752487 0.7521377801895142 -0.29548346996307373 2.0589218139648438 -3.7535438537597656 -2.633725881576538 3.6062605381011963 0.0010609952732920647 0.6587883830070496 0.1098393052816391 0.8934350609779358 0.923615574836731 2.5960946083068848 1.9423680305480957 -3.067181348800659 3.051978588104248 5.498671531677246 1.3978756666183472 0.2569994330406189 0.9466561675071716 0.5186337828636169 0.998403012752533 -1.1212798357009888 2.3527700901031494 -2.7638158798217773 3.091533660888672 -0.6426805257797241 1.7705727815628052 0.3434603214263916 0.02224905975162983 0.5212492346763611 0.060016654431819916 1.4881764650344849 2.625192642211914 -0.814113974571228 4.003685474395752 4.609035015106201 1.84781813621521 0.5644136667251587 0.6063029170036316 0.5096663236618042 0.49759939312934875 -2.531189441680908 0.4421023726463318 0.055703092366456985 0.6484441757202148 -0.013228608295321465 1.9933048486709595 0.1381921023130417 0.39747855067253113 0.39283907413482666 0.14847822487354279 | 1.0187917947769165 0.4765165150165558 25.77747344970703 -2.8225796222686768 0.8277586698532104 22.889972686767578 -1.6826791763305664 2.486233711242676 23.22739028930664 -3.6271889209747314 2.049628734588623 29.104646682739258 3.6197330951690674 -999 15.346566200256348 -5.55895471572876 1.5492442846298218 25.969860076904297 3.9250259399414062 -0.03650785610079765 27.511383056640625 2.7409744262695312 -999 0.9593827128410339 -4.505900859832764 2.5257914066314697 24.822599411010742 3.2977547645568848 1.7961164712905884 24.056215286254883 -1.9810686111450195 3.1074092388153076 24.247146606445312 4.5493597984313965 4.201996803283691 25.827465057373047 -0.9728861451148987 -999 -0.5788283348083496 3.474005937576294 -999 21.802396774291992 -2.437814235687256 -999 6.642739295959473 | 0.10120902210474014 0.2420637458562851 0.19516882300376892 0.02843729592859745 0.15389974415302277 0.024699656292796135 0.16483664512634277 0.21282003819942474 0.10730548948049545 0.006540171802043915 0.061068132519721985 0.026194805279374123 0.010407965630292892 0.0016166650457307696 0.010071809403598309 0.04139735549688339 0.0007339323055930436 0.015197300352156162 0.010046136565506458 0.02455306239426136 0.2225036919116974 0.022999146953225136 0.02180313691496849 0.012403301894664764 0.058664944022893906 0.06426340341567993 0.10112720727920532 0.04692656919360161 0.05650843679904938 0.014875326305627823 0.20229530334472656 0.033728547394275665 0.2743486762046814 0.09225691109895706 0.33982789516448975 0.18617765605449677 0.06876831501722336 0.0044547514989972115 0.10436556488275528 0.0018140701577067375 0.001948705525137484 0.0016381079331040382 0.004167976323515177 0.011988247744739056 0.011848317459225655 | 0.4116021394729614 0.3685626685619354 0.30316856503486633 0.07954439520835876 -0.010166391730308533 0.03720090538263321 0.38157743215560913 -0.012364283204078674 0.16911497712135315 0.11213812232017517 0.28361624479293823 0.3584038317203522 -0.003983344882726669 -0.014400675892829895 -0.011521786451339722
FX 56 40 0.016 0.74 | 2.607496976852417 1.0610395669937134 -2.8149588108062744 -1.7896391153335571 1.346726894378662 -1.123939871788025 0.44561973214149475 0.23913882672786713 0.3226172924041748 0.6723138093948364 0.04566099867224693 0.34740233421325684 -2.3686304092407227 0.12824787199497223 -0.4223424196243286 -0.3533398509025574 0.6542704105377197 0.5618303418159485 0.5229458212852478 0.9922345876693726 -1.701107144355774 2.4332847595214844 0.5648396015167236 -4.325957775115967 2.748072862625122 2.400979995727539 0.37572023272514343 0.3038734495639801 0.22866714000701904 1.0404701232910156 -2.0439555644989014 1.032663345336914 -4.821986675262451 -0.08427328616380692 5.185853004455566 -0.2772720158100128 0.32087624073028564 0.2538214921951294 0.8503873944282532 1.0650217533111572 -2.141404867172241 1.1547664403915405 -2.2820651531219482 0.6034021377563477 5.90989875793457 -1.9281538724899292 0.3601680397987366 0.2543560266494751 0.14718879759311676 0.354571670293808 1.6819946765899658 0.602462649345398 -0.5928981900215149 -3.6308093070983887 1.7419073581695557 -2.051232099533081 0.036889541894197464 0.2910315692424774 0.08947238326072693 1.183198094367981 0.32143816351890564 0.7110615372657776 -1.8953059911727905 3.6132993698120117 0.48718202114105225 -2.0926356315612793 0.43879279494285583 0.04633411765098572 0.828178882598877 0.7453598380088806 -2.3268396854400635 0.9254518151283264 -0.5153771638870239 -0.15154099464416504 1.3488236665725708 -1.1996577978134155 0.8783169388771057 0.3344494104385376 0.8067570924758911 0.0766887217760086 2.234226942062378 1.8632043600082397 -0.20085932314395905 1.1850694417953491 2.3152101039886475 -2.0963447093963623 0.4376794099807739 0.005189991556107998 0.162592351436615 0.5391770601272583 1.216878056526184 1.6165008544921875 -2.950186014175415 1.593740463256836 4.799224853515625 0.5438363552093506 0.4042876958847046 0.9500067830085754 0.44842371344566345 0.5756387114524841 0.3196723461151123 2.9870235919952393 -1.0415685176849365 1.3772822618484497 0.2817090153694153 2.373751163482666 0.48858997225761414 0.7114138007164001 0.3092871308326721 0.9229922294616699 2.8756072521209717 2.1371636390686035 -1.025527834892273 2.1568663120269775 0.8137385845184326 -0.47110292315483093 0.9233216047286987 0.5379078984260559 0.37836548686027527 0.9164890050888062 0.8582230806350708 1.9111268520355225 -1.0531291961669922 -4.785035133361816 2.5812811851501465 -1.984714388847351 0.9548446536064148 0.6487703919410706 0.6147060990333557 1.0173938274383545 -1.191792368888855 2.761826992034912 -4.241541862487793 -3.2186670303344727 1.0038208961486816 -2.7232155799865723 0.4512646794319153 0.5730709433555603 0.27597755193710327 0.18556471168994904 1.9554872512817383 2.4441990852355957 0.5298985242843628 -2.423762321472168 2.865689516067505 -2.5952367782592773 0.7689006328582764 0.147572323679924 0.28048446774482727 0.6276140213012695 -0.6276366710662842 2.834857225418091 -2.8613784313201904 -3.8156917095184326 -0.3762211501598358 1.7640174627304077 0.7616624236106873 0.15822957456111908 0.8785163760185242 0.43925073742866516 -2.680957555770874 0.12500961124897003 -1.9455446004867554 1.3039562702178955 4.697941780090332 2.33243727684021 0.6394932270050049 0.24808762967586517 0.20413820445537567 1.1715739965438843 0.44868403673171997 0.376919150352478 -1.005480170249939 -4.766149044036865 1.898446798324585 -0.3653714954853058 0.9570346474647522 0.6921611428260803 0.36400601267814636 0.5276003479957581 -0.11564549803733826 1.0900180339813232 -0.5217964053153992 3.2697088718414307 1.5030847787857056 -2.4155168533325195 0.4451161026954651 0.656342089176178 0.2949714660644531 1.1012225151062012 -2.158933639526367 2.3625450134277344 0.9559381008148193 -4.4807610511779785 2.1372997760772705 0.6676039695739746 0.5128309726715088 0.40069133043289185 0.08830026537179947 0.7840135097503662 0.9892643094062805 2.59975528717041 -2.6148414611816406 -0.017847100272774696 4.523329257965088 2.0854434967041016 0.9933614730834961 0.4091176390647888 0.7452406287193298 1.1837280988693237 1.8437384366989136 1.1668944358825684 -0.5759573578834534 -3.0858869552612305 0.9979113340377808 -0.8765258193016052 0.2863006591796875 0.0020259127486497164 0.6094369292259216 0.30808863043785095 0.28912293910980225 0.7507595419883728 -4.625809669494629 2.1011712551116943 4.089745998382568 -1.9812594652175903 0.8648057579994202 0.6582198739051819 0.9689193367958069 0.8008214831352234 -2.5679004192352295 0.3397960364818573 -1.7795900106430054 0.6465150713920593 -0.12377452105283737 1.0050349235534668 0.39860472083091736 0.18366938829421997 0.520232617855072 1.19224214553833 -2.490640640258789 1.708365559577942 -4.583211898803711 0.9738809466362 5.891796112060547 2.957383871078491 0.973608672618866 0.7247490286827087 0.18829326331615448 0.353961318731308 1.1752218008041382 1.1123623847961426 -3.303117275238037 -1.0487754344940186 5.48010778427124 0.5992223620414734 0.8926284313201904 0.20189307630062103 0.6284812092781067 0.8922448754310608 -1.2197489738464355 2.398711919784546 0.5286177396774292 -4.425326347351074 3.5877745151519775 -0.6058430075645447 0.1282711774110794 0.4486655592918396 0.6338547468185425 0.8256316781044006 1.104333519935608 1.745815396308899 -1.3860005140304565 0.29588475823402405 1.8032987117767334 -1.5609381198883057 0.8097887635231018 0.683725118637085 0.1986369639635086 0.458732932806015 1.6559118032455444 0.5492109656333923 -1.7564364671707153 -2.7665884494781494 -0.7122678756713867 1.1763243675231934 0.5145948529243469 0.5548071265220642 0.9320023059844971 0.2604362964630127 -2.028148889541626 0.6004365682601929 -3.844344139099121 1.143169641494751 4.494802951812744 -2.950284719467163 0.7124714851379395 0.9546670317649841 0.8900724053382874 0.16890902817249298 0.46636736392974854 2.1420235633850098 -1.4698522090911865 -4.2502055168151855 0.0855947732925415 -1.5693765878677368 0.219694122672081 0.9793122410774231 0.9726501703262329 0.9356331825256348 -0.07709822803735733 2.447324514389038 -2.697774648666382 1.585881233215332 2.0739450454711914 0.060492586344480515 0.6936542987823486 0.7191049456596375 0.3701294958591461 0.6109049320220947 -1.9674099683761597 2.87263822555542 -1.567097783088684 -3.9083900451660156 4.162117004394531 2.111910820007324 0.14280492067337036 0.10454092919826508 0.884549617767334 0.7944535613059998 0.09592361748218536 0.07998326420783997 -0.5063028335571289 2.0264246463775635 0.8095938563346863 -2.8257508277893066 0.07272017002105713 0.8743319511413574 0.2610262334346771 0.9495369791984558 -0.20916567742824554 1.7771010398864746 -0.5933586359024048 1.7740974426269531 3.8458187580108643 1.015978217124939 0.1330815702676773 0.8625646829605103 0.2534075677394867 0.3286765217781067 -1.4431867599487305 1.9994312524795532 -0.3529677391052246 -1.3112952709197998 2.179006814956665 1.162887454032898 0.41894903779029846 0.9958335161209106 0.20764793455600739 1.149915099143982 0.3627268373966217 1.7983026504516602 -3.809751510620117 2.4190423488616943 -0.5611605048179626 0.9719766974449158 0.8563236594200134 0.6327552199363708 0.8874146342277527 0.28553661704063416 0.43159037828445435 2.6741714477539062 -1.6805294752120972 4.620078086853027 2.0263936519622803 2.1815409660339355 0.013040997087955475 0.14055265486240387 0.2406267374753952 0.45059990882873535 -1.947248935699463 1.6774040460586548 -0.27562057971954346 4.089384078979492 0.8678221106529236 -0.1630118042230606 0.8153409361839294 0.2213539332151413 0.8905354738235474 0.49414658546447754 -0.8026325106620789 2.130620002746582 -2.7118442058563232 -2.432250499725342 5.70768404006958 1.1638129949569702 0.7192702293395996 0.6291482448577881 0.0844745859503746 0.47741276025772095 0.8112780451774597 0.33183377981185913 -1.1852761507034302 -0.3130623400211334 0.7538062930107117 1.3850126266479492 0.7775284647941589 0.7823859453201294 0.2798990309238434 0.21599768102169037 2.8294382095336914 2.3232219219207764 -0.28783705830574036 3.068918466567993 4.51190710067749 -1.282188057899475 0.35629209876060486 0.33965593576431274 0.24195607006549835 0.6604598164558411 -2.4702980518341064 2.9444122314453125 -4.7037153244018555 4.907047271728516 4.958461284637451 1.3344486951828003 0.6291571259498596 0.30858469009399414 0.8631477952003479 0.9686168432235718 -1.8906924724578857 0.6281648278236389 -4.061366081237793 -3.1961188316345215 5.945654392242432 0.541694700717926 0.9257177114486694 0.37295961380004883 0.8511449098587036 0.8322892785072327 -2.7149782180786133 1.1865779161453247 -4.060634613037109 3.7394754886627197 1.258487582206726 -0.03096545860171318 0.0425516739487648 0.4114941358566284 0.003953327424824238 1.164436936378479 0.9765289425849915 2.696160316467285 -2.5785176753997803 0.05873171612620354 0.32900914549827576 -1.8406286239624023 0.2802030146121979 0.3367345333099365 0.9036491513252258 0.14240172505378723 0.06275467574596405 2.091273784637451 -4.134007453918457 -3.125688076019287 1.047586441040039 -2.6356263160705566 0.22334685921669006 0.7401362061500549 0.39100271463394165 0.696760356426239 -1.202756643295288 2.4045016765594482 -4.2982916831970215 1.8736597299575806 1.9159048795700073 -0.46508726477622986 0.9298428297042847 0.821241557598114 0.5111920237541199 1.1834572553634644 -0.018808407709002495 2.8957056999206543 -1.995593786239624 -4.996651649475098 2.334618330001831 1.0033833980560303 0.4849552512168884 0.13903871178627014 0.46889641880989075 0.7544248104095459 2.5493485927581787 1.454978346824646 -4.874034404754639 3.41922926902771 0.01711917854845524 2.60801362991333 0.07679801434278488 0.39363861083984375 0.29799124598503113 0.23133033514022827 2.8483827114105225 1.5987762212753296 -4.660993576049805 -0.5006564259529114 1.568359136581421 0.3649155795574188 0.1303076446056366 0.17700845003128052 0.2442694902420044 0.6211865544319153 0.7767338156700134 0.0142600629478693 -0.32442256808280945 0.325928270816803 2.5249929428100586 -1.013258934020996 0.3382624089717865 0.9806466698646545 0.2912065088748932 0.22143782675266266 2.2409720420837402 0.18894360959529877 -0.31651604175567627 -3.1079185009002686 -0.8787498474121094 2.12984561920166 0.17585895955562592 0.43889185786247253 0.7645725011825562 0.6311407685279846 -1.4685755968093872 1.4919935464859009 0.003968294244259596 2.7250289916992188 0.01835104078054428 -2.257711410522461 0.5247215628623962 0.3300977349281311 0.8081219792366028 0.9295031428337097 -1.7545403242111206 0.188776433467865 0.4023422598838806 -2.751657485961914 0.23691658675670624 -0.22744110226631165 0.23019719123840332 0.4322583079338074 0.34411153197288513 0.4994646906852722 -1.2792384624481201 0.6311852931976318 -0.1115080937743187 3.174565553665161 0.5086377263069153 -0.47582346200942993 0.7442705631256104 0.43734294176101685 0.9557068943977356 0.5264758467674255 | 1.4621268510818481 0.6634248495101929 26.06572723388672 0.1277395784854889 -1.1824164390563965 27.00522804260254 -4.469719409942627 2.9325318336486816 31.701465606689453 -2.097885847091675 3.092088222503662 24.60055160522461 -1.9290063381195068 -999 13.319222450256348 -0.6417233347892761 0.4577634930610657 27.694307327270508 2.6339492797851562 -0.23666180670261383 26.365415573120117 -2.336538553237915 -999 2.367844820022583 2.8599462509155273 -999 23.112272262573242 2.1093719005584717 -999 23.254358291625977 1.201132893562317 1.9077974557876587 30.07764434814453 4.2560014724731445 1.3984367847442627 28.2729549407959 -2.20419979095459 2.3036272525787354 27.276647567749023 -1.7582775354385376 -999 3.4191720485687256 0.4430590271949768 -999 27.770477294921875 -2.276014804840088 -999 17.88068199157715 -1.8464257717132568 1.8721719980239868 29.147214889526367 -1.9915846586227417 -999 22.487445831298828 1.97696852684021 0.7924724817276001 27.53226661682129 -5.0266194343566895 2.4708971977233887 30.983192443847656 0.9778416752815247 4.235166072845459 28.31983757019043 0.9056283235549927 -999 13.217581748962402 1.6338717937469482 2.108677387237549 23.706178665161133 -2.15412974357605 -0.9989393353462219 28.463634490966797 -2.1478347778320312 -999 12.737788200378418 0.504004955291748 3.36011004447937 26.680395126342773 -4.051959991455078 3.435368299484253 29.740880966186523 1.2368899583816528 -999 18.63469886779785 0.9476655721664429 -999 10.384702682495117 -1.8452413082122803 -999 3.0836102962493896 -2.2537639141082764 0.9372844696044922 27.125736236572266 0.8871179223060608 -999 25.459012985229492 -4.468782901763916 4.276873588562012 29.384519577026367 1.392835021018982 -0.6613965034484863 27.28521728515625 0.3585455119609833 -999 14.531758308410645 -2.282417058944702 2.1344759464263916 29.991275787353516 1.0207065343856812 -999 9.034626007080078 2.5013844966888428 -999 20.016796112060547 0.015655815601348877 -999 21.84613609313965 -1.9311963319778442 -999 19.28816795349121 0.7461611032485962 -999 8.722806930541992 4.793549537658691 3.951322317123413 28.491552352905273 0.670211911201477 4.858306407928467 25.750328063964844 -3.9362094402313232 3.1738617420196533 25.885311126708984 -0.3217134475708008 0.7324901819229126 25.519540786743164 0.9840467572212219 -999 3.105881690979004 -1.937686562538147 1.502209186553955 23.779197692871094 -0.0036144470795989037 2.3711609840393066 25.004056930541992 -3.2166664600372314 3.1303417682647705 28.246564865112305 3.3152573108673096 -999 6.070160865783691 2.543987989425659 -999 23.680875778198242 0.8445271253585815 -999 9.084819793701172 0.301629900932312 -999 29.872520446777344 0.2754424810409546 0.24421848356723785 28.159029006958008 -3.1193647384643555 -999 23.229524612426758 0.34613916277885437 -999 23.324874877929688 | 0.021418213844299316 0.011493939906358719 0.015506238676607609 0.2322607785463333 0.19944529235363007 0.1856416016817093 0.14461252093315125 0.1169591173529625 0.08801265060901642 0.12805335223674774 0.10129354894161224 0.33936747908592224 0.0026122136041522026 0.0018447841284796596 0.0010675255907699466 0.016935747116804123 0.13361069560050964 0.041076187044382095 0.062025461345911026 0.006549549289047718 0.11706704646348953 0.14532411098480225 0.05533716082572937 0.13348400592803955 0.009073017165064812 0.00010758760618045926 0.003370510647073388 0.010983544401824474 0.02580944634974003 0.012182616628706455 0.1498035341501236 0.21812215447425842 0.09482859820127487 0.2785509526729584 0.1622779816389084 0.1141466498374939 0.35419246554374695 0.2406565099954605 0.22802062332630157 0.023259859532117844 0.02953820675611496 0.014224909245967865 0.004427744075655937 0.0008498008828610182 0.0016151806339621544 0.012572703883051872 0.002611883683130145 0.014501603320240974 0.29015520215034485 0.11256399750709534 0.09262296557426453 0.028297994285821915 0.02046610601246357 0.010763079859316349 0.18642722070217133 0.274894654750824 0.12354239821434021 0.09420092403888702 0.07360220700502396 0.01621970348060131 0.45628634095191956 0.18792232871055603 0.34231558442115784 0.0037994482554495335 0.000026885549232247286 0.008087735623121262 0.17367130517959595 0.1321844905614853 0.19457952678203583 0.18463236093521118 0.08507503569126129 0.24096998572349548 0.005394692067056894 0.004015779588371515 0.0010433187708258629 0.2523539066314697 0.05707694962620735 0.17767716944217682 0.028840048238635063 0.10087641328573227 0.142513707280159 0.018946446478366852 0.015996962785720825 0.004647464491426945 0.008765598759055138 0.009450573474168777 0.01587570831179619 0.03757891803979874 0.050353389233350754 0.04694638028740883 0.06941719353199005 0.30943524837493896 0.3073302209377289 0.0032985194120556116 0.0034195443149656057 0.001760068815201521 0.027763472869992256 0.02032436430454254 0.17197005450725555 0.02370590716600418 0.2850217819213867 0.08509143441915512 0.0035131191834807396 0.022770188748836517 0.0066895135678350925 0.18577778339385986 0.4415900707244873 0.09207890927791595 0.040596187114715576 0.029997359961271286 0.04207013174891472 0.00007524324610130861 0.0008109532063826919 0.0013883552746847272 0.02334173023700714 0.006336960941553116 0.025494413450360298 0.020207572728395462 0.01767563633620739 0.0023732753470540047 0.028789233416318893 0.028969088569283485 0.01036370825022459 0.011037375777959824 0.010522013530135155 0.007495423313230276 0.2134508639574051 0.10469192266464233 0.29283565282821655 0.2138752043247223 0.08616753667593002 0.19664612412452698 0.01916436105966568 0.1853281408548355 0.0017804938834160566 0.028338169679045677 0.034055452793836594 0.09139003604650497 0.018194641917943954 0.06029416620731354 0.031852491199970245 0.4269949197769165 0.3771239221096039 0.23474547266960144 0.0735541507601738 0.021088285371661186 0.07111848145723343 0.0024335472844541073 0.012473475188016891 0.009442636743187904 0.0027661973144859076 0.003757571568712592 0.005185402929782867 0.020527224987745285 0.05950988084077835 0.017671670764684677 0.0019897213205695152 0.004965754691511393 0.008650603704154491 0.16343021392822266 0.1028125137090683 0.2516983449459076 0.0015968016814440489 0.002998432843014598 0.0023869879078119993 0.0204642154276371 0.012025035917758942 0.026277799159288406 | 0.032314009964466095 0.3522353768348694 0.40047088265419006 0.4250224530696869 -0.013428375124931335 0.5431985259056091 0.10536018013954163 -0.0033112766686826944 -0.004822954535484314 -0.0003612518194131553 0.2829928994178772 0.2764896750450134 0.3773946166038513 -0.006435304880142212 -0.012385860085487366 -0.008749321103096008 0.5315744876861572 -0.00039969588397070765 0.46122315526008606 0.144013911485672 0.5437285304069519 -0.011911407113075256 0.16082191467285156 0.5522425174713135 -0.014038726687431335 0.2522454857826233 0.18563216924667358 -0.005267128348350525 -0.011563733220100403 -0.0070909857749938965 0.29563388228416443 -0.013094976544380188 0.15445399284362793 0.30953770875930786 -0.007323518395423889 0.5099156498908997 -0.0024634154979139566 -0.013400152325630188 -0.0018534810515120625 -0.002587303752079606 -0.00800234079360962 0.020460018888115883 0.3286176025867462 0.19228976964950562 0.524437427520752 -0.0015982837649062276 0.05676061287522316 0.5434576869010925 0.11442515254020691 -0.008669689297676086 -0.0028133245650678873 -0.0025621952954679728 -0.00885908305644989 0.289503812789917 -0.012535378336906433 -0.001524195191450417
FX 46 40 0.016 0.78 | -2.036574125289917 2.5357985496520996 -0.2080478072166443 -2.1756069660186768 0.620120644569397 -0.30459752678871155 0.8836607933044434 0.21265116333961487 0.7964492440223694 0.6159812808036804 -0.5947901606559753 1.177201271057129 -4.806416988372803 0.34000498056411743 -0.5369324088096619 0.6844766139984131 0.5617812275886536 0.9820027947425842 0.14194577932357788 0.41070541739463806 -1.1752469539642334 0.7393202781677246 -0.4850156903266907 -4.489664554595947 3.3127801418304443 2.4785664081573486 0.9690371751785278 0.9121481776237488 0.6394273638725281 0.35200831294059753 0.4136151075363159 0.03822098672389984 0.8235918879508972 -1.8978080749511719 5.4279961585998535 2.570946455001831 0.2064686268568039 0.2837236225605011 0.42756807804107666 1.12750244140625 -0.8934410214424133 2.1310033798217773 0.46131882071495056 3.981123924255371 4.488618850708008 0.3748196065425873 0.6825792193412781 0.7678135633468628 0.007360752671957016 0.09032203257083893 -2.5493130683898926 2.778865337371826 -1.3049503564834595 4.95771598815918 5.672719478607178 -2.459476947784424 0.8458271026611328 0.7093693017959595 0.7871014475822449 1.0695167779922485 -2.7609341144561768 2.5352118015289307 -3.798671007156372 2.027662515640259 0.45648524165153503 -2.937448501586914 0.8493248224258423 0.22583702206611633 0.862447202205658 1.067409634590149 -1.0525802373886108 2.2521140575408936 -0.6325109004974365 -0.9456208348274231 4.9167022705078125 0.04314886033535004 0.380838543176651 0.06536439061164856 0.5734005570411682 0.28397250175476074 1.73727285861969 2.6410255432128906 -2.841920852661133 -2.1508688926696777 -0.38329339027404785 -0.8434668183326721 0.8790700435638428 0.46981409192085266 0.21049416065216064 0.06070283427834511 -0.16985617578029633 1.9777086973190308 -4.4919843673706055 2.099889039993286 1.7241625785827637 0.5386053919792175 0.17970918118953705 0.4296422302722931 0.3225526511669159 0.19296890497207642 2.614494800567627 2.0952470302581787 0.8346237540245056 -2.1829302310943604 0.7293432950973511 -0.5667305588722229 0.5519106388092041 0.41455674171447754 0.6954894065856934 0.4994087517261505 1.498567819595337 0.45742112398147583 -0.3185371458530426 2.8928892612457275 -0.6874426007270813 1.1122374534606934 0.7182146310806274 0.47531625628471375 0.7832567095756531 1.0567333698272705 -0.8913160562515259 1.946225881576538 -0.2439323514699936 3.0271856784820557 1.8382594585418701 -0.39339184761047363 0.09573785215616226 0.3538207709789276 0.5380772352218628 0.7875843644142151 -2.823474884033203 1.6351343393325806 -0.2142569124698639 -3.5146021842956543 5.994108200073242 -1.4735643863677979 0.5587266683578491 0.6311939358711243 0.617185115814209 1.1055160760879517 0.21605002880096436 0.1354822963476181 -4.5959367752075195 -1.7355337142944336 1.8437377214431763 2.5781733989715576 0.14050285518169403 0.3437960147857666 0.15802887082099915 0.8781077265739441 -0.9857057332992554 0.2985580563545227 -4.532757759094238 0.1176125556230545 3.3213562965393066 -0.36963269114494324 0.6376087069511414 0.760741651058197 0.7136538624763489 1.084906816482544 1.843949556350708 2.6523332595825195 -2.6626431941986084 4.9872050285339355 -0.24263904988765717 1.4410151243209839 0.5502424836158752 0.262281596660614 0.18765485286712646 0.280507892370224 0.9070432782173157 0.8662858009338379 -0.2840905785560608 -3.7553508281707764 4.305723667144775 -0.15709900856018066 0.9234077334403992 0.13494886457920074 0.9776377081871033 1.066941499710083 -1.306990623474121 1.49813973903656 -4.3142194747924805 3.1561319828033447 1.2734010219573975 -0.85601407289505 0.348160058259964 0.29987195134162903 0.9720149636268616 0.7729572653770447 2.010056734085083 2.2445552349090576 -3.017118215560913 3.863921642303467 2.889439582824707 0.8774954080581665 0.2595716714859009 0.2606823742389679 0.7743355631828308 0.9079877734184265 -2.491208791732788 1.1783950328826904 -1.9352045059204102 -1.484952688217163 0.6276149749755859 -1.3970162868499756 0.2437426745891571 0.882072925567627 0.03707210347056389 0.2988785207271576 -2.8310861587524414 1.6371212005615234 -3.348423719406128 -4.864712715148926 4.460480213165283 -1.8826196193695068 0.33208200335502625 0.8228735327720642 0.1260414719581604 0.8306809067726135 1.8766553401947021 2.2956297397613525 -4.46594762802124 4.8739094734191895 1.1271828413009644 1.1667665243148804 0.251701682806015 0.6585919857025146 0.3930651843547821 0.7828834056854248 -0.32564783096313477 1.2472195625305176 -3.96366548538208 -0.057946912944316864 5.05563497543335 2.7319350242614746 0.41134893894195557 0.17654961347579956 0.6737107038497925 0.8007513880729675 -0.44872474670410156 0.8702336549758911 -2.035295009613037 0.600615382194519 3.4018149375915527 2.5590717792510986 0.22603920102119446 0.4008324444293976 0.9742755889892578 0.13531024754047394 0.6046465039253235 0.792629063129425 -0.9765124320983887 -1.1384286880493164 3.1900994777679443 0.04348582401871681 0.03652537986636162 0.9917489886283875 0.13924604654312134 1.0998597145080566 1.674767255783081 0.07319596409797668 0.44490209221839905 1.1883821487426758 2.0597593784332275 -2.816664218902588 0.7349559664726257 0.7133679986000061 0.68345707654953 0.4837798774242401 0.49751973152160645 1.6598554849624634 0.1512126475572586 -1.5725512504577637 5.341553211212158 1.773232340812683 0.003649848746135831 0.197185680270195 0.17980659008026123 0.8967530131340027 2.728550434112549 0.6479605436325073 -4.139230251312256 -4.253036022186279 3.706470012664795 0.03369881212711334 0.9970167875289917 0.3812881410121918 0.7155314683914185 0.26132312417030334 0.34230977296829224 2.2274324893951416 -4.361937522888184 -4.676242351531982 -0.06735754013061523 1.4354883432388306 0.507512629032135 0.3243667483329773 0.8113868236541748 0.8814166188240051 -0.8164850473403931 2.915867805480957 -0.2981417775154114 -4.357802867889404 4.43546724319458 0.2664875090122223 0.23782333731651306 0.4171699285507202 0.8131096959114075 1.1589983701705933 0.8971068859100342 1.5660086870193481 0.3200529217720032 1.8970431089401245 2.190117835998535 0.5233004689216614 0.4923829138278961 0.12141680717468262 0.965056300163269 1.1686546802520752 2.496615171432495 2.3017704486846924 -0.026705807074904442 4.363419055938721 5.643866539001465 0.2291124016046524 0.45051833987236023 0.07420071214437485 0.8231500387191772 0.13949739933013916 -2.1926841735839844 0.08061608672142029 -0.8941026926040649 2.587761163711548 5.850200176239014 -2.9058997631073 0.6882244944572449 0.6907320618629456 0.5761852860450745 0.5358797311782837 2.0361428260803223 1.410617709159851 -3.6783437728881836 2.4826459884643555 3.0908362865448 -2.905120849609375 0.3534633219242096 0.801307737827301 0.23115821182727814 0.6076105833053589 0.40467342734336853 0.8622791171073914 0.8757346272468567 -2.7465689182281494 1.348341703414917 1.1997005939483643 0.5750717520713806 0.5757158398628235 0.8105661273002625 0.3723195195198059 2.642099380493164 2.0072338581085205 -4.461985111236572 -1.2431226968765259 2.9303395748138428 -1.5404505729675293 0.5131673216819763 0.5379646420478821 0.5458401441574097 0.18113507330417633 -0.5169874429702759 0.15302187204360962 -3.6945722103118896 1.0777842998504639 2.351626396179199 2.9187915325164795 0.514468252658844 0.6935918927192688 0.5747463703155518 0.9804091453552246 2.8936538696289062 2.851006269454956 -4.8273162841796875 0.028076887130737305 3.0291504859924316 0.052099402993917465 0.6519554257392883 0.5966334342956543 0.9406246542930603 1.1044244766235352 1.9343370199203491 2.9190688133239746 0.8777297735214233 -2.391390085220337 4.444534778594971 0.9064534902572632 0.3810637593269348 0.4080595374107361 0.9369351863861084 0.542709469795227 2.3970377445220947 2.2839322090148926 -3.504284620285034 -3.161201000213623 3.148010492324829 -1.2536321878433228 0.7366969585418701 0.607647716999054 0.03049558959901333 0.8876840472221375 2.1152291297912598 1.9632914066314697 -3.289626359939575 -3.1034839153289795 2.7572450637817383 -1.7900363206863403 0.3501051068305969 0.5679997801780701 0.04329480603337288 0.13790294528007507 -1.7183427810668945 1.371759057044983 -4.10548210144043 1.2553852796554565 5.308250427246094 2.0512337684631348 0.49661436676979065 0.6300221681594849 0.17146170139312744 0.8907833099365234 1.8930455446243286 0.00626689288765192 -1.591131329536438 -2.622049331665039 0.14473797380924225 1.8073188066482544 0.058823324739933014 0.13274623453617096 0.7934461236000061 0.542320191860199 2.023332357406616 0.4382799565792084 -3.523916006088257 1.8618628978729248 5.8031792640686035 -0.30163922905921936 0.06348146498203278 0.35594695806503296 0.5569851398468018 0.5048205852508545 1.0479570627212524 0.05822579562664032 -0.5881596207618713 1.4638934135437012 0.009612249210476875 -1.9568392038345337 0.6071711182594299 0.2783993184566498 0.7476785182952881 1.050533413887024 | -3.3593475818634033 -999 29.246740341186523 -0.45878851413726807 -999 14.967375755310059 -2.7556087970733643 -999 17.547439575195312 -0.8009820580482483 2.252617359161377 33.66899490356445 -0.5749510526657104 -999 4.3913044929504395 0.6236252188682556 5.149884223937988 28.320981979370117 -1.4632313251495361 1.5678428411483765 25.521371841430664 -1.3097889423370361 -999 12.6392240524292 1.634031057357788 -999 -0.5424072742462158 0.23332253098487854 -999 4.9714274406433105 1.5317611694335938 -999 24.73353385925293 3.350020408630371 -1.242061734199524 31.593307495117188 1.0460827350616455 1.8631924390792847 30.704309463500977 -5.072815895080566 4.211841583251953 30.042644500732422 -0.8946918249130249 0.05595466494560242 28.25409698486328 -0.9104346036911011 1.1647064685821533 26.430679321289062 3.200470447540283 -999 10.989315032958984 -1.496381402015686 2.362428903579712 30.81537628173828 0.7129340171813965 1.0535963773727417 26.337934494018555 4.482964515686035 2.8342769145965576 28.744487762451172 -2.9188730716705322 -999 11.702452659606934 -5.944504737854004 3.232308864593506 26.646696090698242 4.9959588050842285 1.7575069665908813 27.48077392578125 -0.3627338409423828 3.2233049869537354 28.984783172607422 -0.37184596061706543 -999 4.532266616821289 -0.12394781410694122 1.5747731924057007 30.251304626464844 2.2451908588409424 -999 22.492902755737305 -0.5089130997657776 3.8189282417297363 32.4860954284668 1.6397740840911865 -999 8.349396705627441 -2.6504852771759033 0.9248038530349731 27.75676727294922 -3.6054770946502686 4.495047092437744 31.072404861450195 2.1112148761749268 1.7081643342971802 31.854951858520508 3.0551326274871826 -999 6.242620468139648 -0.8263471722602844 -999 23.311574935913086 3.505873203277588 -999 23.46182632446289 -0.6060638427734375 -999 19.257221221923828 2.4233086109161377 -999 3.846895217895508 0.17279447615146637 0.39854317903518677 29.373443603515625 2.91162109375 3.5301430225372314 26.40603256225586 0.6716828346252441 -999 27.096349716186523 0.3738692104816437 3.0391392707824707 26.893381118774414 1.7179830074310303 -999 2.7212491035461426 -0.9148960113525391 3.5095183849334717 28.407316207885742 0.5086022615432739 -999 25.1031436920166 2.946820020675659 -999 20.506471633911133 1.9848467111587524 -1.195142149925232 29.359447479248047 | 0.011449783109128475 0.0027553667314350605 0.010319763794541359 0.014643275178968906 0.025596685707569122 0.0036999299190938473 0.00002275856604683213 0.000021422485588118434 0.00001501743190601701 0.08927173167467117 0.12267480045557022 0.1848694533109665 0.07800538092851639 0.08774598687887192 0.0008411892340518534 0.33968380093574524 0.28488239645957947 0.316099613904953 0.3400851786136627 0.09042927622795105 0.3453396260738373 0.016056405380368233 0.0027558060828596354 0.024174949154257774 0.18395650386810303 0.09831453114748001 0.04404856264591217 0.0009023091406561434 0.00215720827691257 0.0016195176867768168 0.0037670305464416742 0.0028295302763581276 0.004747018218040466 0.2832356095314026 0.18744604289531708 0.3088856637477875 0.017940234392881393 0.06630217283964157 0.1008298397064209 0.2352716624736786 0.2657865583896637 0.2598876655101776 0.03809885308146477 0.09322396665811539 0.042851220816373825 0.2614758014678955 0.31197118759155273 0.29266104102134705 0.016688963398337364 0.007955052889883518 0.005691608879715204 0.3695064187049866 0.05400048941373825 0.391206830739975 0.0598875917494297 0.05158147215843201 0.16719791293144226 0.07661138474941254 0.07693920284509659 0.22854158282279968 0.008871668949723244 0.03210541233420372 0.00134933867957443 0.07622886449098587 0.18888923525810242 0.028932606801390648 0.04593799635767937 0.12019941955804825 0.07173820585012436 0.08257880061864853 0.035442549735307693 0.13524824380874634 0.012211939319968224 0.02165527641773224 0.05263597518205643 0.015271560288965702 0.4146583676338196 0.05821991339325905 0.005742269568145275 0.005573600996285677 0.005339904222637415 0.0010450055124238133 0.056457169353961945 0.051481280475854874 0.02030901238322258 0.007766755297780037 0.014575217850506306 0.1390060931444168 0.08884301781654358 0.2222362607717514 0.10649717599153519 0.1868084967136383 0.36411014199256897 0.22273540496826172 0.0549243725836277 0.4365549683570862 0.037131767719984055 0.0061156307347118855 0.06784411519765854 0.01011983398348093 0.010156705975532532 0.008472380228340626 0.009081147611141205 0.020587123930454254 0.005938895512372255 0.006671704817563295 0.006679177284240723 0.00940379686653614 0.01454794593155384 0.015250933356583118 0.015474198386073112 0.17862960696220398 0.24082350730895996 0.19955889880657196 0.2741558849811554 0.2508922517299652 0.3955451250076294 0.01032824907451868 0.011059936136007309 0.025394439697265625 0.205555722117424 0.16954796016216278 0.008508983999490738 0.025141367688775063 0.04078858345746994 0.003109039505943656 0.13981278240680695 0.1773713380098343 0.048271939158439636 0.0015532529214397073 0.0035052162129431963 0.020951256155967712 0.0011091846972703934 0.006219310220330954 0.009731965139508247 0.2372741997241974 0.10879465937614441 0.2921825647354126 | -0.008018597960472107 -0.005294635891914368 -0.015991732478141785 0.4875030815601349 -0.005677968263626099 0.4295174777507782 0.4274103343486786 -0.004027530550956726 -0.0032971652690321207 -0.015031114220619202 -0.012591317296028137 0.41673409938812256 0.14758476614952087 0.46551671624183655 0.2381083071231842 0.4449074864387512 -0.007492139935493469 0.42694219946861267 0.13295766711235046 0.2679884135723114 -0.005121514201164246 0.19068139791488647 0.1428838074207306 0.1607518196105957 -0.0086897611618042 0.45986035466194153 -0.012220188975334167 0.2567536234855652 -0.010676905512809753 0.24141719937324524 0.518998920917511 0.5286551713943481 -0.004502609372138977 -0.008120283484458923 -0.0003893246757797897 -0.01168052852153778 -0.010864943265914917 0.34040993452072144 0.46442511677742004 -0.0012905487092211843 0.24768465757369995 -0.006097063422203064 0.25078392028808594 -0.001679822918958962 -0.007179483771324158 0.410534143447876
FX 63 40 0.016 0.82 | 0.263194739818573 1.7158515453338623 -0.12295694649219513 -1.409833312034607 0.07378896325826645 -2.488645315170288 0.910139799118042 0.6080347299575806 0.3046243190765381 1.0327337980270386 -0.5730411410331726 1.4767913818359375 0.22147473692893982 2.3501594066619873 2.428302049636841 -1.5805258750915527 0.39806991815567017 0.5022304058074951 0.4001859724521637 1.1701319217681885 -2.5191140174865723 0.5165101885795593 -1.3108402490615845 -4.7390971183776855 -0.9614464044570923 2.9619882106781006 0.08551350235939026 0.9624273180961609 0.5142372846603394 0.7843966484069824 -2.8596646785736084 1.3987230062484741 -1.1004252433776855 -1.572013258934021 -0.8160266876220703 -1.6717333793640137 0.4423098862171173 0.8141571283340454 0.15651483833789825 0.5454521179199219 2.1512186527252197 2.061441421508789 -3.7063634395599365 -2.783268928527832 3.2213666439056396 -0.3208716809749603 0.22772136330604553 0.7688100934028625 0.73741614818573 0.5361612439155579 1.4304349422454834 2.07948637008667 -0.8434105515480042 0.6691086292266846 5.107134819030762 2.043954849243164 0.3719136118888855 0.8968878984451294 0.8164418935775757 1.1536955833435059 0.7353129982948303 2.517195224761963 -2.350299835205078 2.5266270637512207 -0.8170197010040283 0.17628315091133118 0.2103927880525589 0.19818486273288727 0.10885397344827652 1.0660861730575562 -2.8022236824035645 2.9301507472991943 -1.9203717708587646 -1.6557354927062988 3.2155086994171143 1.2728300094604492 0.38723114132881165 0.3916154205799103 0.3254156708717346 0.8471297025680542 -2.298645496368408 1.68927001953125 0.5151397585868835 1.3426644802093506 -0.014930840581655502 0.5116318464279175 0.16628426313400269 0.15610940754413605 0.14597804844379425 0.2680976092815399 2.275918960571289 2.350402355194092 -0.550042986869812 -2.6478123664855957 1.732970118522644 -2.122162342071533 0.31403663754463196 0.09584330767393112 0.5775028467178345 0.1299481838941574 -2.9859652519226074 0.12624242901802063 -0.10439031571149826 1.0995919704437256 5.693048477172852 -1.3247021436691284 0.12094268947839737 0.3972395956516266 0.02520635724067688 1.08594810962677 1.7232475280761719 2.659986972808838 -4.8204345703125 0.4756661653518677 5.520380020141602 -1.7038164138793945 0.4760650396347046 0.22361783683300018 0.9247058033943176 0.07018204778432846 -1.9494891166687012 1.4913856983184814 -1.0484204292297363 1.5556622743606567 5.864232540130615 -2.085641622543335 0.3007844388484955 0.24189719557762146 0.9743722081184387 0.4769318997859955 -1.1900304555892944 0.30833515524864197 -4.3855204582214355 1.283026099205017 2.2637860774993896 2.5697126388549805 0.6830983757972717 0.6500516533851624 0.463731050491333 0.09685086458921432 -0.1287376433610916 0.9093647003173828 -0.9954525828361511 -3.620852470397949 -0.9098979830741882 -2.1119227409362793 0.672624409198761 0.47892722487449646 0.5767495036125183 0.1311091184616089 -2.599242925643921 0.7551302313804626 -4.893093109130859 2.0924365520477295 5.551054000854492 2.1231942176818848 0.5662354230880737 0.13115783035755157 0.37013664841651917 0.29898905754089355 2.773017406463623 2.460993766784668 -2.926090717315674 2.4360578060150146 -0.10692421346902847 2.972890853881836 0.3055148124694824 0.5699977874755859 0.25578588247299194 0.8723437190055847 -1.5873143672943115 0.9456842541694641 -3.6681432723999023 4.750216960906982 4.169744968414307 0.3082208037376404 0.641899049282074 0.7391247153282166 0.9122108221054077 0.8734248280525208 -0.45133107900619507 0.6607426404953003 0.3368998169898987 0.20553593337535858 1.1160718202590942 0.6298784613609314 0.938996434211731 0.9613139033317566 0.5405615568161011 0.7209466695785522 1.6483811140060425 0.8107877373695374 -1.0116186141967773 1.1495776176452637 5.771076202392578 -2.385291576385498 0.06447839736938477 0.6707848310470581 0.9828283786773682 0.594893217086792 -1.3094016313552856 0.47814324498176575 -2.8261945247650146 -3.047973394393921 -0.06386711448431015 1.1384530067443848 0.2194964587688446 0.5522802472114563 0.5841760635375977 0.39281243085861206 -0.29418453574180603 2.015322208404541 -2.2676572799682617 0.3534676432609558 4.8577704429626465 -2.025780200958252 0.46368715167045593 0.9217593669891357 0.21331454813480377 0.6706843972206116 0.7817355990409851 0.9689791798591614 -3.443829298019409 1.1592038869857788 1.7093980312347412 -0.6030293107032776 0.21905969083309174 0.6136142611503601 0.8117125630378723 0.9033554196357727 0.5372851490974426 1.51189386844635 -1.4622910022735596 1.9929547309875488 2.0160205364227295 -0.8190106749534607 0.8558685183525085 0.20098307728767395 0.6689226627349854 0.2358849197626114 -1.0680453777313232 2.2365968227386475 -0.09671713411808014 3.465817451477051 3.781296730041504 -0.18592573702335358 0.6087037920951843 0.4142122268676758 0.17709003388881683 0.11090431362390518 2.970325469970703 2.5020406246185303 0.8619271516799927 -2.326138734817505 -0.6593557596206665 2.66182804107666 0.5071306824684143 0.5721592307090759 0.8786752820014954 0.2371237576007843 -2.4784598350524902 1.9061262607574463 -0.04413577914237976 3.3607029914855957 4.639227390289307 1.1664372682571411 0.46251311898231506 0.3449455797672272 0.9501292705535889 0.6998203992843628 -1.4081673622131348 1.1887974739074707 -3.237447500228882 -1.9563080072402954 -0.24956130981445312 -2.855257987976074 0.7358513474464417 0.17148645222187042 0.6382438540458679 0.41488078236579895 0.27666381001472473 2.8030524253845215 -3.198112964630127 -1.496482491493225 5.319646835327148 0.5597141981124878 0.06559854000806808 0.15720322728157043 0.010962069034576416 0.6096876859664917 -1.5464816093444824 0.8377612233161926 -0.577877938747406 4.556746006011963 5.111949920654297 1.926647663116455 0.583361029624939 0.30461814999580383 0.30563369393348694 0.2922281324863434 -1.1532304286956787 1.4419312477111816 -1.4955365657806396 1.8954601287841797 0.6145528554916382 1.3501981496810913 0.9879215955734253 0.832152247428894 0.24859505891799927 0.3411768674850464 -2.2442851066589355 1.0555176734924316 0.005292429588735104 -4.345409393310547 2.5528886318206787 2.8359131813049316 0.9991737604141235 0.3534398674964905 0.3141328990459442 0.06093082204461098 -2.436624526977539 0.26326870918273926 0.9051880836486816 0.7544283866882324 -0.19380684196949005 2.7620673179626465 0.9776778817176819 0.95293790102005 0.058671221137046814 0.2818991243839264 -0.84908127784729 1.6117092370986938 0.9689115285873413 -3.7704198360443115 -0.9794355630874634 -2.4646928310394287 0.9939201474189758 0.2021411806344986 0.678439736366272 0.06237614154815674 -0.06552515178918839 1.4462863206863403 -4.046363830566406 -2.858090400695801 3.6880836486816406 -2.460286855697632 0.4735513925552368 0.6377940773963928 0.9025168418884277 0.3086135685443878 -2.6233372688293457 2.838700294494629 -2.9542438983917236 4.2271833419799805 2.967977285385132 -1.4439555406570435 0.08007962256669998 0.8872001767158508 0.26831820607185364 0.2754579484462738 -1.6318646669387817 0.6948128342628479 -0.7810060381889343 2.8665623664855957 3.1960299015045166 0.05529074743390083 0.016136784106492996 0.5953683853149414 0.9188387989997864 0.913087010383606 -1.8853042125701904 2.97538423538208 -1.9095035791397095 1.8500422239303589 2.2347402572631836 -2.6013572216033936 0.557658851146698 0.9227010607719421 0.13678158819675446 0.8830764889717102 0.8484364748001099 1.5642749071121216 -0.3163642883300781 1.8349337577819824 5.655044078826904 -0.6589766144752502 0.5244510173797607 0.7018197178840637 0.3528771996498108 0.8805791735649109 0.028624504804611206 0.5326616764068604 -0.7143869996070862 -0.6998375654220581 0.3310953676700592 0.18739381432533264 0.9944979548454285 0.4171200394630432 0.7348900437355042 0.583873450756073 -0.681584894657135 0.9221560955047607 -0.6345902681350708 -1.0016331672668457 -0.5053087472915649 -0.05307034030556679 0.07378480583429337 0.007642503362149 0.7954638004302979 0.06971266120672226 -2.604434013366699 1.7005705833435059 -4.316597938537598 3.7841362953186035 4.70228910446167 -0.884358823299408 0.34784430265426636 0.7261176109313965 0.5072424411773682 0.9127346277236938 1.3403170108795166 0.5750753879547119 -1.2557978630065918 3.6504719257354736 5.435537338256836 1.2861491441726685 0.8499235510826111 0.14651338756084442 0.1969113051891327 0.48472896218299866 -2.7770369052886963 0.6908922791481018 0.4851784110069275 1.6427216529846191 3.6579813957214355 0.810349702835083 0.17648841440677643 0.13816523551940918 0.6306114196777344 0.5969135761260986 2.2817461490631104 1.7341415882110596 -4.022939205169678 -0.7792973518371582 1.4943130016326904 1.9009788036346436 0.5516736507415771 0.5852198600769043 0.9371961951255798 0.6483722925186157 0.1811385154724121 0.5557386875152588 -2.64628005027771 4.292158126831055 0.1761166900396347 0.7692196369171143 0.19110728800296783 0.001976910512894392 0.11490824818611145 0.9582054615020752 -2.5573890209198 2.90514874458313 -3.7933483123779297 -1.9659545421600342 0.17583930492401123 -0.21288703382015228 0.1874479055404663 0.08381284028291702 0.16817395389080048 0.5073233842849731 -2.670253038406372 0.45771411061286926 -0.8576352596282959 2.4786736965179443 0.07385888695716858 -0.3879477083683014 0.6136693358421326 0.6820918321609497 0.5245890617370605 0.2644558548927307 2.6817874908447266 0.38769277930259705 -0.6953065991401672 4.728281021118164 4.16823148727417 0.11111557483673096 0.06266307830810547 0.5292636752128601 0.596280038356781 0.9133198261260986 -1.7280746698379517 0.46392521262168884 -2.724575996398926 -2.6417531967163086 1.2160176038742065 2.1247081756591797 0.539240300655365 0.14050231873989105 0.4552205801010132 0.08869908004999161 -0.38610121607780457 2.103818655014038 -2.4674179553985596 -4.386069297790527 4.374907970428467 1.7514170408248901 0.3024255335330963 0.5676347613334656 0.6321241855621338 0.7318841814994812 -0.3421289324760437 1.738564372062683 -2.049481153488159 0.7733888030052185 2.748603105545044 1.4257991313934326 0.5402796268463135 0.1663377583026886 0.6645376682281494 0.44432613253593445 -0.5283079147338867 0.6428924798965454 -1.0663424730300903 0.1165950745344162 0.06529106199741364 -0.25516319274902344 0.5335782170295715 0.8542864918708801 0.8099342584609985 0.757020115852356 2.3456478118896484 0.28911730647087097 -4.937677383422852 1.6468391418457031 -0.1594054102897644 2.846179723739624 0.3177780508995056 0.8661470413208008 0.3156123459339142 0.8746724128723145 -0.17432217299938202 0.5153392553329468 -2.482273817062378 1.7547264099121094 1.2047641277313232 2.768388509750366 0.3032897114753723 0.8807231187820435 0.3950638175010681 1.0171843767166138 -2.69938588142395 2.628955364227295 -0.6669751405715942 -3.7573111057281494 4.2350640296936035 -0.026295702904462814 0.646698534488678 0.9387965798377991 0.5261058807373047 0.054650332778692245 2.7466604709625244 0.4490247666835785 -0.9359290599822998 -2.874218702316284 3.3738420009613037 -0.594973623752594 0.15625940263271332 0.29992491006851196 0.6687077283859253 0.11331700533628464 2.3820104598999023 2.3969333171844482 -2.791935682296753 4.199608325958252 5.937440872192383 1.2277116775512695 0.5590837001800537 0.09548895806074142 0.9492466449737549 0.582934558391571 -0.4036259055137634 0.14271752536296844 0.3980225920677185 -4.95591402053833 3.126044750213623 -1.6303036212921143 0.5676994919776917 0.15245185792446136 0.44668319821357727 1.0854688882827759 2.0298683643341064 0.674920916557312 -1.6866180896759033 -3.5430831909179688 0.7113266587257385 2.4129087924957275 0.7641388177871704 0.02084222435951233 0.7318243980407715 0.4139425456523895 -2.836575746536255 2.6903200149536133 -0.22427543997764587 -1.87191641330719 -0.9640317559242249 1.6764012575149536 0.9724084138870239 0.10492439568042755 0.5309728384017944 0.8160498142242432 2.1348514556884766 1.179049015045166 -1.975091814994812 3.815272569656372 4.070376873016357 -2.3763668537139893 0.7988116145133972 0.2065754234790802 0.42729905247688293 0.7383196949958801 2.4652481079101562 1.430908441543579 -0.43349921703338623 -3.5502846240997314 2.2726728916168213 1.4859774112701416 0.8183345198631287 0.30930206179618835 0.7913193106651306 0.3938789665699005 | -0.6390983462333679 0.5035567283630371 31.08431625366211 0.9310606718063354 1.7713849544525146 32.00994110107422 -5.5521368980407715 -1.3583351373672485 33.38482666015625 -3.7148396968841553 -999 25.870159149169922 0.6816527843475342 -999 23.184207916259766 1.8586633205413818 4.088531970977783 33.26471710205078 2.352353811264038 0.7347829937934875 30.562524795532227 -3.861898899078369 3.7285568714141846 31.694225311279297 -1.9549225568771362 -999 13.766117095947266 1.9369986057281494 -999 5.738320350646973 -2.2822299003601074 2.5102720260620117 31.847814559936523 1.753690242767334 -999 -1.6494789123535156 -1.2276633977890015 -999 21.76384735107422 -1.0668598413467407 -999 0.7811720967292786 -0.5922067165374756 -999 5.2942214012146 -1.9966213703155518 -999 10.478386878967285 4.332095623016357 1.1330426931381226 31.776573181152344 1.4528242349624634 2.3548014163970947 29.329124450683594 -0.31978839635849 0.11550869047641754 33.54002380371094 2.328932285308838 -999 27.91629409790039 -2.479823350906372 -999 17.29096794128418 -0.06796534359455109 3.8647749423980713 29.235851287841797 1.5236268043518066 0.8034741282463074 28.970243453979492 0.9837072491645813 -999 9.834251403808594 -0.7353270053863525 -999 4.805434226989746 2.4492688179016113 -999 12.938175201416016 -0.3276095390319824 3.6157114505767822 33.502384185791016 -2.190690755844116 -999 16.12044906616211 -0.6331976056098938 -999 28.30218505859375 -0.23413895070552826 -999 14.736995697021484 -0.5163557529449463 -999 16.178131103515625 -2.452864408493042 -999 2.6014163494110107 -2.231419324874878 -999 15.596468925476074 -1.0300613641738892 -999 3.3106064796447754 -0.9343847632408142 -999 10.785710334777832 -1.4735443592071533 -999 10.593001365661621 0.20273451507091522 1.4807525873184204 32.054378509521484 -0.7012787461280823 3.1460983753204346 29.225618362426758 2.0227954387664795 3.9239814281463623 32.061885833740234 -0.37448179721832275 -999 28.91354751586914 -0.7456894516944885 -999 2.6420133113861084 -0.18258747458457947 3.4505152702331543 27.91741943359375 3.092543363571167 -999 23.961549758911133 -1.8045473098754883 -999 31.30491065979004 1.7829935550689697 1.430981993675232 29.99369239807129 2.9281203746795654 -0.5910663604736328 30.646026611328125 -3.5325026512145996 -999 21.521059036254883 -2.035712480545044 -999 12.16305160522461 5.707891464233398 1.7958414554595947 32.175804138183594 -1.9394148588180542 -999 1.545400619506836 -3.1931848526000977 3.644239902496338 31.45348358154297 -0.00802493467926979 -999 20.706466674804688 -0.45368692278862 -0.5748409628868103 31.570362091064453 3.399629592895508 -1.072421908378601 29.68388557434082 0.9487029910087585 0.026868505403399467 32.08949279785156 -2.87973690032959 -999 1.7917627096176147 2.4247472286224365 -999 4.737433910369873 4.800982475280762 -999 27.43522834777832 -3.5754127502441406 0.8838666677474976 32.15462112426758 0.6126342415809631 -999 19.778541564941406 -4.034600734710693 0.8138198256492615 33.64862823486328 4.576627254486084 2.5245707035064697 29.304046630859375 1.101938247680664 -999 19.817113876342773 | 0.34611374139785767 0.231227308511734 0.11584446579217911 0.18034698069095612 0.22753725945949554 0.1813056766986847 0.015741905197501183 0.17717014253139496 0.09466428309679031 0.0011775154853239655 0.002167445607483387 0.00041667313780635595 0.0034662822727113962 0.011702515184879303 0.011224649846553802 0.1655987799167633 0.399349570274353 0.36353006958961487 0.0840885192155838 0.0792093276977539 0.04350609704852104 0.09468121826648712 0.09575320780277252 0.0795668214559555 0.007503375876694918 0.007044247817248106 0.0065870825201272964 0.004708017222583294 0.0014368767151609063 0.00865788571536541 0.049665581434965134 0.16312797367572784 0.010351087898015976 0.04193462058901787 0.019697580486536026 0.08145354688167572 0.008155661635100842 0.00655895471572876 0.02641974948346615 0.006001202389597893 0.0057108779437839985 0.004074001684784889 0.015950553119182587 0.011357235722243786 0.013676983304321766 0.020811377093195915 0.004820565693080425 0.013603975996375084 0.08137231320142746 0.1518159955739975 0.06812726706266403 0.171549454331398 0.19753329455852509 0.24379108846187592 0.10542929172515869 0.10793507099151611 0.06069354712963104 0.0003135926090180874 0.003262382000684738 0.004780014976859093 0.004924198146909475 0.012389891780912876 0.013105444610118866 0.021214229986071587 0.04217157140374184 0.00975938979536295 0.06386268138885498 0.17888754606246948 0.2366393357515335 0.04312233254313469 0.010126390494406223 0.03370319679379463 0.08180301636457443 0.0556655153632164 0.023798931390047073 0.02806740067899227 0.03166643902659416 0.0486307218670845 0.03953562676906586 0.029485952109098434 0.08121705800294876 0.02639312855899334 0.006150785833597183 0.022892193868756294 0.0001815941504901275 0.000435180205386132 0.000030345912819029763 0.008440348319709301 0.0044073620811104774 0.004422055557370186 0.014990163035690784 0.012626606971025467 0.003772040596231818 0.21204602718353271 0.07500749081373215 0.06666571646928787 0.03433186560869217 0.03346310555934906 0.0020602825097739697 0.22907376289367676 0.04658849164843559 0.15636341273784637 0.007079221773892641 0.009534521028399467 0.01349191926419735 0.0010052663274109364 0.011137320660054684 0.003368288278579712 0.004826217424124479 0.17806380987167358 0.2748079001903534 0.15350207686424255 0.2539841830730438 0.03765072301030159 0.14328330755233765 0.19174155592918396 0.09640826284885406 0.013410777784883976 0.005624852143228054 0.009909971617162228 0.0060463580302894115 0.0006262713577598333 0.06518495082855225 0.10393974930047989 0.21697202324867249 0.1515696942806244 0.008291643112897873 0.0014293482527136803 0.001921017887070775 0.001452816417440772 0.0011373478919267654 0.00519106350839138 0.007123793009668589 0.007556977216154337 0.012102067470550537 0.0634639710187912 0.0006565034273080528 0.03815937042236328 0.0041837845928967 0.0018706789705902338 0.0037535952869802713 0.019621726125478745 0.021809497848153114 0.016773436218500137 0.018752578645944595 0.1583876609802246 0.17844301462173462 0.05288548767566681 0.01377963274717331 0.04464533179998398 0.03796805441379547 0.07126378268003464 0.07936011254787445 0.014987924136221409 0.00461438437923789 0.018434973433613777 0.08248074352741241 0.13205596804618835 0.12519997358322144 0.08525926619768143 0.23238565027713776 0.08467821031808853 0.11246375739574432 0.3265835642814636 0.1464947909116745 0.07869596779346466 0.11424102634191513 0.06402119249105453 0.0018160863546654582 0.003485803259536624 0.007771890610456467 0.006650893948972225 0.0011359425261616707 0.011292296461760998 0.23298028111457825 0.06256527453660965 0.1833159625530243 0.02573787048459053 0.0007020118064247072 0.024649450555443764 0.20978225767612457 0.02263583429157734 0.11454927176237106 0.106375552713871 0.027509082108736038 0.056902240961790085 0.020524725317955017 0.00775763439014554 0.01984715461730957 | 0.392734557390213 0.5301324129104614 0.1443970501422882 -0.01454789936542511 -0.007838770747184753 0.5136961340904236 0.4260868728160858 0.20713022351264954 -0.003902420634403825 -0.014051824808120728 0.4459487795829773 -0.009817950427532196 -0.00306816422380507 -0.015149138867855072 -0.01289089024066925 -0.005010977387428284 0.23234429955482483 0.23342540860176086 0.08094695210456848 -0.01310671865940094 -0.0071876198053359985 0.030684595927596092 0.2633560597896576 -0.004115104675292969 -0.0010956936748698354 -0.0028762670699507 0.05982065573334694 -0.0011192747624590993 -0.014312222599983215 -0.011771902441978455 -0.010823175311088562 -0.0030691775027662516 -0.006100907921791077 -0.0016238578828051686 -0.011386469006538391 -0.012542083859443665 0.27308765053749084 0.24307706952095032 0.240579754114151 -0.008126482367515564 -0.010287337005138397 0.27273526787757874 -0.011271104216575623 -0.011086329817771912 0.008372467942535877 0.31820619106292725 -0.004676684737205505 -0.007544174790382385 0.2733204662799835 -0.007300920784473419 0.09188449382781982 -0.003673926228657365 0.11702048778533936 0.23467299342155457 0.3771851658821106 -0.00934966653585434 -0.01468300074338913 -0.009065374732017517 0.44546955823898315 -0.0020575078669935465 0.17605027556419373 0.09832000732421875 -0.006121084094047546
FX 40 40 0.016 0.86 | 0.05761304497718811 0.7838259935379028 -1.9368510246276855 4.076816558837891 -0.4825911819934845 -1.1458839178085327 0.2565068304538727 0.5149588584899902 0.07738097757101059 0.065845787525177 0.4949590265750885 2.7338576316833496 -1.229243516921997 -2.8246476650238037 0.8508641719818115 -0.15370742976665497 0.12293140590190887 0.27559784054756165 0.4678228199481964 0.5897433161735535 1.2445602416992188 1.503013253211975 0.9807644486427307 -2.9738690853118896 0.9833434820175171 1.8329638242721558 0.9784877300262451 0.8696894645690918 0.6653566956520081 0.16664542257785797 -1.7121483087539673 1.986859917640686 -1.3238433599472046 0.8740471601486206 4.294219493865967 1.1473442316055298 0.07996143400669098 0.9736146330833435 0.23776529729366302 0.3295581042766571 0.8561845421791077 1.6348847150802612 -0.4860745668411255 2.2404544353485107 4.9138336181640625 2.6660220623016357 0.5127462148666382 0.8392508625984192 0.7318006157875061 1.039493441581726 -0.9733420014381409 1.537397027015686 -3.720651149749756 2.640817165374756 3.244203567504883 2.1178154945373535 0.8252885937690735 0.05430351942777634 0.23464339971542358 0.16929665207862854 2.5949418544769287 1.3267570734024048 -2.257716655731201 2.683934450149536 0.8822944760322571 -0.8375715017318726 0.2921840250492096 0.7847439050674438 0.6727516651153564 0.9884963631629944 -1.8917088508605957 0.21770362555980682 -4.935825824737549 -4.833444595336914 4.920032978057861 1.8359931707382202 0.47377118468284607 0.20495575666427612 0.6797286868095398 1.0084081888198853 -1.611926555633545 1.976157546043396 -0.4737197458744049 -3.089479923248291 -0.3463955223560333 2.274193048477173 0.7926799058914185 0.4875432550907135 0.5955699682235718 1.1493124961853027 -0.3982294499874115 2.4477577209472656 -1.374798059463501 -3.3709139823913574 -0.5542405247688293 2.922095775604248 0.6047489643096924 0.5787666440010071 0.3968537449836731 0.5097597241401672 -2.431892156600952 2.1217429637908936 -2.5307798385620117 4.271457672119141 4.923284530639648 1.7318745851516724 0.6343942880630493 0.7397728562355042 0.17607048153877258 0.07207830995321274 2.369326114654541 2.291233539581299 -4.17896032333374 -0.3108382821083069 3.666466474533081 1.7813972234725952 0.0638110339641571 0.04072578251361847 0.8866496682167053 0.06678034365177155 -0.7412658929824829 0.3524784743785858 -3.0049262046813965 -3.8942553997039795 0.17902643978595734 -2.923703193664551 0.209584042429924 0.3531334400177002 0.09531942009925842 0.26815295219421387 -0.7681716084480286 1.8128687143325806 -2.163792133331299 2.815445899963379 3.2244813442230225 -1.6537419557571411 0.9099660515785217 0.6432897448539734 0.41007569432258606 0.7956543564796448 -2.4934253692626953 1.7749102115631104 -0.12539267539978027 1.182037115097046 1.6607327461242676 1.157326340675354 0.8889107704162598 0.9731906652450562 0.6435564756393433 0.9205908179283142 2.9656143188476562 1.6075605154037476 0.1674913913011551 -3.1669657230377197 2.7471981048583984 1.4760398864746094 0.015139762312173843 0.7100226879119873 0.6405642032623291 0.37170860171318054 -1.5088540315628052 0.14074046909809113 -0.2199198603630066 -3.04962420463562 1.5856908559799194 0.5624369978904724 0.7449880838394165 0.6908071637153625 0.30841344594955444 0.39272502064704895 2.376739740371704 0.25226885080337524 0.6148383021354675 -2.7299118041992188 4.741551399230957 0.1071007177233696 0.3825956881046295 0.30974408984184265 0.26709842681884766 0.8321453928947449 -2.357659339904785 0.7276033759117126 0.07542550563812256 3.346165895462036 5.742508888244629 0.8408715128898621 0.9489966034889221 0.27377253770828247 0.932842493057251 0.7427421808242798 2.539417266845703 1.747602939605713 -0.16607308387756348 1.2287490367889404 -0.6628579497337341 0.8793098330497742 0.22620558738708496 0.47068166732788086 0.7693153023719788 1.196499228477478 2.146336078643799 0.053954944014549255 -2.626676082611084 2.1100246906280518 5.727630138397217 2.7210171222686768 0.3885318338871002 0.617188572883606 0.0814073383808136 0.06319805234670639 0.18094000220298767 0.2841353714466095 0.20380079746246338 -0.4496106207370758 5.461180210113525 0.8062747120857239 0.5877369046211243 0.3196887969970703 0.05909581854939461 0.19253946840763092 -1.227407693862915 2.0611703395843506 0.24376855790615082 4.19188117980957 4.94434928894043 1.0230700969696045 0.5889782309532166 0.7391093969345093 0.7920901775360107 0.5301132202148438 -2.847095251083374 1.7319098711013794 -3.660456895828247 -0.3500855267047882 -0.4429941475391388 -2.2356460094451904 0.5384570360183716 0.9447632431983948 0.2857741713523865 1.117377758026123 -1.6240477561950684 1.628760814666748 -4.841007709503174 2.035849094390869 1.7289482355117798 -0.1426275074481964 0.5112144351005554 0.7999539375305176 0.30046552419662476 0.7671523690223694 1.0144765377044678 2.963878870010376 -1.5511178970336914 3.6370620727539062 1.7216105461120605 2.398426055908203 0.3610045313835144 0.6369152069091797 0.8715078830718994 0.6401078701019287 -0.6129754185676575 1.4189019203186035 -2.796713352203369 1.5876009464263916 0.2619813084602356 -2.5239033699035645 0.38392364978790283 0.46172618865966797 0.02722874842584133 1.0159705877304077 1.3404285907745361 1.5774105787277222 -4.783774375915527 -3.843296766281128 2.193883180618286 -2.338128089904785 0.6574026942253113 0.9795247912406921 0.4288509488105774 0.11037271469831467 -0.3419293463230133 1.8085323572158813 -2.9304563999176025 -0.5765535831451416 -0.8037813305854797 -0.11498402059078217 0.3738032877445221 0.8172977566719055 0.056509457528591156 0.34805190563201904 2.6849167346954346 1.8809821605682373 -2.8324849605560303 1.1923811435699463 -0.6452707052230835 2.9648971557617188 0.4142695367336273 0.8740279674530029 0.12483491748571396 0.8493562936782837 2.521071434020996 2.356555938720703 -4.539439678192139 0.9534768462181091 1.219200611114502 -1.3875254392623901 0.3558807373046875 0.5965125560760498 0.0005122246220707893 1.1874051094055176 1.8905171155929565 0.30264154076576233 -2.308995485305786 4.943302631378174 -0.36939316987991333 0.8645676970481873 0.8706015348434448 0.019314568489789963 0.570038914680481 0.5574438571929932 0.7782871723175049 2.9306633472442627 -3.094498872756958 -2.481534004211426 2.415260076522827 1.3754003047943115 0.16292782127857208 0.15453100204467773 0.3879885971546173 0.23605719208717346 0.6677442789077759 1.7315728664398193 -1.513288140296936 -2.114405632019043 3.8950986862182617 -1.6491692066192627 0.917509913444519 0.23642045259475708 0.3672274053096771 0.695143461227417 -0.8745107650756836 0.09291908890008926 -4.117072105407715 -1.53414785861969 1.0277535915374756 0.839992880821228 0.8708868622779846 0.5495209097862244 0.1860010176897049 0.879348874092102 -2.2787678241729736 1.1253267526626587 -4.742511749267578 -4.499714374542236 5.546480178833008 -1.0367978811264038 0.8626874685287476 0.19666410982608795 0.22886107861995697 0.5215581655502319 -2.081591844558716 2.828007459640503 -1.5554747581481934 2.3257453441619873 2.9235386848449707 2.2559239864349365 0.1756107211112976 0.3910123109817505 0.2996879816055298 0.2781856060028076 -1.9765533208847046 0.2637993395328522 -0.5840184092521667 -1.6295337677001953 1.009294033050537 -1.4517512321472168 0.9039950370788574 0.32780659198760986 0.8043612241744995 0.8789603114128113 0.1713685840368271 1.9004555940628052 -3.8065688610076904 2.996540069580078 5.298456192016602 -2.3874802589416504 0.43815863132476807 0.7224856615066528 0.48043787479400635 0.42943933606147766 -1.0131607055664062 0.5078052282333374 -2.956303358078003 0.8433613181114197 5.644876003265381 -2.3437423706054688 0.7930620908737183 0.11918099969625473 0.062226179987192154 0.6153111457824707 | 0.31852930784225464 -999 1.4298124313354492 -1.1320382356643677 -999 29.642215728759766 0.7687411308288574 -999 9.874038696289062 -1.4324523210525513 -999 16.243309020996094 2.2900755405426025 3.5202178955078125 35.62018585205078 -0.550811231136322 -999 5.218199729919434 4.312661647796631 0.6319057941436768 31.60624885559082 -4.985110759735107 2.107004165649414 30.639204025268555 -3.5891900062561035 0.4949447512626648 35.38175582885742 -2.070201873779297 -999 26.734560012817383 -2.1585185527801514 -999 1.0200600624084473 2.3494324684143066 -999 -0.6249508857727051 -1.7381950616836548 -999 10.006607055664062 1.0337141752243042 2.6170172691345215 31.17780876159668 -1.7369232177734375 1.5782592296600342 35.015296936035156 1.800173044204712 -999 20.490676879882812 -2.679910659790039 -999 20.63605499267578 0.6295955777168274 2.027341365814209 35.083377838134766 -0.21611303091049194 3.143287420272827 35.013572692871094 3.325817108154297 0.06385431438684464 34.79669189453125 2.24761700630188 -999 0.0839327722787857 0.09461475163698196 -999 10.678604125976562 0.9859060645103455 -999 29.163957595825195 -3.0711514949798584 0.1888740509748459 29.308734893798828 -0.3211045265197754 1.475767970085144 29.46769905090332 3.3421952724456787 2.806189775466919 34.383872985839844 0.4030892550945282 0.3270502984523773 29.987998962402344 0.9714718461036682 -999 0.1517651230096817 -0.5356513261795044 -999 15.090906143188477 3.4480373859405518 0.20848925411701202 33.465049743652344 3.1312990188598633 1.8773243427276611 28.9725399017334 4.579672336578369 -999 27.401321411132812 0.2224235087633133 -999 9.25359058380127 -0.6854751706123352 2.964916706085205 31.83123016357422 -1.8563661575317383 -0.5088385343551636 30.820520401000977 -4.5826215744018555 -999 22.246644973754883 -1.4489896297454834 -999 13.678133964538574 -3.019453525543213 -0.3497723937034607 32.886878967285156 1.4179296493530273 -999 17.560237884521484 -0.5003972053527832 -999 28.298704147338867 | 0.007190399337559938 0.014435325749218464 0.002169143408536911 0.0028647943399846554 0.006422534119337797 0.010902146808803082 0.03901967778801918 0.03468107059597969 0.02653278410434723 0.0023190947249531746 0.028237421065568924 0.00689582759514451 0.19705669581890106 0.32253772020339966 0.28124284744262695 0.0453193224966526 0.002981985453516245 0.012885043397545815 0.10301029682159424 0.2766636610031128 0.23718047142028809 0.1730862259864807 0.07487796247005463 0.24833016097545624 0.3512727916240692 0.21605277061462402 0.26392436027526855 0.016323646530508995 0.015622319653630257 0.010712048038840294 0.07110092788934708 0.0829114317893982 0.019733428955078125 0.002656720345839858 0.0016955846222117543 0.03691493347287178 0.009498529136180878 0.01600431092083454 0.004319957923144102 0.178017720580101 0.12584751844406128 0.08022358268499374 0.2709355652332306 0.2966236472129822 0.19615280628204346 0.00015105008787941188 0.007083927746862173 0.006390937604010105 0.01655101776123047 0.015347307547926903 0.006851863116025925 0.08834295719861984 0.07152121514081955 0.06167415529489517 0.13127341866493225 0.037870585918426514 0.12903884053230286 0.10520969331264496 0.218917116522789 0.3578135669231415 0.09343527257442474 0.14842331409454346 0.01957707479596138 0.0016466962406411767 0.000895690405741334 0.00016557214257773012 0.0023478271905332804 0.002946290886029601 0.0031574866734445095 0.23004551231861115 0.40363210439682007 0.12209156900644302 0.08473195135593414 0.13258948922157288 0.04980107769370079 0.000060918016970390454 0.00010747680062195286 0.0001470633433200419 0.1420753002166748 0.17086701095104218 0.010076306760311127 0.08560683578252792 0.12755350768566132 0.055844876915216446 0.012943546287715435 0.028300262987613678 0.001956731779500842 0.1021127998828888 0.215438112616539 0.03077040985226631 0.16406455636024475 0.2749982178211212 0.00023614063684362918 0.02099629119038582 0.0004658093093894422 0.01374762412160635 0.008321915753185749 0.007893028669059277 0.01981741562485695 0.07278340309858322 0.01875454932451248 0.0291310865432024 0.23704618215560913 0.14957377314567566 0.05062750726938248 0.015809690579771996 0.0036040847189724445 0.004194129258394241 0.0039047780446708202 0.008694322779774666 0.006663687992841005 0.2457670271396637 0.08912001550197601 0.21867981553077698 0.013712150044739246 0.022610148414969444 0.015035276301205158 0.009423344396054745 0.0014161356957629323 0.0007393856067210436 | -0.014154210686683655 -0.002256617182865739 -0.009354591369628906 -0.006441935896873474 0.3994942009449005 -0.006703361868858337 0.3484971523284912 0.36840900778770447 0.5093130469322205 -0.0022403451148420572 -0.007921688258647919 -0.013219654560089111 -0.0038470777217298746 0.15565478801727295 0.2805914878845215 -0.012291446328163147 -0.007275030016899109 0.19214588403701782 0.1027425229549408 0.5564996004104614 -0.0008019471424631774 -0.015460550785064697 -0.013886824250221252 0.47737836837768555 0.12715274095535278 0.00010801554890349507 0.3759714365005493 -0.001627288875170052 -0.003948137164115906 0.20935681462287903 0.5474055409431458 -0.0025561305228620768 -0.003942832350730896 0.05514371767640114 0.23934945464134216 -0.006441876292228699 -0.009814426302909851 0.2389608919620514 -0.002560720080509782 -0.008688732981681824
COLL 1 -2.2 0 0.75 0.9216620523482562 | -0.055479603353887796 1.3421035851351917 -3.0734488144516945 0 0 | 0
COLL 20 0 0.9530032195150853 1.55 1.076316751493141 | 0.6602457384578884 2.977430952945724 -5.205571005819365 0 0 2.7331744940020144 2.58544549101498 2.1678171837702394 0 0 -0.10600539715960622 2.5336609196383506 1.0070870793424547 0 0 1.0748054995201528 1.5972214289940894 -8.839793967548758 0 0 -2.21375452587381 2.9248344796942547 -5.468232679413632 0 0 1.6218461031094193 1.9978788438020274 -1.1456463302019984 0 0 1.5160716916434467 -0.34964432392735034 0.8711339647416025 0 0 -0.7458238857798278 1.7314539075596258 -10.296899650245905 1 0 -1.363659574650228 -0.22273907822091132 -10.783870238345116 0 0 -1.8788697025738657 1.414485877729021 -9.449160005664453 0 0 2.759606550447643 1.3437617665622383 -2.2388332816772163 1 0 2.396942686289549 1.372216779505834 -8.977882045088336 1 0 -2.894842613954097 1.2188736640382558 -7.639586115023121 0 0 0.12355777295306325 2.304977514781058 -11.240610701497644 0 1 -2.085290288552642 0.8560039247386158 -4.797637166222557 0 0 1.64463519025594 0.5907599936472252 -1.574424450052902 0 0 2.4245495377108455 1.1387316550826654 -11.020098000997677 0 0 -0.7025592089630663 0.8030946558574215 -0.9492064423393458 0 0 2.14518961077556 1.453144385945052 -13.5742961645592 0 0 1.203149531967938 -0.31695788470096886 -9.272102929186076 0 0 | 2 2 17
COLL 23 2.2 0 0.75 1.2670251635834575 | 2.0007545216940343 1.2505121765425429 1.914579028263688 0 0 2.9106129216961563 -0.2352948480984196 -13.92420735117048 0 0 -0.7556244721636176 1.9995268087368459 -5.812896980904043 0 0 -2.528455127030611 0.744316611555405 -5.746973261469975 0 0 -2.5687044197693467 -0.20746572548523545 -7.920780795393512 0 0 2.145680035930127 -0.3439387222751975 -3.7038812902756035 0 0 2.2855460098944604 0.7897470120806247 2.8189267329871655 0 0 1.7871147240512073 1.2264913420658559 -6.383683186490089 0 0 -1.1377547699958086 1.3643971747951582 -7.338513189228252 0 0 2.625167191028595 1.308499694801867 -7.194683223962784 0 0 2.5144109087996185 2.2616706101689488 -6.445958662312478 0 0 1.3250668938271701 1.462706576101482 2.9451252485159785 0 0 -2.8226293944753706 1.8870869824895635 0.9705791014712304 0 0 -0.13087804662063718 1.6907729340018705 -10.974325760034844 1 0 1.9911273904144764 0.9481323490617797 -5.437676215311512 0 0 -2.297983590513468 0.5892787171760574 -11.262059410568327 0 0 -2.9960429999046028 1.2510703961597756 -11.313494333298877 0 0 2.980751871597022 1.845553756924346 -1.1606436662841588 1 0 1.5692658741027117 0.5389609038829803 -4.232590109342709 0 0 -0.18991367518901825 1.9678612095303833 -5.310392869869247 0 0 0.7291563092730939 1.7597972822841257 -0.5389666252303869 0 0 0.6744794771075249 1.5068546247202903 -12.094463430345058 0 0 2.7670364161022007 1.0430463276570663 -6.4855114365927875 0 0 | 0
COLL 15 0.020635326392948627 0 1.55 1.762795029161498 | -2.1534588458016515 1.6159040537895635 -10.278095163870603 1 0 -0.02174608502537012 0.21473326871637255 -12.598425356904045 0 0 2.032727665733546 0.8423569891601801 2.659818266518414 0 0 -1.0834433161653578 1.1380310956155881 0.5751090720295906 0 0 0.5906471628695726 -0.20221650775056332 -10.81914584338665 0 0 -2.4719845089130104 1.1118006653850898 -7.961812873836607 0 0 -1.53304212866351 0.600809508934617 -5.816754894098267 0 0 -1.4103189152665436 1.0531916475156322 -5.654304467374459 0 0 -1.9424078185111284 1.4956499140243977 -3.8479628772474825 0 0 -2.1249366751872003 0.6864628016483039 -4.945865537971258 0 0 -0.6306518744677305 0.6336978218751028 -4.789622679818422 0 0 -1.2133469483815134 2.0672001752536744 -4.4226957054343075 0 0 -0.07945725973695517 -0.15622768714092672 -8.227664258563891 0 0 -1.4802707768976688 0.5706263066967949 -6.294662608299404 0 0 1.0860621607862413 1.1012162123806775 -8.858578512910753 0 0 | 0
COLL 30 -2.2 0.4478671279270202 0.75 0.8955583017785103 | 1.8307513394393027 0.038764955825172365 -7.846988743171096 0 0 -2.9173655952326953 2.9404179714620113 -6.766865890473127 0 0 -0.6306237210519612 1.6327885172795504 -11.774875352857634 0 0 0.41653021378442645 0.8294201939133927 -3.917566192569211 0 0 0.8420482990331948 2.422087306389585 -6.814894798677415 0 0 -1.929491875693202 0.25515155121684074 -11.694710413226858 0 0 0.3552540550008416 0.0635801610769704 -11.360676591517404 0 0 -0.6703013079240918 2.2584658178966492 -0.24552056705579162 0 0 -1.0585748688317835 1.4915356485871598 -6.890532407909632 0 0 -2.6117419791407883 0.7166833519004285 -5.241925230482593 0 1 -1.2193411169573665 0.0719081579009071 -6.2961288704536855 0 0 -2.537252012640238 1.0171982910251245 -11.83369502495043 0 0 1.212554787285626 -0.1026328147854656 -2.2420964397024363 0 0 -1.6978822345845401 1.0566120503935963 -5.173301542177796 0 0 1.6653689774684608 2.929490619339049 -3.341842678375542 0 0 2.1984779722988605 0.2136129782302305 -4.242839271668345 0 0 2.5388879575766623 2.10462465393357 -0.5555871827527881 0 0 1.8973869429901242 0.4718597342725843 -2.2871534798759967 0 0 2.0357712619006634 2.027264214353636 -7.8758222728502005 0 0 1.581663996912539 0.04629008728079498 -9.205278064357117 0 0 0.8261979455128312 2.586820646189153 -2.9386430403683335 0 0 -0.7910453877411783 2.5524721457622945 -7.698565639788285 0 0 -0.38084919936954975 2.63918403966818 -2.7015146508347243 0 0 -2.8194222589954734 2.8166122181573883 2.2746388053055853 0 0 -1.2219308763742447 1.6712235151790082 -9.009862676728517 0 0 2.924142484087497 1.9786527378018945 -1.3986182189546525 0 0 0.46510041039437056 0.8226043528411537 -12.070945538347587 0 0 0.06819995027035475 1.0573404552415013 -5.727042341371998 0 0 2.2483851187862456 1.5844533016206697 -3.1124597140587866 0 0 0.5833247881382704 0.1985551342368126 -1.1358829084783792 0 0 | 0
COLL 25 0 0.19543501920998096 1.55 1.7464123020879925 | 1.9904952719807625 2.6871203932678327 -1.3186462258454412 0 0 2.8983730492182076 0.9437406435608864 -0.9738462716341019 1 0 -1.7784403120167553 1.6890118134906515 -12.856374867726117 0 0 2.2493503019213676 1.7047162594972178 -1.9565792775247246 0 0 -1.818909245543182 0.5886458096792921 -13.834390082396567 0 0 -1.6869520554319024 1.1354451968800277 -6.65922286384739 0 0 -0.974871413782239 0.6618075268343091 1.2037973226979375 0 0 -1.0182675523683429 0.5212836097925901 -12.161191681399941 0 0 -2.7484076055698097 2.5840471321716905 -6.916710224468261 0 0 -0.4573386269621551 2.6374629832571372 -2.8705662495922297 0 0 -0.012344823684543371 -0.2804800576996058 -6.147388638462871 0 0 -2.3973543886095285 -0.09603359398897737 -9.016420495463535 0 0 -0.870351770427078 1.0210841827793047 -11.161948355613276 0 0 -1.508433605544269 0.1612709768814966 1.6111286017112434 0 0 0.9168141041882336 2.0868119369260967 -9.616040088236332 0 0 1.9046713644638658 0.043410345213487744 -2.011146110948175 0 0 1.3673891834914684 0.0013303348096087575 -11.885474252747372 0 0 2.904384677298367 1.0608828904805705 -11.939091655658558 0 0 -1.061366690788418 2.2846419736742973 1.9552794438786805 0 0 -0.3304629544727504 0.7251501054270193 -9.501936276210472 0 0 2.171587305609137 1.6917426084401086 -5.224698130507022 0 0 2.243416925892234 0.5139722211752087 -4.525945621542633 0 0 0.9262986313551664 1.157223497866653 -2.011952035827562 0 0 2.9149975636973977 1.8110211950261146 -12.758226411417127 0 0 -0.3075967077165842 2.3006498031318188 -3.9230375387705863 0 0 | 0
COLL 29 2.2 0.34906782684847715 1.55 1.0651527158450336 | 0.9938116287812591 0.5697513872291893 0.22529130498878658 0 0 2.773383256047964 0.7826007725670934 -5.86670924606733 0 0 0.42873497446998954 0.17183975758962333 -0.3801318113692105 0 0 1.4099166300147772 -0.36121903103776276 1.5202709645964205 1 0 -0.789542221929878 2.24927157710772 -4.670607251347974 0 0 -0.020894823130220175 2.8294167612912133 -3.0769417968112975 0 0 2.925639401189983 0.3406334575265646 -13.756152854533866 0 0 1.792333486955613 0.7590917438501492 1.957843855023384 0 0 -2.985072137787938 0.3783127870410681 -3.886355336289853 0 0 1.084238434676081 0.03694009408354759 -4.14928388223052 0 0 2.5466541051864624 1.107212136965245 -7.615123193943873 0 0 2.6257433127611876 1.4017836527200416 2.943617156939581 0 0 1.411570468917489 -0.3270869944244623 -0.435675390297547 0 0 1.6957852612249553 1.0569413234479725 -8.665121999336407 0 0 -2.9544207542203367 0.9208375212037936 -9.532485485076904 0 0 -2.2290836898609996 0.9543333548353985 -0.5828650640323758 0 0 -2.330330839846283 1.5553840963402763 -11.365367281483486 0 0 -0.3062207344919443 2.180020111729391 -6.896958207478747 0 0 2.156150017865002 2.461151294526644 -11.56047287886031 0 0 0.21399479918181896 -0.24293321010190994 -10.204161141766235 0 0 0.9601752469316125 2.8058714414946735 -6.418165346607566 1 0 -1.5852655093185604 1.5117179993540049 -7.8482224063482136 0 0 -1.6922280360013247 0.05980618705507368 2.241592505015433 0 0 1.2720167711377144 1.334222080069594 -6.209546352270991 0 0 0.6770286038517952 1.398152239387855 -8.98160030785948 0 0 2.027601926587522 -0.12716747599188238 -8.447804404888302 0 1 0.13914029393345118 2.573179227532819 0.7401132269296795 0 0 0.21333844307810068 -0.34313122497405857 -5.632669121026993 0 0 0.0898344679735601 1.9553930250694975 -5.553595649078488 0 0 | 0
COLL 5 -2.2627194332890213 0 1.55 0.8807442462537438 | 2.0212791985832155 1.700236246571876 -3.505293025402352 0 0 -0.8309359755367041 0.940063351765275 -3.956204522168264 0 0 -2.9234303198754787 1.2728884621756151 -7.081245694309473 0 0 -2.558324780780822 0.6591659487457946 -7.933432014659047 0 0 2.353363352827728 0.5229059727862477 0.3860792734194547 1 0 | 0
COLL 13 -2.2 0 1.55 0.8809885459020734 | -2.6375970086082816 1.4197186718229204 -3.4085935303010046 0 0 -2.255679436493665 -0.4240734166232869 -0.7669739564880729 0 0 -2.4380455599166453 1.3035249500535429 -8.381413171999156 0 0 -0.4708647122606635 1.4884944196091965 -7.930851173354313 0 0 2.7371495263651013 1.4957152989227325 -12.652777715586126 0 0 0.9802458314225078 0.6933680005604401 -3.3443253186997026 0 0 -0.2043938054703176 1.543223535292782 -5.227797489613295 0 0 2.3627222240902483 1.0697903230320662 -5.060982039198279 0 0 -2.366631504613906 2.824408221524209 1.930295554921031 0 0 -0.93066315818578 1.9123155730776489 -1.1703367363661528 0 0 1.7346522412262857 2.8689546041423455 -4.375383798964322 0 0 1.1519915233366191 -0.37915339251048863 2.969734944636002 0 0 -0.17944165645167232 0.8233573833713308 -11.661736024077982 1 0 | 0
COLL 11 0 0 0.75 1.4159992986358703 | 1.8939753198064864 0.07605733477976173 -3.957577523076907 0 0 -2.6142277135513723 -0.3072382512036711 -7.140149662503973 0 0 2.734343779273331 0.9077917321119457 -3.4122931107413024 0 0 -1.6678840792737901 2.5906752919545397 -12.524790192721412 0 0 -1.7531753154471517 0.7813160574296489 -4.839894805569202 0 0 0.9345404729247093 -0.11733698169700801 -12.944217663491145 0 0 -2.169232672546059 2.293137574917637 2.6802040222100914 0 0 -1.3401268548332155 0.1288790557300672 -4.753922194242477 0 0 -0.5127465999685228 -0.42184052348602563 -9.643493991112337 0 0 0.5329231107607484 -0.12943822238594294 -7.9641078596469015 0 0 -2.412332023959607 2.9537574735004455 -11.286317067453638 0 0 | 0
COLL 28 2.2 0.3676039606332779 1.55 1.234659963939339 | -2.447160853073001 2.1684360454091802 -9.366647369926795 0 0 0.885223054792732 1.236248487373814 -6.0052551159169525 0 0 -1.951295216102153 2.835195936844684 -1.5580260420683771 0 0 -2.5772907505743206 -0.4682279624976218 -1.3483334588818252 0 0 2.7129044593311846 -0.20423356781248003 -5.1843643160536885 0 0 2.8370994804427028 1.3892856605816633 -4.442662367364392 0 0 2.73972691828385 1.9802345021162182 -5.64595793816261 0 0 -1.2596157984808087 2.0961814088514075 -13.712443803902715 0 0 -1.1509711942635477 0.6633346051676199 1.763187361881137 0 0 0.17723546270281076 -0.457012738683261 -8.238089727470651 0 0 0.8344182623550296 2.46404245425947 2.8698518972378224 0 0 -1.7500837789848447 2.1109322047559544 -11.110834820428863 0 0 2.494063553865999 2.365966548328288 1.3085095388814807 1 0 1.5434040832333267 2.592785285669379 -12.491665106033906 0 0 1.650112824048847 1.1564600788988173 -9.142085012979805 0 0 -2.6113526606932282 2.600269265123643 -13.596756569342688 0 0 -2.240759154316038 -0.33559669845271856 -0.8209303487092257 0 0 -0.7746812039986253 0.8755895767826587 -12.91792777273804 0 0 -2.723677994683385 1.336405088659376 1.3419603749644011 0 0 1.6766134849749506 0.48624089965596795 -0.0027783627156168222 0 0 1.2879617200233042 2.78487454529386 2.673096555052325 0 0 2.9872243576683104 0.5625152487773448 -4.582323192385957 0 0 -0.04326116340234876 1.9330399308819324 -1.3534774091094732 1 0 -0.6328705530613661 0.8959121144143865 2.130079203983769 0 0 0.8095084629021585 0.30562422540970147 -11.469080266077071 0 0 -1.2681254516355693 -0.013565606670454144 -0.988729914650321 0 0 1.6965924105606973 2.765869227820076 -10.592540708137676 0 0 1.2619723370298743 0.8700257502496243 -0.006463116034865379 1 0 | 2 19 27
COLL 22 0.5289264936000109 0 1.55 1.1881425866857172 | 1.8240435258485377 2.0106973560759798 0.42490504775196314 0 0 0.5357217430137098 0.2615618765121326 -12.84186523151584 0 1 2.8013087692670524 1.9530791594879702 -11.216437483206391 0 0 -1.4994692411273718 2.2514738655881956 -9.164267336018384 0 0 -1.6091334130614996 0.5638039137702435 -13.306179753039032 0 0 -0.2662726021371782 2.309138811775483 -10.773362381150946 0 0 1.0819509336724877 1.168153534294106 -5.244511470664293 0 1 0.6851913412101567 2.3220208631828427 -3.304246700135991 0 0 1.3721549925394356 2.19122218049597 -8.902524651028216 0 1 2.929915232118219 2.5896144839935005 -5.751962417503819 0 0 0.7552081528119743 0.2585072227520868 -6.890497718937695 0 0 -2.442602267023176 2.815322213456966 2.0083141401410103 0 0 -2.559765343554318 1.2463610569247976 -5.478108543436974 0 0 -1.7818461754359305 1.4779381982516497 -11.180539241991937 0 0 2.6014747945591807 2.9358561736298725 2.1832330871839076 0 0 -0.9080560659058392 0.13952291873283684 -13.67929691192694 0 0 -2.317141655366868 0.8733946738066152 -5.125986334634945 0 0 0.5524910325184464 1.3021077000303194 -0.518805259373039 0 0 -1.6845827917568386 1.9630345929181203 -0.5977278240025043 0 0 -0.7275057658553123 -0.47602153255138546 0.1100706655997783 0 1 -1.4492605472914875 1.564114281674847 1.02219144301489 0 0 -1.1420355727896094 1.8796457465505227 -1.799088083440438 0 0 | 1 17
COLL 27 -2.2 0 1.55 1.5427490705158562 | -0.8420610562898219 0.7380080909933895 -13.910876827314496 0 0 -2.257112459745258 2.610498877358623 -1.048309593461454 0 1 1.9326940937899053 2.6818593968637288 -6.488620817661285 0 0 2.0378012345172465 1.843427187181078 -3.4295606983359903 0 0 0.28199718380346894 1.867862776038237 2.0137080615386367 0 0 2.4534812844358385 -0.185228044167161 -2.7124546675477177 0 0 -2.033615289721638 1.6826334814541042 -6.121432144194841 0 0 0.516769069712609 -0.0031301904236897826 1.4934521263930947 0 0 -0.7982440651394427 2.752712772693485 2.494229600066319 0 0 0.6229715128429234 0.6242498988285661 -12.562913907226175 1 0 -2.192061608657241 0.08095743891317397 -12.450870162574574 0 0 -2.562014569994062 0.7066875007003546 0.19816636946052313 0 0 2.198212740942836 0.5776727176271379 -12.079458138439804 0 0 -2.46499198442325 0.8281872539082542 -13.948822659906 0 0 -2.880735288374126 1.9197153196437284 -2.5274330561514944 0 0 0.9792763693258166 1.7681284140562639 -9.73565685027279 0 0 -2.5239243283867836 1.4492972324369475 -11.76401490229182 1 0 -2.618685389868915 0.8735208825673908 -7.340952159604058 0 0 1.2123304987326264 1.2456021134275943 -2.9876062432304025 1 0 -0.40181952388957143 2.684465188300237 -5.93070394359529 0 0 -0.8402709108777344 -0.17037055327091366 -10.757148263277486 1 0 1.1233499804511666 -0.42066615575458854 1.6480544779915363 0 0 -2.9180328072980046 1.995773900882341 -1.1367181590758264 0 0 -2.235671932809055 1.7384532967116684 -0.7865311547648162 0 0 2.382395785767585 2.658503655460663 -10.68116829637438 0 0 -2.9252506135962903 1.9378400695277378 -13.922711019171402 0 0 -1.4248634395189583 1.1368889753939584 1.6741949496790767 0 0 | 2 11 23
COLL 25 0 0 0.75 0.9374330492690206 | 0.531190765555948 -0.18028316413983703 -4.107879954157397 1 0 -2.013367584440857 2.5187274052295834 -9.17243504920043 0 1 -0.1208062875084579 2.2681459015002474 1.905464196112007 0 1 -1.3213178711012006 2.9491308114957064 -7.135012773564085 0 0 0.8850009609013796 -0.39156952558550984 -6.45841080788523 0 0 -1.1294757490977645 0.021391102229245007 2.24636014085263 1 0 0.6448843139223754 2.950727068935521 -8.279209031024948 0 0 -2.7842840063385665 1.0177288005361333 -3.632401077542454 0 0 1.5275397347286344 0.4825309512671083 2.0139765527565032 0 0 0.971858711913228 0.49931878957431763 -0.029909868724644184 0 0 -1.2392310993745923 -0.3263589554699138 -3.694740073289722 0 0 -1.2217303169891238 -0.17449432786088437 0.9767944002524018 0 0 -1.8045301367528737 1.3065222058212385 -11.765729144681245 0 0 0.2789457840844989 1.228595461929217 -5.2983111252542585 0 0 0.06450443062931299 2.876037456910126 -3.6791626824997365 0 0 -0.11869954783469439 0.2725477389758453 -3.5815337849780917 0 0 0.5024499082937837 0.9028150381054729 -2.8788908508140594 0 1 0.6209496036171913 1.8503156006336212 -7.751611216925085 0 0 0.3599094282835722 1.9005912595894188 -1.8129479980561882 0 0 -1.080562898889184 2.0458473707549274 0.5299656735733151 0 0 -1.6576423491351306 0.6707034585997462 -8.526616118382663 0 0 2.3993635433726013 -0.3759914879919961 -6.761293010553345 0 0 2.5904850088991225 2.4818136770045385 -13.503037432441488 0 0 -2.7838740767911077 1.534992702305317 -6.337766442447901 0 1 2.8335836324840784 -0.429956037318334 -5.784278385108337 0 0 | 0
COLL 19 2.2 0 0.75 1.4376250418834389 | 2.6791289979591966 1.9373234655940905 -12.316771783865988 0 0 2.4264960293658078 2.398788342019543 -1.1243113696109504 0 0 2.9445627364329994 2.755183110246435 -6.330075480975211 1 0 -2.967033540364355 1.2146634807577357 -1.2499341249931604 0 0 0.7165261376649141 1.2762041062815115 -8.881908184383065 0 1 2.872806509491056 0.0817838559160009 -8.499558724230155 0 0 2.6423402591608465 2.3478328165365383 -3.6163032967597246 0 1 1.5305276988074183 1.2547943911049515 -3.0654267522040755 0 0 -0.5234025777317584 -0.33571712218690664 -4.902140314457938 0 0 -1.157369360793382 1.4906761561287567 -0.6956464124377817 0 0 0.483669888228178 1.2800054921535775 -3.190883915638551 0 0 -2.13911562692374 0.5325551599962637 -7.414802815765142 1 0 2.723789214156568 2.0315539945149794 0.4719267210457474 0 0 2.5128517197445035 0.4601948104100302 -12.460894088027999 0 0 1.991182068362832 2.90010020614136 -6.644253614591435 0 0 2.5493205059319735 0.7478166276123375 2.6530429529957473 0 0 1.2241827514953911 -0.4186981514794752 -2.3655269185546786 0 0 -2.0806271047331393 1.299907478154637 -0.9508829638361931 1 0 1.8166181053966284 1.1182429293403402 -1.3676045087631792 0 0 | 0
COLL 7 2.1371441753581166 0 0.75 1.524581872113049 | 0.6869546435773373 0.717291276785545 -8.172990306513384 0 0 -0.49282988626509905 2.2010834456887096 1.3174648429267108 0 0 -2.6922800028696656 2.8773427655687556 -0.15936717647127807 0 0 2.4442440262064338 1.0712187006138265 -10.443684843601659 1 0 0.17201907187700272 -0.2773834867402911 -4.57695556874387 0 0 -1.9552594609558582 2.078286026022397 -2.077722762012854 0 0 -0.6875878823921084 2.381321047898382 -6.258689914830029 0 1 | 0
COLL 18 -2.2 0.43105614152736965 1.55 1.483222761610523 | 2.1968235187232494 1.6950040383962914 -11.116801830241457 0 0 2.8177609238773584 -0.3397224695654586 0.585238920757547 0 0 -2.1072563622146845 1.4813222171505913 -9.508125546388328 0 0 2.610586226452142 -0.25975468289107084 -3.770580528303981 0 1 -1.6381598361767828 1.4759143817937002 0.6838593631982803 1 0 2.7226527160964906 1.7734721805900335 -5.673491118242964 1 0 2.915467870887369 0.7195077739888802 -10.973358953371644 0 0 0.7799083250574768 2.7107442546403036 -6.27411881275475 0 0 -2.552514414768666 1.139686212176457 1.4677623936440796 0 0 -1.016590645071119 2.0349818497197703 -12.867784733185545 0 0 0.3215731652453542 1.3825590925989673 -4.533367545576766 0 0 1.3739736140705645 2.4170986234676093 -5.756569602992386 1 0 0.21965666441246867 2.003439862979576 -6.2924713648390025 1 0 2.0747731416486204 0.1735769760562107 -8.350300932303071 0 0 -0.15146079193800688 2.7759125302545726 -2.953863768838346 0 0 2.2260121037252247 2.3127423813566566 -5.278847936308011 0 0 -2.0475973337888718 1.244934222777374 -10.024964154697955 0 0 1.157834379002452 2.2287246009800583 -10.251235442236066 0 0 | 2 4 8
COLL 6 0 0.862336509861052 1.55 1.4598258335143328 | 0.5241699703037739 1.7248396248323843 -10.002540473360568 0 0 -0.02105432515963912 2.1796868277015164 -2.2773873982951045 0 0 2.125495169777423 2.177763809566386 -11.02551018120721 0 0 -0.9811543626710773 0.39959265489596874 -13.649410628946498 0 0 -0.1679294561035931 2.4370730058290064 0.5328177649062127 0 0 -2.8375865374691784 1.5654698782600462 -10.583018688252196 0 0 | 1 4
COLL 18 2.2 0 1.55 1.1089783601462841 | 1.897495160344988 1.8648946540197358 -4.868695886572823 0 0 2.533916410524398 1.9479257129132748 -11.244062713347375 0 0 -0.2069134977646172 -0.013113121269270778 -10.15451343730092 0 0 -1.2578086615540087 0.11103294300846756 -1.1179699848871678 0 0 0.4828231860883534 2.7354441806674004 -4.925752429524437 0 0 -2.79601629730314 1.9112390838563442 -1.6427770862355828 1 1 1.436543249990791 2.126648946083151 -3.436857541790232 0 0 -1.6172001454979181 2.727243046159856 -13.82598217856139 0 0 2.839168667793274 1.580015689949505 -6.785436190664768 0 0 -1.0661006374284625 0.18380033795256168 -6.518840968143195 0 1 1.7260215114802122 0.8513422812102363 1.5103603086899966 0 0 0.9294435661286116 0.6057517788140103 -2.1727988536003977 0 0 -1.7434852290898561 2.978997405967675 -12.52268793573603 0 0 -0.18257874017581344 2.2040056362748146 2.283727600937709 0 0 1.1431365846656263 -0.31606783566530794 -12.509937565540895 0 0 -2.931136419530958 2.7193614506395534 -13.587441230658442 0 1 1.9613850661553442 1.0178245676215738 -6.995498778996989 1 0 -1.0101712108589709 2.972599567496218 -7.8222168274223804 0 0 | 0
COLL 10 1.9074540864676237 0 1.55 1.6134233413729817 | 0.32922199135646224 2.5310357871931046 -8.514575292821974 0 0 -1.7986995074898005 2.686022466281429 -9.08050087443553 0 0 1.0808801162056625 2.785827105049975 -3.5527990420814604 0 0 0.2972620977088809 0.6158165051601827 -5.926094177411869 0 0 2.987605537287891 1.1679520924808457 -6.5225721462629735 0 0 -1.9215658879838884 -0.45569758431520313 2.5470743025653064 0 0 0.3874425021931529 2.6110822124173865 -3.473949991632253 0 0 1.686408125795424 2.791021261131391 0.9695597547106445 0 0 -1.8198859454132617 2.1096598957665265 -6.037196708610281 0 0 -2.651614304166287 0.4956254897406325 -3.121312166331336 1 0 | 0
COLL 9 -2.2 0 1.55 0.9489310760516674 | -1.0020726649090648 2.5923653941135854 -3.5869715227745473 0 0 -0.10910749062895775 -0.10199924476910383 -3.307154502021149 1 0 0.9543823054991663 0.07515843585133553 -10.103033300954849 0 0 0.08691741060465574 -0.007686728029511869 -5.1929635079577565 0 0 1.859847530722618 1.4863676485838369 -13.193846519337967 0 0 1.4663226543925703 2.852231247816235 -10.923655395861715 0 0 -1.7651091953739524 1.591629617731087 -7.248606656910852 0 0 1.645871743094176 -0.23912750440649688 -13.88916976377368 0 0 0.3913503745570779 1.4676184132695198 -12.653654308756813 0 0 | 0
COLL 16 0 0.8972088404931128 1.55 1.7991718966048211 | 1.48352692136541 1.5138256550999358 -6.784702917095274 0 0 -2.614886221010238 0.18515682686120272 -0.49898778297938406 0 0 -1.8109982935711741 0.3897280925884843 -13.977276340592653 0 0 -1.3166502183303237 0.4362125707557425 -10.152544711483642 0 0 0.26740707317367196 2.3240835221949965 1.1949522325303406 0 0 -2.532274503260851 2.2572732467669994 -6.663822354748845 1 0 0.5278935246169567 1.294989763875492 -13.948065000353381 0 0 2.528502243105322 0.738674680236727 -3.276924539357424 0 0 -1.6366579933091998 0.4833683638134971 -5.210037123877555 0 0 -1.199660420883447 2.3418038384988904 -5.955812885425985 0 0 -2.543654114473611 0.8440294396132231 -7.107544819358736 0 0 1.8356948783621192 2.7058290796121582 -0.7229441199451685 0 0 -0.6207284666597843 0.8116988345282152 -9.7238529776223 0 0 -0.54136110143736 0.29562842147424817 -6.439067973522469 0 0 2.7908934080041945 1.53423360560555 0.17755332263186574 0 0 0.837204550858587 2.165425628889352 -0.3605366547126323 0 0 | 1 4
COLL 26 2.2 0 1.55 1.0401675074361265 | -2.256877464707941 2.806584200123325 2.835417278110981 0 0 2.605398659594357 1.8578454609960318 -13.789741706335917 1 0 2.104728313162923 2.070352009963244 0.7508763116784394 0 0 0.7293574889190495 1.9240784504218027 -6.536595970625058 0 0 0.8842916814610362 -0.44876816065516323 -2.2796605431940407 1 0 -2.071409225463867 2.1561791981803253 -10.536613658536226 0 0 1.6804348337464035 0.29459155059885234 -9.881513729691505 0 0 1.2053250730969012 -0.4744403011864051 -4.858317262027413 0 0 -1.9271448855288327 1.6102001300314441 -3.577133185695857 0 0 -1.665617116726935 2.432039843639359 -5.712611574679613 1 0 -2.5178121915087104 2.1974312921520323 -12.8167170251254 0 0 0.9606697694398463 0.7069811834953725 -5.132199143758044 0 0 0.47506460594013333 0.8181722034933046 2.80236984975636 0 0 -1.7697853320278227 2.9285609918879345 -9.780588928610086 0 0 0.6925406428053975 0.1497770344140008 -11.231620700564235 1 0 -1.1487176469527185 2.3150916962185875 -12.43442823109217 0 0 -1.1324687786400318 2.4558217326411977 -6.919186393264681 0 1 -0.6234311456792057 2.645115031627938 -0.984499657060951 0 0 2.422200424131006 1.6468258675886318 -7.453298245323822 0 0 0.4577806522138417 0.7377080013975501 -0.2565618047956377 0 0 1.1346794189885259 0.9781372031429783 -2.2147564832121134 0 0 -2.700984552036971 2.929233993636444 -9.606823674868792 0 0 0.4906740761362016 -0.40905700577422976 -6.509795648511499 0 0 -1.9959891443140805 0.7096303353318945 -8.446146154077724 0 0 -1.418199934065342 0.8902039938839152 1.5423766386229545 0 0 -1.2088306811638176 0.092316729365848 -3.577848620014265 0 0 | 0
COLL 18 0.5535805723629892 0.7949446429498493 1.55 0.823707767482847 | 2.273144630715251 0.6287989612901583 -12.72726868884638 0 0 -2.790882113389671 2.6907181778224185 -4.587983396369964 0 0 0.3876973092556 -0.18764573626685888 -12.460467901313677 0 0 2.086508982349187 2.2558988315286115 -5.355271679814905 0 0 -2.608796187210828 2.748729084734805 -5.3226275919005275 0 0 -1.6112498603761196 -0.016220474266447127 -7.829130481230095 0 0 -0.515350847505033 1.466435974696651 -8.766427278751507 0 0 1.1024131891317666 0.5622593988664448 0.3963978374376893 0 0 -1.6999582825228572 1.5301344762556255 -11.808908863924444 0 0 -1.438065875787288 0.9334581128787249 0.9815180297009647 1 0 1.344179755076766 2.328663075226359 -3.2646427592262626 1 0 -1.2849584519863129 2.039762560976669 -11.610344102373347 0 0 -0.08099085045978427 2.821030874270946 -10.33575910818763 0 0 -0.5466458857990801 1.101898301159963 1.1917508449405432 0 0 2.4418223183602095 2.389658329775557 -1.3127351521980017 1 0 2.779333416838199 1.2138220433844253 -0.061699861427769065 0 0 -0.48078488325700164 1.7626015077112243 -10.542514468776062 0 0 -2.702492969110608 2.773497991845943 -1.5900728495325893 1 0 | 1 7
COLL 5 -2.2 0 1.55 0.9676960419863463 | -1.9413339947350323 0.21111608447972685 -1.299570833798498 0 0 1.5046387547627091 0.27471283345948905 -1.1580055311787874 0 0 -2.679324177559465 2.6510407625464723 -3.9048492645379156 0 0 -2.2128584682941437 -0.1205364705529064 -7.60712035628967 0 0 -0.9332257993519306 0.24013825331348926 -1.4615938705392182 1 0 | 0
COLL 6 0 0 1.55 1.7039247282780707 | 1.5786117813549936 0.8832350602606311 -3.3346127588301897 1 0 0.9927689605392516 0.048223033430986106 2.7103412619326264 0 0 -2.3950542169623077 1.9044760479591787 -2.361772011499852 0 0 2.1107213934883475 1.665797782014124 1.7733329718466848 0 0 -1.511529532726854 2.257938446593471 -13.67375491722487 0 0 -2.3201755173504353 1.01654536370188 -5.252719683339819 0 0 | 0
COLL 16 2.2 0.17459342326037586 1.55 1.7330279610585422 | 2.507240105420351 1.2472728794673458 -2.9845562102273107 0 0 1.253098311368376 0.5570837118430063 -13.241186793660745 0 0 1.3570215529762208 0.8315764556173235 -11.829674702137709 1 0 2.1786454981192946 1.8071692514931783 -2.4839351989794523 1 0 2.427459217607975 -0.27544759470038116 -11.98684758413583 0 0 2.5656653749756515 -0.06312501186039299 -8.091789146652445 0 0 -1.1915212073363364 0.8364990039262921 -13.350004024570808 0 0 1.6450516828335822 0.9846374624175951 0.15012656850740314 0 0 1.9602946056984365 0.4771665781736374 -4.267431433312595 0 0 -1.1243414478376508 1.0729279082734138 -13.68354888772592 0 0 2.3073443728499115 1.4486933225998655 -3.652542114490643 0 0 1.939929342828691 2.596650038729422 -5.22356154024601 0 0 2.8921563760377467 0.965651290374808 -1.2812800996471196 1 0 -2.422382030636072 0.09769896930083632 -13.428888698108494 0 0 -1.3705376470461488 1.2087281600106508 -9.036606686655432 0 0 -2.21511447429657 1.300637591863051 0.5639463793486357 0 0 | 2 7 12
COLL 24 -1.7229445986449718 0 1.55 1.2629992961417884 | 2.453335092868656 2.062905727303587 -9.550983446650207 0 0 -1.5945479655638337 1.4540284804534167 -1.6239678738638759 0 0 0.1714618680998683 0.36898051481693983 -13.867580315796658 1 0 -1.6776524567976594 1.1680501005612314 -12.050558896036819 1 0 1.8147657858207822 2.8022755907149985 -10.724961136467755 0 0 0.17792079783976078 2.6288298501167446 -1.3838356386404485 0 0 1.272812764160335 1.7711799850221723 -1.0558151644654572 0 0 2.599022001028061 2.0618789710570127 -1.0981114152818918 0 0 0.7733579138293862 2.547633351990953 -2.001057284185663 0 0 -2.334123882930726 0.040907986694946885 -0.6171260206028819 1 0 -0.25606277491897345 2.217027533100918 -1.238019139971584 0 0 -2.602610969915986 1.8920348312240094 -5.179991704644635 0 0 2.6079635275527835 -0.26886305038351566 -10.753259781515226 0 0 2.2817264618352056 2.087997508002445 1.080193173373118 0 0 -1.175898242276162 0.5708421568851918 0.3580941194668412 1 0 2.925860314629972 0.948713852209039 -2.7584648430347443 0 0 -0.9341365769505501 0.27105797932017595 -7.078263982431963 0 0 1.0982264284975827 0.3065621298737824 -2.6343764532357454 0 0 -1.8513268567621708 -0.3814501295564696 -9.069990230724216 0 0 -2.6149499360471964 2.0848038343247026 -3.9282162887975574 0 1 -2.347695831209421 0.9110336629673839 -11.79300780966878 0 0 -0.6969587076455355 0.07069573481567204 2.910565901082009 0 0 -2.817893436178565 -0.4073780955513939 -10.876442133681849 0 0 -2.8588170669972897 0.8899470854084939 -10.630324784200639 0 0 | 2 9 14
COLL 6 -2.2 0 1.55 1.1697458424139768 | 2.778409075923264 2.4644648500252515 -12.062491902383044 0 0 2.050817996263504 1.9110245839692652 -13.19852326484397 0 0 2.643472081515938 2.551643988932483 -9.096046897117049 0 0 -0.08584219682961702 0.4043073537759483 -4.690396070946008 0 0 2.6286405650898814 -0.4496128527680412 -6.549226053524762 0 0 2.6816788790747523 1.4036292725941166 1.5101365086156875 0 0 | 0
COLL 26 0 0 1.55 1.1579067336395383 | -0.9158604755066335 2.1126858110073954 -1.1492749969474971 0 0 2.954466459341347 1.0448687479365617 -4.809820503927767 0 1 1.3816668447107077 1.1552215836709365 -10.581898401491344 0 0 2.2486950382590294 2.704914854723029 -8.498877682024613 0 0 -2.8342398097738624 1.5847685786429793 -4.639735986012965 0 0 0.16562979435548186 0.36239265953190625 -12.146597321610898 0 0 1.209587178658694 -0.19737014430575073 2.2543724819552153 0 0 -2.900808436330408 0.6003091958118603 -9.69747239840217 0 0 -1.8783847982995212 1.8241317439824343 -11.464739687740803 0 1 -2.6765316599048674 1.6348778522806242 -5.662784219020978 0 0 -0.6961862426251173 1.1785803899401799 -9.787592633627355 0 0 -1.273698062170297 2.333514249068685 -6.447732767323032 0 0 -2.675954787991941 -0.14614714100025594 1.6000989296007901 0 0 1.5650700121186674 2.101627883850597 -9.001527408370748 1 0 1.9768588612787426 -0.4306559228571132 -11.212556838523597 0 0 2.353493583854288 1.477729766163975 -12.898037098813802 0 0 -2.973959108814597 -0.2661585867172107 -10.617046032566577 0 0 -0.5967774312011898 2.5894504643511027 -9.645564021077007 0 0 -2.2596349557861686 0.37223866884596646 -7.532449217280373 0 0 -0.32614263938739896 -0.17038429505191743 -1.1883965933229774 0 0 2.3090156097896397 0.5809157975018024 1.3143417390529066 0 0 -1.2818706650286913 1.3386778535787016 -12.48726080590859 0 0 -2.2296805009245872 0.382076088222675 -11.65757898776792 0 0 -1.8478107014670968 2.5661357005592436 -11.576634139986709 0 0 -1.7716197981499135 -0.01731169456616044 -13.443179873749614 0 0 -2.9062786046415567 0.5128981840098277 -3.6398377732839435 0 0 | 0
COLL 24 2.2 0.6462492900900543 0.75 1.1969373495783657 | 1.0536608649417758 1.442094707279466 -9.524089352693409 0 0 -0.3832856984809041 2.2753194151446223 1.5969195768702775 0 1 -0.6530142780393362 2.4026453078258783 -2.541389014571905 0 1 0.9218174116685987 -0.3572479374706745 -1.6498152348212898 1 0 2.0365470377728343 1.300431692507118 -1.043561823433265 0 0 0.8063011500053108 2.6397268241271377 -1.7801889900583774 0 0 -0.9968202095478773 2.0546563405077904 0.6044453424401581 0 0 2.6608902448788285 2.3652792791835964 -13.576482028933242 0 0 -0.6749999765306711 1.8813388793496415 1.4811530492734164 0 0 -0.7529316474683583 1.925813721260056 -12.075308290077373 0 0 -1.5977757847867906 2.5335497059859335 1.9715976445004344 0 0 -1.0046148276887834 -0.15087747143115848 -3.371379554271698 0 0 0.40346667543053627 2.348707903875038 -12.414636791218072 0 0 0.39159169513732195 2.232595424284227 -7.6400922478642315 0 0 -1.670773663558066 0.16656670137308538 -1.6947221118025482 0 0 -1.4284572727046907 0.16377547779120505 -12.337107785977423 0 0 2.737539680209011 0.00689775834325701 -11.029706205008551 0 0 -2.1349736689589918 0.03018788096960634 -11.43467804021202 1 0 1.1018130113370717 2.6886259702732787 -7.324284674599767 1 0 -0.8993164049461484 -0.33684733824338764 -6.4194474967662245 0 0 -0.37936727469787 1.8586914618499577 -7.5063572286162525 1 0 1.0711425771005452 1.2817459645448253 -10.660901375347748 0 0 -2.128351760096848 1.0385609893128276 1.5120089570991695 0 0 -1.9767695646733046 2.3012098611798137 1.8731158392038196 0 0 | 1 4
COLL 26 -2.4035705630667508 0 1.55 1.423934289207682 | 0.5979564031586051 2.509815241326578 1.4676218209788203 0 0 -0.484303907956928 1.9387555069988593 -6.4336063247174025 0 0 1.366817219182849 2.981176166445948 2.7940552863292396 0 0 -0.9736208044923842 2.7494996724417433 -13.746437729801983 0 0 -2.299895168747753 0.5605908363359049 2.2003950166981667 0 0 0.3785492875613272 0.791463837493211 -9.839379746001214 0 0 2.1079205819405615 1.4793547311564907 -12.103001619689167 0 0 2.883578350301832 2.6210127740632743 -12.333648883039132 0 0 2.8131140847690403 2.9195466003147885 -11.517720937496051 0 0 -2.557951012160629 1.7996119222370908 -10.542359551880509 0 0 1.7167767877690494 -0.37126002076547593 -12.913948234403506 0 0 2.9793765312060714 0.2819111202843487 -0.4387295318301767 0 0 0.44010658096522093 1.722231296589598 1.5230815906543285 1 0 2.322346882894635 1.7551641474710777 -4.938738070428371 0 0 -0.5503287515603006 -0.01971360028255731 -1.0657135541550815 0 0 -2.217508463189006 2.15341696573887 -7.471103959251195 0 0 2.479383568279445 -0.2199171130778268 -2.5575558883138 0 0 -0.660101274959743 -0.16182082751765847 -4.620159226702526 0 0 1.4739345498383045 0.006723504280671477 -10.14176863222383 0 0 0.843542876187712 1.5856840829364955 -12.812260731123388 0 0 -0.35116174165159464 0.8123189610196277 -9.542063456960022 0 0 0.6070016040466726 0.06513122539035976 1.2192278988659382 0 0 -1.7887303666211665 1.7217243313789368 -2.291279785335064 0 0 2.7692600218579173 -0.20853999408427626 -8.986679012421519 0 0 0.8894246597774327 2.2581981901312247 -6.822088616201654 1 1 0.19986881129443645 -0.09645898779854178 -2.410995591431856 0 0 | 0
COLL 17 -2.2 0 0.75 1.2805077377241105 | 0.25833770306780934 1.884866383858025 2.4527576160617173 0 1 2.8570180353708565 -0.3795676155714318 0.7137622663285583 0 0 -2.010756650939584 1.1759022567421198 -4.608203524490818 0 0 1.3309443932957947 0.6780754314968362 -12.315786591731012 0 0 -1.1398671925999224 0.897069166181609 -9.313875132706016 0 1 -1.903171086218208 0.6150586568983272 -9.426425208104774 0 0 -2.6694848192855716 2.6107937156921253 -4.988259649369866 0 0 1.0706930346786976 1.3698829519562423 -12.973427855875343 0 0 1.12829664722085 0.3273819402093068 -7.973118711961433 0 0 0.4632684993557632 2.74231171538122 -13.761463247705251 0 0 2.2342331861145794 1.018727638060227 -11.487699425313622 0 0 0.8781737331300974 -0.3559084418229759 -10.841369148809463 0 0 1.1259845928288996 2.7404455818468705 1.0299670053645968 0 0 -1.8138745604082942 1.3790684544946998 -1.3231958681717515 0 0 1.0207622624002397 2.080688535585068 -9.210999579634517 0 0 1.9596899854950607 0.04713993449695408 -7.49433180806227 0 0 2.027530416380614 0.8142438844079152 1.802183493738994 0 0 | 0
COLL 13 0 0.974478723295033 0.75 1.7019261109642685 | 1.1199762295000255 2.7932880519656464 -7.563537423266098 0 0 0.7709873244166374 2.680036601726897 -2.5863705140072852 1 0 -0.9729606346227229 2.1248563033295795 0.17563053872436285 1 0 -2.7819465659558773 1.0535840970696881 -0.5392456608824432 0 0 1.699157771654427 1.1508803323376924 -5.813968812348321 0 0 1.5988564426079392 1.6943363995524123 -1.7768474770709872 0 0 -1.9459061119705439 1.5215301949065179 -9.47827910981141 0 0 2.2110831923782825 1.1951135518029332 -4.051311384188011 0 0 2.14090422866866 0.21684458665549755 -13.70067347632721 1 1 1.594080151990056 0.7534506461815909 -2.7113179902080446 0 0 0.14038760215044022 0.2599084818502888 -4.700743442168459 0 0 -1.1163477175869048 1.4356297685299069 -12.086191844195127 0 0 -2.9012310365214944 -0.27396781847346574 -7.183848342858255 0 0 | 0
COLL 5 2.2 0 1.55 1.7043090923223645 | -0.10110944090411067 1.4128091433085501 -0.7348545808345079 0 0 2.7427858002483845 1.7854871503077447 -13.260371817741543 0 0 -0.6820760099217296 0.0406059242086485 2.0385705588851124 0 0 -2.1358142383396626 1.3015178750501946 2.3444820183794945 0 0 -2.066523496527225 0.9357718154788017 -12.521304382476956 0 0 | 0
COLL 7 -2.721132456790656 0 1.55 1.7801229739096016 | 0.21449069352820516 0.5096037910552695 1.518910170532763 0 0 0.6044459994882345 0.42467921774368733 -4.198258611140773 0 0 0.9230631971731782 0.3445541091496125 -3.382786577800289 0 0 2.2144977059215307 1.1321900938637555 1.3883748408406973 0 0 -1.5215843855403364 1.8593459978001192 2.0081594488583505 0 1 -2.3467881535179913 2.9014184799743816 -0.5173082940746099 0 0 -2.0723293349146843 2.312007766100578 -9.49906437448226 0 0 | 0
COLL 25 -2.2 1.4027449206914753 1.55 0.8825529827270657 | -2.915391289629042 0.9301896136021242 -0.3221381437033415 0 0 0.6789005300961435 1.0735243804519996 -3.0753033563960344 0 0 -2.4814358884468675 2.0156944814370945 -2.9941061625722796 0 0 2.1038223691284657 2.732762681087479 -5.24020217731595 0 0 2.9412875650450587 0.657348386128433 -6.309646181995049 0 0 2.7735096160322428 1.314568237401545 -9.811092904070392 0 0 1.9930747719481587 1.275110686547123 -1.1355829343665391 0 0 0.3020738619379699 1.9063025900395587 -7.638698431197554 1 0 -0.459831858985126 1.0165906008332968 -13.31251313840039 0 0 -1.5176870506256819 0.3299648914253339 -0.24315781029872596 0 0 0.36564767081290483 -0.003642446012236178 -10.059971110196784 0 0 2.1367613109759986 0.7683389389421791 -13.02528907218948 0 1 -1.4189577181823552 0.3902687452500686 -9.473944108467549 0 0 -2.102755785919726 2.405190776567906 -7.967109168181196 0 0 0.515089251101017 2.915293261175975 0.932899919571355 0 0 -0.5357192885130644 2.289191811112687 -2.4235151992179453 0 0 -2.2982534836046398 1.1430553956888616 -0.883823010371998 0 0 0.907323929015547 0.08204983023460954 -3.0876921007875353 1 0 2.6545772035606205 1.3557883446337655 -1.8250883149448782 0 0 -2.288298594765365 2.4147354405140504 1.310661304043606 0 0 -0.8070438858121634 0.4407408881234005 1.0861188722774386 0 0 0.5752138313837349 1.8498080250574276 -3.157774898922071 0 0 0.4263973175548017 1.003497697878629 -1.2690112942364067 0 0 -1.911311591975391 -0.3693410559790209 -0.6621359512209892 0 0 1.890474172309041 2.872434123652056 -0.7643969506025314 0 0 | 0
COLL 6 0 1.1472204181831331 0.75 1.6203745826613158 | 1.4406659924425185 0.4647441426059231 -10.324790854239836 0 0 -2.308490118943155 -0.30141769465990365 -6.76927022729069 0 0 2.5487063163891435 -0.4506250311387703 2.565464591374621 1 0 1.9291002745740116 2.72217408020515 -6.294140338199213 0 0 1.134969221893698 1.883214226225391 0.47286715474911034 0 0 -0.03286671219393611 1.331223604385741 -2.99089064844884 1 0 | 0
COLL 10 2.2 0.10816983631812037 0.75 0.9637777003925294 | 0.1507625849917531 1.1143006288912147 -4.490192861063406 0 0 -0.3581940005533397 2.4496278214501217 0.9983741389587522 0 0 1.9115290367044508 2.2052785808918998 -11.77129140892066 0 0 -2.176176373846829 2.7206791792996228 2.609312884742394 0 0 -0.8403091016225517 0.37477406044490635 -2.5942566385492682 0 0 -0.2382586933672428 0.1053040879778564 -8.126731208758429 0 0 2.99854130577296 0.47176226403098553 -4.698539030039683 0 0 1.2554426165297627 -0.49287191417533904 -7.72202140907757 0 0 2.461361037567258 2.5171467296313494 -4.45846168207936 0 0 -1.1890315292403102 -0.09018756181467324 -2.515731643419713 0 0 | 0
COLL 28 -1.2282253336161375 0 0.75 1.3200045944657177 | -1.9681425760500133 2.8016755647258833 -0.7870356489438564 1 0 1.1223313556984067 1.0203059137566015 -3.0010542045347393 0 0 -1.635037268511951 2.9607057117391378 -2.140707968501374 0 0 2.890647901687771 1.1160795502364635 -2.6769512370228767 0 0 2.529476473107934 1.2647925150813535 0.07359647029079497 0 0 0.8995208088308573 2.6575402558082715 -12.907101781573147 1 0 -0.2611486022360623 1.688170310924761 -13.685077628819272 0 0 -2.421065478119999 1.134286765474826 1.5642435073386878 0 0 -0.3173771328292787 -0.4359861814882606 -1.0351647846400738 0 0 -1.9087838656269014 2.4145045039476827 -4.466587055241689 0 0 -1.4803296807222068 2.6931322884047404 -10.068827762035653 0 0 1.720945411361754 -0.3035961764398962 -10.22568393102847 0 0 1.3144049956463277 -0.16743005986791104 -3.4768659393303096 0 0 -0.21196871437132359 2.315433881478384 1.0631023792084306 0 0 -0.04537537833675742 0.22123075975105166 -9.097986598033458 0 0 2.7844979697838426 1.1545799501473084 -1.0132166913244873 0 0 1.7398171937093139 0.027651729062199593 -1.1198427539784461 0 0 -1.1839416422881186 1.8031568950973451 -4.29873785446398 0 0 -2.999540740158409 1.9142728719161823 -5.2770037883892655 0 1 1.607991058845073 -0.1999943070113659 -6.757178254891187 0 0 0.8862318503670394 -0.26983117405325174 1.9551808391697705 0 0 -0.631877678912133 0.665353990974836 -6.65031541348435 0 0 -1.3031135718338192 1.4290652790805325 -3.5209273893851787 0 0 -0.33556440426036716 0.872438503196463 1.4702432251069695 0 0 -1.8557544280774891 1.992933604400605 1.6058012282010168 0 0 -0.8442304031923413 1.2293139803223312 -5.24687415221706 0 0 0.6304419147782028 0.9252606291556731 -12.893771142931655 0 0 2.540590847376734 2.068865532753989 -0.9560410960111767 1 0 | 0
COLL 25 -2.2 0.19022258310578763 0.75 1.1740594491828233 | -2.646431837696582 2.7855340815149248 -11.709162684390321 0 0 -1.2117204889655113 0.414685599389486 -3.425998132210225 0 0 1.6053787088021636 2.06959788990207 1.6987152041401714 0 0 -2.6129590957425535 0.8578307495918125 -11.686532511841506 0 0 2.9239986715838313 0.11363695794716477 -2.7566931841429323 0 0 -0.46616669325158 1.9706780619453639 -7.409962425706908 0 0 0.7785296654328704 -0.2950256534386426 -11.158527937484905 1 0 -0.7000354095362127 2.747753372648731 1.7832173656206578 1 1 -1.5982307558879256 1.5836721184896305 -12.445690506137908 0 0 -0.047009310219436884 0.1963709032861516 -6.279041116125882 0 0 -0.5936316666193306 -0.12651149928569794 2.622092228382826 0 0 1.4374541365541518 2.469519613776356 -8.83894048188813 0 0 2.1458648946136236 0.3327384804142639 -12.156841421499848 0 0 2.6213947255164385 1.2043641882482916 -10.638700714334846 0 0 -2.737587209790945 2.452817854937166 -4.333219464402646 0 0 1.3779008723795414 2.1342645143158734 -3.4167334178928286 0 0 -0.1897804755717516 0.22067895508371294 1.9912419728934765 0 0 -0.7875363081693649 0.6101832216372713 -0.17168903653509915 0 0 -1.750544209498912 2.981698385090567 -9.754704776918516 1 0 -1.400968360248953 0.2552430530777201 -13.255661487579346 0 0 2.4160484285093844 1.1369556918507442 -0.8926942993421108 0 0 0.03622836247086525 -0.2653871849179268 -13.086191911250353 0 0 2.016220896039158 2.3222414545016363 -3.3499222085811198 1 0 -1.6613511205650866 2.5531473208684474 -2.7543986258096993 0 0 -2.714064066298306 0.6588046636898071 2.2540891675744206 1 0 | 0
COLL 18 0 0 1.55 1.406000638799742 | 2.6797453807666898 2.4899882667232305 -10.425845335237682 0 0 1.4366759550757706 2.274426862713881 2.5390292634256184 0 0 -1.8634379832074046 2.3501232999842614 -6.745786442421377 0 0 -1.6931508765555918 1.62476378493011 2.2927172773052007 0 0 1.022178366780281 2.60002520121634 2.15313705150038 0 1 -2.724305343814194 0.612735488335602 1.5275051509961486 0 0 -2.633643542882055 1.5072229000506923 -9.127821488771588 0 0 2.4914677664637566 2.777622811147012 -0.25619111489504576 0 0 0.06634937133640051 1.5731292176060379 2.89457386941649 0 0 -1.5467401770874858 0.1943146054400131 -5.1464154832065105 1 0 -1.1354214772582054 2.438474714756012 -13.560466604772955 0 0 1.7519330489449203 1.178843732108362 0.06996510806493461 0 0 -1.4754743012599647 1.5696908753598109 -6.221605618717149 0 0 -0.8162570963613689 0.8015758797992021 -12.245206811930984 0 0 0.32194729149341583 2.084940541535616 -1.3637908552773297 1 0 2.972983870189637 1.6508725063176826 0.5783538168761879 1 0 0.6085355496034026 0.14722865889780223 -6.157733539817855 0 0 1.981320446357131 0.7313132481649518 -3.267993823159486 1 0 | 0
COLL 24 2.2 0 1.55 1.4493912090081722 | -0.052613724488765 1.8337015388533473 2.1939196535386145 1 0 -1.6089943572878838 1.3731301446678117 -3.0919040876906365 0 0 -1.8653976917266846 1.8134555234573781 -3.6747586713172495 0 0 2.2747545749880373 1.3545202682726085 -2.0777782667428255 0 0 0.5580119909718633 0.747492840513587 2.415870272088796 1 0 -2.700526809319854 0.7535037170164287 -5.241982140345499 1 0 -1.7067376300692558 -0.17654080933425575 -5.564474631566554 0 1 1.7301124334335327 -0.14702171739190817 -5.52312182658352 0 0 -0.6456991452723742 1.0935375010594726 -12.490014957496896 0 0 -2.2180524403229356 0.7558042368618771 2.5762919005937874 0 1 2.9142647366970778 1.8607762602623552 -2.1989190082531422 0 0 -1.43309855600819 2.040391697897576 -4.681070587597787 0 0 0.07755921129137278 1.5147470071678981 -9.15947219915688 0 0 -2.372419754974544 2.987628186470829 -9.10586906131357 0 0 -0.3902368610724807 2.9540159963071346 0.3073282695841044 1 0 -2.550606064964086 1.9910047833109275 0.03884416841901839 0 0 0.09961737552657723 0.7029694456141442 -8.425063911592588 0 0 2.4491758961230516 0.24141022085677832 2.56735030352138 0 0 -0.7445960808545351 -0.08614377281628549 -7.548397567123175 0 0 -1.3369379416108131 1.0352805989095941 2.252401310019195 1 0 0.8625237448140979 1.6910767835797742 -12.79464317439124 0 1 -0.22460311884060502 -0.1155805045273155 -13.914215423166752 0 0 1.793502626940608 1.9875645969295874 -13.214175658067688 0 0 -1.45011230930686 2.0615119523135945 -6.811144795734435 0 0 | 0
COLL 21 -2.00003396300599 0 0.75 0.8305575809907169 | 0.11056916322559118 0.20876568497624248 2.346738863736391 0 0 0.9400577852502465 -0.21020858106203377 -12.600417023990303 0 0 0.292543210554868 -0.49735779117327183 -0.40842340304516256 0 0 -1.0476411231793463 1.1454064960125834 -7.4698863620869815 0 0 -1.2699459940195084 0.7710754496511072 -4.020995027618483 0 0 -1.3537597730755806 1.228811364271678 0.4748155002016574 0 0 1.2331047970801592 1.5496525415219367 -13.652292813872918 0 0 0.09868596168234944 -0.16540044615976512 0.8053209262434393 0 0 1.245393819641322 0.9207081669010222 -9.399974985746667 0 0 0.04851005645468831 1.5312914359383285 -8.150710083311424 0 0 0.02337202476337552 0.670740945963189 -2.3728391195181757 0 0 -2.361989197321236 1.1795199674088508 -13.860216774046421 0 0 2.3252717033028603 2.718818928580731 -7.3782868108246475 0 0 2.321607946883887 2.5534283929737285 -5.722799869021401 1 0 0.6790439933538437 2.979255947517231 -13.125394526403397 0 0 -2.4028605432249606 -0.18991623574402183 -1.7410717951133847 0 0 1.3904003743082285 -0.36545706051401794 -0.029359923442825675 0 0 -2.979097120463848 2.4078729859320447 1.1780794595833868 0 0 -1.2359113432466984 1.3571260352618992 -8.726483188802376 0 0 1.1824604398570955 2.833008475601673 -10.739666173234582 1 0 2.470158041920513 1.3748364333296195 -4.059442041441798 0 0 | 0
COLL 25 -2.2 1.1941446322482079 0.75 1.6762315376661718 | 1.72859065560624 1.8632112283958122 -13.198591348482296 0 0 0.30404105968773365 2.293447579490021 -6.945612661074847 0 0 0.2830667314119637 0.09239593183156103 -1.5972973860334605 0 0 -0.7311525964178145 1.9948241313686594 -11.495411186711863 0 0 -2.539222535211593 2.4448348336154595 -1.7849184062797576 0 0 -1.0725103095173836 2.789945453987457 2.5051953445654362 0 0 2.088138365652412 2.385753993410617 1.3764899256639183 0 0 1.8097731093876064 1.8497177520766854 -2.6973117913585156 0 0 -2.005839721765369 2.090736203477718 -6.802541222190484 0 0 0.16039448836818337 -0.11385328823234886 1.6808657767251134 0 0 0.499027953017503 2.013349800137803 -6.119666897458956 0 0 2.949631618335843 -0.019414931070059538 -6.598309333901852 0 0 1.9110110560432076 1.5056320381117985 2.0121979869436473 0 0 0.09117088839411736 2.4018403155496344 -6.009265048662201 0 0 -2.0398640781641006 0.09176234796177596 -2.1869772663339972 0 0 -1.0389738818630576 2.4981596204452217 0.7485575454775244 0 1 -1.7296078987419605 0.23337836214341223 -0.23293899092823267 0 1 1.121190114878118 -0.24806109874043614 -10.07136895484291 1 0 -2.872379726730287 0.4476356660015881 -3.080958664184436 0 0 -0.5688461177051067 1.2339412502478808 2.4196307125966996 0 0 1.2830915730446577 1.5808767608832568 2.250057655153796 0 1 -1.4519625906832516 0.765153854386881 -10.169581873109564 0 0 0.11658982979133725 2.4519455578411 -1.3171537569724023 0 0 1.414342952426523 1.8760562104871497 -0.6070327132474631 0 0 -1.5868195574730635 -0.37925394799094647 -11.660093170357868 0 0 | 0
COLL 5 0 0 1.55 1.4021426941733808 | -2.671370866242796 1.1431435336126015 -10.109649248654023 0 0 0.1892286348156631 0.5939824351808056 -2.0833467848133296 0 0 0.6378391021862626 2.0785682626301423 -11.154941709712148 0 0 1.8295412859879434 -0.4999267520615831 -8.172925104387105 0 0 -0.8238553670234978 2.5068606288405135 0.2982258580159396 0 0 | 0
COLL 0 2.2 0 1.55 0.8143662202171982 | | 0
COLL 23 1.2298999386839569 0 0.75 1.275311234826222 | 2.390305310022086 2.1590197912883013 -11.094105248339474 0 0 1.825269008986652 0.6005000682780519 -13.818670333828777 1 0 -2.3664460759609938 -0.09501357865519822 -5.379122081678361 0 0 -2.692047033458948 1.1361548156710342 -10.052792697679251 0 0 -2.879889642354101 2.684553110273555 -0.6976610445417464 0 0 0.23867669608443975 2.5873474177205935 2.245375621598214 0 0 -0.24861369654536247 1.909005130524747 -3.4831212863791734 1 0 0.6904430505819619 1.1168844455387443 -12.981001977575943 0 0 2.3973242682404816 2.0291100713657215 -10.46285000978969 0 0 -1.8170025455765426 1.691737613058649 -11.780976843787357 0 0 1.6230510757304728 0.4129575486294925 -10.203295199899003 0 0 -2.852388259023428 -0.4364552575862035 -8.73049763776362 1 0 2.7308093402534723 2.8158190893009305 -7.534557561855763 0 0 -1.5131564335897565 2.8878508902853355 -1.8590053939260542 1 0 -1.8838509391061962 1.2197897542500868 -1.0507188977207989 0 0 -0.42956893472000957 1.234535515657626 0.10516913048923016 0 0 -0.6305816271342337 2.047141057206318 -8.696054785745218 0 0 -2.2383978688158095 -0.07277157995849848 -3.3384064317215234 0 0 2.4003241234458983 2.4471931075677276 -4.566004449501634 0 0 1.2918262900784612 0.629897890612483 2.4110205012839288 0 1 2.4113708711229265 -0.292596427956596 -1.8337938061449677 0 0 -2.3701628940179944 1.9326922392938286 -12.563438445329666 0 0 -2.994057936128229 1.3648836980573833 2.4464119209442288 0 1 | 0
COLL 1 -2.2 0 1.55 1.4796481302008033 | -0.9670732403174043 2.8171464354963973 -10.359725716523826 0 0 | 0
COLL 2 0 0 1.55 1.2378410084173084 | 0.3009199951775372 1.7976102060638368 -13.87477258569561 0 0 2.382519491482526 0.850861476152204 -0.7305151226464659 0 0 | 0
COLL 26 2.2 0 0.75 1.4976930694654584 | -0.7679102872498333 0.5873543145135045 -9.741612737765536 0 1 0.21848914632573724 -0.4478275841102004 2.6562689838465303 0 0 -1.6731819603592157 0.25277990382164717 0.15515521471388638 0 0 0.9350456530228257 0.29295728099532425 0.5560079126153141 0 0 -2.9359653778374195 1.4589807948796079 -13.358543140115216 0 0 2.7677328642457724 2.2910987111972645 -13.016529600135982 0 0 0.40322202164679766 0.2388333814451471 1.3479026583954692 0 0 -0.7648193850181997 2.881226771627553 -13.247135770274326 0 0 1.010497771203518 0.1616904438706115 2.85787210194394 0 0 -2.730645411182195 2.7660839844029397 -2.9970101329963654 0 0 -0.8968640263192356 1.1972236465662718 -3.0282543562352657 0 0 -1.6380566507577896 2.3250777921639383 -11.148919721599668 0 0 -2.2879492761567235 -0.43153528682887554 -5.905868765199557 0 0 -1.0854132757522166 2.9067085188580677 0.43087845388799906 0 0 -1.4891919982619584 2.0481148591497913 -4.282370418775827 0 0 2.4225742612034082 1.0538848337018862 1.954669588478282 0 0 2.065036991145462 1.1695489684352651 -0.156430329894647 0 0 -1.477712540421635 2.802806053776294 -10.478347205091268 0 0 1.3264527199789882 0.34444773523136973 -9.207652042387053 0 0 -2.8907703291624784 2.5924299363978207 -12.217153744539246 0 0 0.7150769610889256 0.1451935429358855 -10.422463168390095 1 0 0.2105368939228356 1.6217992721358314 1.1927279625087976 1 0 2.4177644890733063 1.9314122620271519 2.1977739529684186 0 1 2.982747038360685 0.627589886658825 -3.0089990596752614 0 0 2.332635444123298 0.015513671678490937 -12.106624040519819 0 0 -0.2817312525585294 1.7172680876683444 0.8107781736180186 0 0 | 0
COLL 13 1.4684083038009703 0 1.55 1.254999996116385 | -1.9608020768500865 0.32757201488129795 1.411202080314979 0 0 1.6040022787638009 0.7467759853461757 -6.279478258918971 0 0 -1.0895468462258577 2.985528673278168 -11.908540851669386 0 0 0.4244938977062702 0.06315405096393079 -8.628626252058893 0 0 2.224080133717507 -0.2119789825519547 -0.004324606619775295 0 0 0.08204510109499097 1.0000424813479185 -2.05294152488932 0 0 -1.8217006302438676 -0.2721323409350589 -1.8183604157529771 0 0 -1.5064903856255114 1.3276276639662683 -2.5363093006890267 0 0 -0.1781566170975566 1.2899315131362528 -7.313547107856721 0 0 1.2136783562600613 1.9492195558268577 -12.013879927340895 0 0 -0.22632620902732015 2.697082367958501 -0.06461006193421781 0 0 -1.6231902432627976 -0.10462988109793514 -6.654149138601497 0 0 2.903915005736053 1.9540337874786928 1.3855742367450148 0 0 | 0
COLL 4 -2.2 0 1.55 0.8295854585710913 | -0.9810354416258633 2.8590293165761977 -0.8248305860906839 0 0 0.6595364310778677 2.822147976839915 -11.544752437621355 0 0 -0.686347499024123 2.4712238195352256 -9.914221341488883 0 1 0.08023639256134629 2.8715509173925966 -12.103007438126951 0 1 | 0
COLL 1 0 0 0.75 1.5051039978396148 | -0.6401944253593683 0.8129660951672122 -3.4591564987786114 0 0 | 0
COLL 26 2.2 1.2548602340742947 0.75 1.0454711387399584 | -1.3141277083195746 1.6784352121176198 -2.509787012822926 0 0 -2.339146845974028 2.3435655750799924 -4.516630662837997 0 0 -0.7900557462126017 0.05480090610217303 -12.667891899356619 1 0 0.9701301176100969 1.815176767297089 -4.384499280247837 0 0 1.9639993482269347 0.7176693750079721 -11.302821260178462 0 0 1.959691024851054 0.21815390058327466 -10.189401427516714 1 0 1.052733710501343 2.228697917656973 -9.176718733506277 0 0 -0.5633131074719131 -0.4540335477795452 -10.792756975861266 0 0 -1.6104392353445292 1.9455225253477693 -6.338789474219084 0 0 2.2996906614862382 1.2126415646634996 -2.2951322838198394 0 0 -2.985542126465589 -0.4609238860430196 -3.934757483424619 0 0 0.00021908478811383247 0.795261767343618 -0.3992584333755076 1 0 -1.6894496600143611 0.5577264666790143 -2.32041258062236 0 0 -1.1592091689817607 1.96320168802049 1.453617486404255 0 0 -0.4478747025132179 1.2273990843677893 -4.0068453112617135 1 0 -1.0004862556234002 2.6894196989014745 -1.1345838808920234 0 0 -1.7270640498027205 1.0242508325027302 0.4019325135741383 0 0 -0.7762772608548403 1.0349445572355762 -6.953736458905041 0 0 2.04782552132383 -0.18625581660307944 -5.93995426222682 0 0 -0.4977740957401693 1.3485367245739326 2.6742043499834836 0 0 -2.8968983204104006 2.4640630510402843 -7.261010058224201 0 0 2.396841722074896 2.317048531374894 -4.154053136939183 0 1 1.1768602402880788 2.841931956121698 -5.181595440255478 0 0 2.719554770272225 0.44862011389341205 -1.5036045666784048 0 0 1.7389151179231703 2.599370992043987 -6.920594637282193 0 0 0.5161478784866631 0.2689913231879473 2.9413695577532053 0 0 | 0
COLL 24 -1.529825936537236 0 1.55 1.1514961302280426 | -2.690973544958979 2.428918140125461 -2.0184520818293095 0 0 2.6277736695483327 -0.2216778986621648 -11.288907910929993 0 0 -2.827670111786574 1.4765631889458746 2.639045192860067 0 0 1.0861287508159876 0.2834331535268575 -6.407658043550327 1 0 -2.198291201144457 2.2898976609576494 -10.494326463900506 0 0 1.0343477753922343 0.5233852376695722 -4.22320677805692 0 0 2.2032853178679943 0.03485094243660569 -6.25440537952818 0 0 0.4171414808370173 -0.2575563630089164 -0.2668363624252379 0 0 -1.4741850807331502 1.2796471407637 -11.45785796805285 0 0 -1.8650525375269353 0.23047031182795763 0.24235565098933876 0 0 0.007216251455247402 -0.12090658349916339 -8.349399683997035 0 0 -2.0855633500032127 -0.09631949686445296 -5.44813965447247 0 0 2.398264509625733 1.31143006705679 -1.1152615456376225 0 0 2.6085543762892485 2.887605039286427 -10.93085108161904 0 0 2.4579399791546166 -0.2512690854491666 2.7918567401356995 0 0 2.395459377206862 1.4490145647432655 -9.218524913536385 0 0 -1.036535291466862 2.8724249445367604 -3.517542004585266 0 0 1.0411417577415705 1.440773359616287 -10.8592988983728 0 0 -0.4432128961198032 1.8200012187007815 -3.223251714836806 1 0 0.1767800571396947 1.3693066642154008 -5.749311592662707 0 0 -2.8075295998714864 2.771455550682731 -5.731245691655204 0 0 2.0947598945349455 1.3875863255234435 -10.474872584454715 0 0 2.51369838276878 1.7212910077068955 -12.337914914125577 0 1 1.7919276840984821 0.663502394570969 0.9581136605702341 0 0 | 1 9
COLL 16 -2.2 0 1.55 1.0265822135377676 | 2.9863342121243477 1.8447850777301937 -3.815692147007212 0 1 1.610632915981114 2.9795102474745363 -5.62451591831632 0 0 1.4915700335986912 1.33530494349543 0.4577052004169673 0 0 -0.7939809439703822 -0.07503197947517037 -10.353944663191214 1 0 -1.301558239851147 2.0619851485826075 -12.005672011524439 0 0 -1.5450928760692477 0.5684068709379062 2.198734177276492 0 0 -1.354803141206503 -0.46493460854981095 -12.654093933291733 0 0 2.9656748324632645 0.40719342115335166 -6.848390222992748 0 0 -0.029264037497341633 2.165909008239396 -7.716354832518846 0 0 -1.692683458328247 1.843389673740603 -0.7335356003604829 0 0 2.4420232088305056 0.7828232512110844 -10.918790378374979 0 0 -0.3181729051284492 1.1574167083017528 -1.7332831828389317 0 0 -0.5984044172801077 -0.10185955336783081 -8.168893603840843 0 0 2.630916841328144 1.0114101726794615 -11.29386943532154 1 0 1.0207394971512258 1.9950958165572956 1.7064381036907434 0 0 0.3306135842576623 1.509496342157945 -9.23361621145159 0 0 | 1 9
COLL 14 0 0.908419182524085 0.75 1.459155617468059 | -2.2563211424276233 0.8843640751438215 -5.4676314210519195 0 0 0.04934551985934377 1.011097929556854 -0.21978604816831648 0 0 2.113025021273643 -0.09216885396745056 2.1397618919145316 1 0 -1.533564432989806 0.5519474899629131 1.5436865114606917 0 0 -0.09076554654166102 1.463468358735554 -1.9533128461334854 0 0 -2.7383315158076584 0.6737967430381104 1.492867935448885 0 0 2.2734725140035152 0.520262359874323 -13.965484544169158 0 0 2.914285037666559 1.2600905157160014 -0.581190699711442 0 1 1.5940832658670843 2.118411088595167 -7.929585081292316 0 0 -0.056798226200044155 2.329019818804227 -11.170995171414688 0 0 -1.8994070501066744 2.98003490595147 -0.39385276823304594 0 0 2.071913653984666 0.4708763612434268 -10.211747236782685 0 0 -1.6047226837836206 2.4373122275574133 -8.183140080422163 0 0 -2.3892005109228194 1.560261056292802 -6.176497265463695 0 1 | 1 1
COLL 23 2.2 1.2352961596101524 1.55 0.8447462149895728 | 0.963448841124773 0.8038229376543313 -11.98054775572382 0 0 -0.3344463533721864 2.244440011563711 -4.718751412117854 0 0 0.24769963463768363 2.1302885125624016 -1.9492260981351137 0 0 -1.8234497979283333 0.6628637867979705 -2.189041937002912 0 0 0.9453878779895604 2.234089731122367 -0.19139375793747604 0 1 0.3788668289780617 -0.01899352134205401 -12.073812254937366 0 0 -2.2337869363836944 0.491194935166277 -5.7140002101659775 1 0 1.5183206778019667 1.83945343864616 -6.7254685130901635 0 0 -0.9527226970531046 0.8418137988774106 -10.314917281968519 0 1 -2.741979697253555 0.26322823227383196 -0.04266821453347802 1 0 -0.3178730020299554 0.07963835832197219 -11.691133154556155 0 0 -1.8928579911589622 1.5135889033554122 -8.551504826406017 0 0 0.39010539231821895 2.7466490543447435 -10.599902282701805 0 0 -0.6506570815108716 -0.13159902475308627 -3.806440751766786 0 0 -0.21231939923018217 0.09725330304354429 -4.9625336562749 0 0 -0.6149590406566858 2.0438166667008772 -5.0961676959414035 0 0 1.413550210185349 0.1750220633111894 -13.229181595146656 0 0 -2.240242446307093 0.15412061230745167 -8.425197996897623 0 0 2.891318628564477 1.8880995764629915 -6.573410956189036 0 0 0.19594627059996128 -0.30795749241951853 -12.549049638677388 0 1 2.6469781952910125 2.38333236775361 -4.588704292895272 0 0 0.46423590229824185 2.925103756831959 -5.543363348348066 0 0 1.253308148123324 2.7122865138808265 1.053246954921633 0 0 | 0
COLL 3 2.8259267932735384 0 0.75 1.2461031120736152 | -1.4578491188585758 0.9920030040666461 -3.5671031014062464 0 0 2.072695246897638 0.6082922627683729 -9.064618771662936 0 0 2.3838941319845617 1.0395561149343848 -13.061386205023155 0 1 | 0
COLL 1 -2.2 0 1.55 1.075419948855415 | 0.9237928041256964 -0.09941221168264747 -5.974218290299177 0 0 | 0
COLL 0 0 0 1.55 1.402119825547561 | | 0
COLL 10 2.2 0.9289488358888776 1.55 1.6385987328365446 | 1.8520791535265744 -0.36927166336681694 -3.983455698005855 0 0 -0.7619343562982976 1.4700415302067995 -11.008891246514395 0 0 2.716053193900734 2.8137457207776606 -6.617300271522254 0 0 -1.2798391599208117 -0.3442451445152983 -11.060960913309827 0 0 -1.306082932278514 2.5600210333941504 -9.539700411260128 0 0 -2.4243984259665012 1.2580408829962835 -5.7544897608459 1 0 -1.6436493401415646 -0.4768892441643402 0.12781875324435532 0 0 -2.043711786624044 0.498662680038251 -13.472998413490131 0 0 2.811882765032351 0.05746700393501669 -2.8281964133493602 1 0 0.8366406038403511 2.9471117386128753 -4.668070899322629 0 0 | 0
COLL 13 -2.1953193861991167 1.2052635637577624 0.75 0.9806369351688773 | 2.0044351844117045 2.149968797340989 -4.064423471223563 1 0 0.8795832158066332 0.9534203091170639 -9.310890341410413 0 0 1.8231943203136325 1.7330115612130612 1.9948110699187964 0 0 1.097885973751545 2.345367532223463 -9.989973253337666 0 0 -0.6684592100791633 2.274707099539228 -9.952529108617455 0 0 1.7515957807190716 1.209778623539023 -5.774924949510023 1 0 1.6945507731288671 0.9778095982037485 -7.485225893557072 0 0 -0.6507021719589829 -0.228923533228226 -10.196884496603161 0 0 0.5874599399976432 0.08926357177551836 -2.6869687265716493 0 0 -0.8580398107878864 2.5818135023582727 -6.269317916827276 0 0 -1.3937362027354538 1.1961575327441096 -8.884480270324275 0 0 -0.605000773910433 0.48254000896122307 -4.973614071495831 0 0 0.046251095831394196 0.03281971032265574 -2.591057962272316 0 0 | 0
COLL 24 -2.2 0 1.55 0.8832899548113347 | -2.5050062388181686 2.912522640894167 -4.267030705232173 0 0 -1.534710061736405 -0.34397874888964 2.1298734608571976 0 0 -0.18393609300255775 -0.2130887998500839 -11.208539373474196 0 0 -2.8300086432136595 2.9754509621998295 1.1074300485197455 0 1 2.800679215695709 0.5690872858976945 -13.995749152265489 0 0 2.2221510484814644 2.1233764146454632 -12.571819683304057 0 0 2.8646893654949963 2.300867486046627 0.49323388771153986 0 0 -1.0706494208425283 1.9124768880428746 -8.693385547725484 0 0 -0.4850662490352988 1.607994616148062 -12.37828200054355 0 0 -0.17107955552637577 1.0050647897878662 0.8283250066451728 0 1 -2.662757759448141 2.6478528999723494 -10.911091445246711 0 0 -0.5458852224983275 0.27219710883218795 -6.85051390924491 0 0 2.6412811623886228 1.3808700628578663 -13.610395699972287 0 0 1.8171657733619213 0.7417973820120096 2.828819696092978 0 0 -2.089819420594722 0.07678387104533613 -6.345121248625219 0 0 0.46450917748734355 0.9682048837421462 -6.542490950552747 0 0 0.9302947092801332 0.5143873919732869 0.04338386398740113 0 0 -2.837598593439907 -0.32531752926297486 -11.497347693424672 1 0 1.99179130140692 1.4495605843840167 2.3752403664402664 0 0 -1.0721303089521825 2.5128459099214524 -6.694473710842431 0 0 2.231260594446212 -0.2810291479108855 -11.990796067053452 0 0 -0.1999460211955011 1.6899805752327666 -3.258446815656498 0 0 -0.07771226204931736 2.1222186750965193 -4.092702697729692 0 0 -0.5410880860872567 2.2602845857618377 -0.9490194250829518 0 0 | 0
COLL 0 0 1.372091692266986 1.55 1.5851389518473298 | | 0
COLL 14 2.2 0 0.75 1.048330899514258 | 1.6668548192828894 -0.21644018741790205 -12.475764008238912 0 0 0.5300172865390778 0.10500006726942956 0.3603025965858251 1 0 1.269642029888928 1.4541658175876364 -11.536479810485616 0 0 -1.6095063448883593 1.9838683846173808 -0.17186130583286285 0 0 -0.7860681284219027 1.156456506345421 -4.266104900743812 0 0 0.6412343010306358 1.1923424140550196 -5.155779107008129 1 1 -0.5073880255222321 2.992072562687099 -7.869908753084019 0 0 -1.1371995261870325 -0.3733115456998348 -12.15998447034508 0 0 -2.6203602072782815 2.8486910527572036 -4.9135511259082705 0 0 2.0233808029443026 0.6099736250471324 -4.234983023023233 0 0 -0.8217201414518058 1.8903265199624002 -4.080369002884254 0 0 -0.926922042388469 -0.2919348772848025 -2.5392506951466203 0 0 -0.7870861105620861 0.821081004338339 0.008763304213061929 0 0 0.34407931845635176 1.6478857131442055 -4.649702320806682 0 0 | 0
COLL 28 -1.0584063702262938 0 1.55 1.5921512464527041 | 2.5888595734722912 1.3724270899547264 -4.529164785053581 1 0 -2.604512959253043 2.620227164356038 0.08255486167035997 0 0 1.9488497483544052 2.6836870635161176 1.0617960647214204 0 0 0.7561806044541299 2.3521641936386004 -9.223575487732887 0 0 -0.56403783056885 1.958605850697495 -11.959742051316425 0 0 -0.2452311529777944 0.4588651987724006 -4.1321891497354954 0 0 2.288203451782465 2.5483852074248716 -11.535808588378131 0 0 -0.8195172417908907 0.6928416095906869 -4.162652269471437 0 1 -2.0761898579075933 0.8761343088699505 -12.317951964912936 0 0 0.2506677699275315 0.23423310776706785 -0.7006895255763084 1 0 -1.1641868934966624 -0.10202543996274471 -7.739348475355655 0 0 1.3124272408895195 1.2052049736957997 -11.801196112995967 0 0 0.8710624692030251 -0.40745653363410383 -12.122662904672325 0 0 -2.3162604002282023 0.2807290639029816 -13.67650594189763 0 0 -1.6869544079527259 0.5985397094627842 0.025089310249313712 0 0 0.22542220819741488 1.7439970137784258 -3.664375954074785 0 0 -0.8493230743333697 2.2008936611237004 -3.888141339411959 1 0 0.12781841028481722 2.3511441342998296 -9.657810075208545 0 0 1.7500666310079396 0.8226829253835604 -13.129206925164908 0 0 0.10756508214399219 0.7836249170359224 -0.872311310376972 0 0 2.77026512240991 2.553859566920437 -11.148675410542637 0 0 0.8126882091164589 1.3033471478847787 -1.2513032904826105 0 0 2.9287352124229074 1.9846841312246397 -13.837644394021481 0 0 0.9784796303138137 -0.4960379209369421 -4.45035462314263 0 0 -2.179777190554887 1.3782420920906588 -4.354288795497268 0 0 0.8863781439140439 0.809879525564611 -1.1912869319785386 0 0 -2.6701817284338176 1.15958184923511 0.772559012984857 0 0 -2.9254326168447733 0.5910494454437867 -3.3668253601063043 0 0 | 1 14
COLL 13 -2.2 0.5335571366362274 1.55 0.943933110171929 | -0.18691376969218254 0.05748027469962835 -2.0669089856091887 0 0 0.6873840023763478 2.8652348613832146 2.094110769452527 0 0 2.3411835548467934 0.37067373644094914 1.7944207636173815 0 0 -2.515841629821807 2.0639932194026187 -8.854949565138668 0 0 -1.4260431826114655 2.659803178277798 -6.745091333054006 0 0 -2.4859198182821274 2.3100131404353306 -7.683345497120172 1 0 -0.8855444127693772 -0.35724970744922757 -3.708269611466676 0 0 0.27736113918945193 0.6764321848750114 -0.15032481355592608 0 0 1.4060411341488361 1.8697534928796813 1.766170573886484 0 0 -0.004754839930683374 0.4615981850074604 -10.636356410337612 0 0 -2.746744943317026 1.1111142412992194 -4.212913577677682 0 0 -2.3212574659846723 1.2672619383083656 -10.975447669625282 0 0 -0.5863439957611263 2.850276675657369 -11.767519355285913 0 0 | 0
COLL 18 0 0.3565547745209187 0.75 0.9544297919608653 | 0.405197711661458 2.4678866651374847 1.4708884027786553 0 0 -2.9894477888010442 1.0057401751400903 -1.5710801426321268 0 1 1.8946404098533094 -0.49228517280425876 -0.20087786298245192 1 0 2.063840276096016 1.2920820338185877 -9.695803864393383 0 0 -0.1893538422882557 2.8322092349408194 -13.966792897088453 0 0 1.0221714559011161 -0.15987637487705797 -1.469844617182389 0 1 -0.055194506887346506 2.7671460057608783 -6.591735168127343 0 0 -2.73489209683612 0.08684748830273747 -11.381343088811263 0 0 -0.2594028990715742 2.106061442173086 -9.110158571973443 0 0 -1.7734227371402085 2.717428574571386 2.7777809456456453 0 0 -2.8801045487634838 0.7471115372609347 -8.836810070788488 0 0 2.0273666284047067 2.980433364631608 -7.540403405670077 0 1 -1.4630283345468342 0.7094437321648002 0.8449482952710241 0 0 -0.9590664971619844 1.3415830362355337 -7.476485879626125 0 0 1.5978327146731317 1.9454436341766268 0.6136606791988015 0 0 -1.0008193608373404 2.8971591944573447 0.5048771754372865 0 0 0.32587801152840257 -0.3318227179115638 -12.618078820640221 0 0 -2.0310919038020074 2.559665421722457 -0.5215351674705744 0 0 | 0
COLL 2 2.2 0 0.75 1.6211783417500556 | 0.8360226228833199 2.220912821823731 1.8317946002352983 0 0 0.33519729087129235 -0.08783405751455575 1.6348730446770787 0 0 | 0
COLL 14 0.27749844873324037 0 1.55 1.168547891965136 | 2.440261102281511 1.4227537889964879 -1.6994555098935962 0 0 -1.9408094580285251 -0.23568578029517084 -6.422483003465459 0 0 2.640147761441767 1.6097945702495053 -10.769959054188803 0 0 -1.6009615687653422 1.2662565595237538 -9.939509467454627 0 0 -2.76173010841012 0.2316216347971931 0.37835449376143515 0 0 -0.07354225544258952 1.5178330910857767 -9.89429505635053 0 0 -0.8695136527530849 1.3954642963362858 -3.3650054160971195 0 0 -2.8040890214033425 -0.4481616667471826 -2.0150528436060995 0 0 -1.2692292951978743 2.567214048583992 2.017860969528556 0 0 0.5538561372086406 -0.3726233060006052 -9.025844148127362 0 0 -0.4863352831453085 0.7888002251274884 2.789674362866208 0 0 -2.561557909939438 -0.37050137715414166 -13.585866816807538 0 0 0.44004179863259196 2.1247764269355685 -5.7832273377571255 0 0 1.6571337506175041 2.524930186686106 -6.5504505932331085 0 0 | 0
COLL 5 -2.2 1.2483132095541805 1.55 1.5625954169780016 | 1.759583204984665 1.668484234600328 2.177228063577786 0 0 -1.9705136069096625 0.20450677839107811 1.4181647791992873 0 0 2.4517208808101714 2.1341513408115134 0.20401023817248642 0 0 -2.8795940559357405 0.7046418316895142 -8.89164944854565 0 0 -1.690456631127745 2.672967637423426 -2.172135413158685 0 0 | 0
COLL 10 0 0 1.55 1.3795304351486266 | -0.5642505255527794 1.2900889328448102 -3.6306474953889847 1 0 0.8179111098870635 0.6221375573659316 -8.894076782045886 0 0 -1.2034345683641732 -0.20852427533827722 -4.499103030655533 0 0 -2.6072182841598988 1.8315497575094923 -0.7524344008415937 0 0 -1.3892362578772008 2.1012513583991677 -8.123145234305412 0 0 1.361608355306089 0.8968032179400325 0.3805076719727367 0 0 -0.03022634983062744 1.1288095049094409 -1.183282344834879 1 0 1.5816676625981927 0.17388500773813576 -4.812989094527438 1 0 -0.59294014563784 2.2905246424488723 -3.344479637918994 0 0 -0.5037302607670426 2.0063568014884368 -1.2249884873162955 0 0 | 1 6
COLL 29 2.2 0 1.55 0.9839116655755789 | -2.9899689154699445 2.9454561673337594 1.4662215486168861 0 0 2.7018209360539913 -0.023521612980403006 -11.300237390911207 0 0 2.32271128334105 -0.3388295422773808 -10.959531645756215 1 0 -2.409946544095874 1.1156276694964617 -6.5251722952816635 1 0 -1.7486809948459268 -0.16454495245125145 -11.626461737090722 1 0 -0.4083747686818242 -0.39267551770899445 -3.0579621279612184 0 0 0.23135119071230292 1.4462406864622608 -13.804446521447971 0 0 2.962388641666621 0.09055969316978008 -3.717646625591442 0 0 -2.065565291326493 -0.06466599658597261 -0.2974566670600325 0 0 -0.5418529962189496 0.6026245013345033 -10.926499741151929 0 0 -2.688006524462253 1.0151623919373378 2.791342552518472 0 0 2.4676833297125995 0.5862464334350079 -10.812028856948018 0 0 -2.2461629142053425 2.0862139392411336 -0.02612630487419665 0 0 -1.492617858108133 2.4755061343312263 -1.203685500426218 0 0 1.4304657890461385 -0.3206536724464968 -0.15034660696983337 0 0 -0.07006758498027921 0.31492096360307187 -13.506914966041222 1 0 -1.6182680977508426 0.0953762864228338 -6.129400811390951 0 0 -1.6739133456721902 0.30465693213045597 -8.280350145418197 0 0 -1.4822582742199302 0.4301960290176794 1.0779477392788976 0 0 -0.7667605485767126 -0.22813036118168384 -2.654552392894402 0 0 -1.0469166697002947 0.02777111460454762 -3.7580170407891273 0 0 -0.18128070328384638 1.9658093260368332 -1.5060528703033924 0 0 2.738804421387613 0.3594497605226934 -10.837725219549611 1 0 0.8680687355808914 1.9098472939804196 -1.4349619150161743 0 0 -1.246111043728888 0.03365211852360517 -6.829103605821729 0 0 1.9723760560154915 2.3360918145626783 -8.12398250750266 0 0 2.9099814263172448 0.8984116378705949 -12.397438688436523 0 0 -2.927036223001778 0.04962911596521735 -12.194929849356413 0 0 -0.903171245008707 1.0554452751530334 -0.7625375282950699 1 0 | 0
COLL 0 2.5077130808494985 1.7562629530671985 1.55 1.3458606106694788 | | 0
COLL 10 -2.2 0 0.75 1.3658319995272905 | 1.685375418048352 -0.28896479052491486 -9.808571584988385 0 0 1.5218647113069892 0.5916372641222551 -5.982029744889587 0 0 0.3475311901420355 2.8465638571651652 -8.260633434867486 0 0 2.800047320779413 -0.3655697589274496 -12.970022185705602 0 0 2.6240630806423724 2.0353846029611304 -7.810570800676942 0 0 2.474733986891806 2.2670418423367664 -9.525964389787987 0 0 -1.9575671539641917 1.0524014751426876 2.2193009378388524 0 0 -1.2484185216017067 1.7000555922277272 -1.592431576922536 0 0 2.9238892891444266 2.530444279429503 -5.1576562656555325 0 1 0.9192647114396095 -0.23131109250243753 0.033420533407479525 0 0 | 0
COLL 22 0 0 1.55 0.8331774116493762 | 0.6134909405373037 1.5382975806714967 -13.021500738803297 0 0 -2.582573981489986 0.732597733498551 -4.407834216021001 0 0 0.3544796244241297 2.6174456080188975 -2.6585307912901044 0 0 0.2888311855494976 0.8940600714413449 -4.764369844458997 1 0 1.3034088690765202 -0.07533248141407967 0.24509005551226437 0 0 -1.56042120186612 0.29172467021271586 -1.217765348032117 0 0 -1.7250772034749389 1.0460247998125851 -7.880813059629872 0 0 -2.6206409367732704 1.5373322105733678 -13.958097586175427 1 0 2.361165849957615 0.768103881389834 -12.129687821259722 0 0 1.9391167145222425 0.40282959036994725 -9.531129124108702 0 0 -1.6936868322081864 2.9558721382636577 -10.455870405770838 1 0 -2.0340148005634546 0.84002398874145 -10.384203294524923 0 0 -0.3481921129859984 1.449803940136917 -13.866254452150315 0 1 -0.5819450514391065 1.6862120260484517 -12.460681263823062 0 1 -1.359657032880932 2.2687820865539834 -12.245116309495643 0 0 2.048739338759333 2.2002746559446678 -2.611713867634535 1 0 -1.6956665008328855 0.07187595032155514 -12.929049479076639 0 0 -2.3035672595724463 2.724676657933742 -0.8030984399374574 1 0 1.6204713159240782 0.8437577862059698 -11.489978570723906 1 0 0.8779019010253251 1.983890506089665 -3.5596195335965604 0 0 1.8451454965397716 1.3540317786391824 -0.733216670807451 0 0 -0.3274732860736549 1.8026361636584625 -8.070017929887399 0 0 | 0
COLL 17 2.2 0 1.55 1.3001061777584255 | -2.6352287172339857 2.7390122757060453 -11.477061876328662 1 0 1.3269194927997887 2.9387753792107105 -8.040500468574464 0 0 -0.7165932403877378 0.37785851617809385 1.8935574914794415 0 0 -2.8616050332784653 2.5086816906696185 -8.74999970337376 0 0 -1.7190590458922088 -0.04712363239377737 -8.272446434944868 0 0 -1.37800181703642 0.761681318632327 -11.878118417458609 0 0 2.080439540091902 1.0958430684404448 -11.598918214440346 0 0 -1.4093749886378646 2.8400687456596643 -1.5921107118483633 0 0 -0.24299026653170586 0.9598430731566623 -8.57159134815447 0 0 1.7084910194389522 0.8156616877531633 -0.23898609727621078 1 0 1.2302126088179648 0.6312680471455678 0.658661506138742 0 0 -1.981617534533143 2.623274375568144 -2.251495354110375 0 0 0.8497966323047876 0.4168086829595268 -3.3758683998603374 0 0 -2.625154282897711 1.144657068187371 0.9020366298500448 1 0 2.3646794809028506 1.3505619940115139 0.3817282773088664 0 0 2.4404634763486683 1.6605163314379752 -6.486683368915692 0 0 -0.6781636141240597 1.2739405677421018 -2.671395749086514 0 0 | 2 9 14
COLL 16 1.6815841114148498 0 1.55 1.6535633545834572 | -1.1835834248922765 1.4328950343187898 -2.111454961122945 0 0 2.253317347727716 1.4167467058869079 -9.15317043918185 0 0 -0.5780439334921539 1.8322857646271586 -10.980786822503433 0 0 0.9801322622224689 -0.4019792029866949 -12.405473753111437 0 0 -1.4151043281890452 2.990207988070324 -3.7214505143929273 0 0 2.0712430416606367 2.140265268855728 -12.957847294630483 0 0 0.28155392361804843 -0.04830159631092101 -8.361130244331434 0 0 1.5647978503257036 2.746951990411617 0.38314514607191086 0 0 0.8873843117617071 2.6242646052269265 2.250432378379628 0 0 2.907015171367675 -0.16919012344442308 -9.651922160526738 0 0 -1.8565788944251835 2.5060159905115142 -12.250935380579904 0 0 1.0305197141133249 2.175066879717633 -6.196257796371356 0 0 0.7155227609910071 -0.36809558025561273 1.7041027965024114 1 0 -1.0299695930443704 1.6212954524671659 -4.330994996475056 0 0 -0.6829831525683403 2.063705927110277 -6.58203399181366 0 0 1.7625941676087677 2.137599288369529 -13.299850658280775 0 0 | 0
COLL 13 -2.2 0 0.75 0.8713796513155103 | -0.4202011004090309 2.221302492544055 -3.0418566605076194 0 0 0.8309020260348916 -0.25918415654450655 -10.406091667711735 0 0 -2.480079053901136 2.113756630104035 -12.824449218343943 1 0 0.15660707233473659 2.1958394531393424 -6.692296669119969 0 0 2.847624539863318 2.1141691646771505 -10.405495725106448 0 1 2.5399002162739635 0.48284635215532035 -8.270412693032995 0 0 1.5967378467321396 2.547845511464402 0.28020633035339415 0 0 0.9184783101081848 1.8009938411414623 -5.725590364076197 0 0 -2.9251660988666117 2.1559744722908363 -12.266777815064415 0 0 2.7068102709017694 1.1190653492230922 -13.3227610103786 0 0 -1.4579544514417648 2.5737526785815135 -7.454686382086948 0 0 1.7828885335475206 2.6193041710648686 -12.112306077498943 0 0 0.39543754141777754 1.281151196337305 -13.459881430258974 0 0 | 0
COLL 10 0 0 1.55 1.6288924042135478 | 1.168549397494644 0.5523181228199974 -13.49358646478504 0 0 0.5114230792969465 -0.40948822209611535 -11.779361229855567 0 0 1.363341299816966 2.5530437706038356 -8.304058692185208 0 0 -2.5377295897342265 1.7508099497063085 -0.1564210441429168 0 0 -2.0165307484567165 2.031896407948807 -10.153257782803848 1 0 -2.5870731356553733 2.6574400450335816 0.2576218780595809 0 0 -1.3745681676082313 1.6437992384890094 -8.609053747728467 1 0 -0.6610741876065731 0.4989666803739965 -2.8265489048790187 0 0 -1.332789456937462 0.8873018695740029 -8.285195617703721 0 0 2.11003022454679 2.55509058048483 -4.060129143530503 0 0 | 0
COLL 5 2.2 0 1.55 1.4578156661707908 | 2.5892884922213852 1.7033722623018548 -6.80676860618405 0 0 -0.5189761756919324 1.846782126929611 1.2457193252630532 0 0 2.393861923366785 0.00947317574173212 -8.520231004338712 0 0 -2.7963351965881884 0.5512966504320502 -11.617662869859487 0 0 0.30268472665920854 0.11542541452217847 -2.179723324952647 1 0 | 0
COLL 3 2.7489625364542007 0 1.55 1.6483360284008086 | 2.3616530201397836 0.33143367536831647 -8.318163855932653 0 0 -2.9935257439501584 -0.45706252136733383 1.4964933367446065 0 0 2.9559858231805265 0.04449232283513993 -10.062695694621652 0 0 | 0
COLL 11 -2.2 0.08139243847690524 0.75 1.7222339261323214 | -0.5154770803637803 1.0304075586609542 -6.439745686948299 0 0 -0.10466587822884321 -0.47342482733074576 -7.3636707328259945 0 0 0.9953656392171979 2.4092604478355497 -4.991493885405362 0 0 -1.4099840987473726 -0.4283622824586928 -5.226732719456777 0 0 -1.8819367373362184 1.9574556873412803 -11.210153131047264 1 0 -0.16475691692903638 2.175355633138679 1.3317618092987686 0 0 -1.0092309261672199 2.5343931961106136 -4.687470144825056 0 0 -0.1122230663895607 0.32760693854652345 1.4339040729682893 0 0 1.5176083529368043 1.2542066278401762 -9.706897206837311 0 1 1.9389351555146277 1.4901948124170303 -1.458907786756754 0 1 -0.5808380995877087 2.073841114412062 -9.76455712178722 0 0 | 0
COLL 16 0 0 1.55 1.4191262600477785 | 1.3231471725739539 -0.2663581835804507 -1.9047036655247211 0 0 -2.687132589519024 2.7764554695459083 -10.177122085588053 0 0 0.4145334963686764 0.8540453587193042 -4.287685985211283 0 0 2.858459210023284 1.328123667044565 -1.3908755367156118 0 0 2.3501204196363688 1.4361619901610538 -2.22404161747545 0 0 2.429995429236442 2.2937071315245703 -9.249152631731704 0 0 0.7596622570417821 2.0550252954708412 0.7049187871161848 0 0 2.2813427885994315 0.8628450067481026 -13.913334891665727 0 0 -0.6629433380439878 0.7259581601247191 -10.303752562729642 0 0 0.3512651030905545 2.2448845548788086 -6.77969708153978 0 0 2.8961800960823894 2.172955664456822 -9.626441194908693 0 0 -1.0872313440777361 2.348869196837768 -8.972736697643995 0 0 -0.2900307406671345 0.7079022609395906 -2.1764582393225282 0 0 0.2837532958947122 0.31244123831856996 -2.1848753180820495 1 0 1.7995466119609773 2.2785277392249554 -13.121206984855235 0 0 0.07856275560334325 2.5380264120176435 -8.212322312640026 1 0 | 0
COLL 16 2.2 1.6455210090614856 1.55 0.8307617753278465 | -0.34453954081982374 -0.17017722793389112 -0.4767874306999147 0 0 0.04627022333443165 -0.4733518564607948 -5.042474918533117 1 0 2.260964901186526 -0.4134814306162298 -7.9027948919683695 0 0 1.844899578485638 -0.13014017941895872 -13.36440960969776 0 0 -2.1360016660764813 1.96042969787959 2.330064903246239 1 0 -2.3904543919488788 -0.20425430475734174 -8.741825625533238 0 0 1.3728907420299947 -0.06297585042193532 -7.630487479502335 0 0 -1.9402254042215645 0.3193371912930161 -13.821170176146552 0 0 -2.239852942060679 1.7413738436298445 -0.49237336311489344 0 0 -2.5259717227891088 0.31193422013893723 -8.692460313206539 0 0 -2.757788779679686 1.8616872410057113 0.5392748811282218 0 0 1.714342040475458 2.8818158191861585 -9.183631785679609 0 0 2.8310015914030373 2.9389733992284164 -4.08599197678268 1 0 0.9144977498799562 2.501753734657541 -8.783929911442101 1 0 1.8747642212547362 0.14407635643146932 -5.888247396796942 0 0 2.5226602451875806 1.0242511682445183 -0.04518772871233523 0 0 | 0
COLL 30 -1.8028684579767287 0 0.75 1.0720589735545218 | 1.2209505247883499 -0.2501938194036484 1.1778506920672953 0 0 -0.7274403590708971 -0.19519809377379715 -4.0507706217467785 1 0 2.3482182528823614 0.4221128767821938 -0.9727234714664519 0 0 -2.233999416232109 2.978085247683339 -12.32040466601029 0 0 1.689711692277342 1.0213943666312844 -1.4174986379221082 0 0 1.505737238097936 2.060584439546801 -4.710670710308477 1 1 -0.515824272762984 1.78660611982923 -8.210540960310027 0 0 -0.5143114817328751 1.299594491836615 -7.0130435498431325 0 0 -0.7674693292938173 0.6173816486261785 -0.09442003630101681 0 0 -1.4636623794212937 1.0534110515145585 -8.689597447868437 0 0 -0.8178046960383654 -0.4496685932390392 -13.469642215874046 0 0 2.2372695794329047 0.8554332011844963 1.1516917042899877 0 0 2.123862538486719 2.001694119768217 -4.137534041889012 1 1 0.5466267680749297 0.6212041862308979 -12.54393476084806 0 0 -0.8563999976031482 2.554614893044345 0.010755667928606272 0 0 2.264148482121527 1.3948530197376385 1.8224987869616598 1 0 -1.7201331965625286 1.9037412020843476 -6.740395358996466 0 0 -1.5992128495126963 1.616417173994705 -7.10105410264805 0 0 1.4474033410660923 0.17759131593629718 -3.4714391219895333 0 0 0.04399225674569607 1.6944017559289932 -5.907136024907231 0 0 -1.2144565167836845 1.2581934711197391 -12.698616532143205 0 0 2.499749173410237 2.8741226008860394 -4.452312927227467 0 0 1.7104964777827263 -0.37618202716112137 -11.35920489882119 0 0 -0.9985594348981977 -0.08736367512028664 0.1590538292657584 0 0 -1.6117933904752135 1.8665756300324574 -8.108657858567312 0 0 0.9583157538436353 1.8431532968534157 -1.5046910510864109 0 0 -1.7594518773257732 0.21419252641499043 1.2875422204378992 0 0 2.6967382952570915 0.10027350741438568 0.3682210431434214 0 0 -1.7336877258494496 -0.4754347080597654 -3.2150397973600775 0 0 2.5706850313581526 1.2318641323363408 -5.398650266928598 0 0 | 0
COLL 27 -2.2 0 0.75 1.1575632818974555 | -0.7993388548493385 -0.14654556137975305 -9.071670532226562 0 0 2.7666136217303574 0.8036112003028393 -1.575118447188288 1 0 -1.4704932016320527 -0.3410543197533116 -1.5175390443764627 0 0 0.3403300163336098 2.2491544790100306 -4.900381456129253 0 1 1.3500231010839343 2.4687564050545916 -2.8194035664200783 0 0 0.5271193580701947 2.4860063577070832 -3.2763149412348866 0 0 -1.9673935705795884 0.2199400868266821 2.2536609938833863 0 0 -2.3919776994735003 2.6543296076124534 -9.881177150877193 1 0 -1.9144382276572287 0.0711131792049855 -0.20803923183120787 0 0 -2.0120133301243186 0.5290108553599566 -5.757187604205683 0 0 -2.8859415552578866 1.019331727991812 -0.8502221258822829 1 0 0.3587143253535032 2.3834726312197745 -7.662965286755934 0 0 2.2704059374518692 1.8503447531256825 -10.121402960037813 0 0 1.5284662786871195 1.4647456500679255 -0.3573360943701118 0 0 -2.407810617238283 1.6715433483477682 -9.931037457892671 1 0 1.6014307653531432 1.705653600860387 -8.01081861462444 0 0 2.7562788971699774 2.3775390902301297 -10.405533687444404 0 0 -1.933642535470426 1.9365369733422995 -7.219391216058284 0 0 -2.117089510895312 -0.20069344120565802 -2.7546573602594435 0 0 -2.361312826629728 2.5215103827649727 -5.484491001581773 0 0 0.880749081261456 -0.27142554824240506 -10.99445396871306 0 0 -1.3534405762329698 2.3854204771341756 -10.348344705766067 0 0 -1.2861150805838406 1.868890502024442 -7.821259441087022 0 0 -0.5308010224252939 2.8713920455193147 -3.136273004580289 0 0 -2.122944826260209 2.3578291077865288 -5.120303145842627 0 0 -1.3991084983572364 -0.363446656614542 -10.410665814764798 0 0 2.2740130461752415 0.12244176515378058 -4.3049654986243695 0 0 | 2 8 10
COLL 2 0 0 1.55 1.6251987672410906 | -2.6183546385727823 0.7714249967830256 -4.288829981116578 0 0 -0.7271147989667952 1.6817282784031704 -3.01236968068406 0 0 | 0
COLL 11 2.2 0 1.55 1.179085170570761 | -2.4194999844767153 2.9716522647067904 -11.110343566164374 1 0 0.7685570698231459 0.0866653467528522 -6.791569465305656 0 0 -1.0157526056282222 2.977002471452579 -3.5051245123613626 0 0 -0.6041254517622292 2.357142978697084 -4.7536418286617845 0 0 -1.1602240987122059 0.825543355778791 -12.549641409423202 0 0 -2.2326979259960353 0.713790092151612 -5.878740659216419 0 0 -0.141423761844635 1.9852263672510162 1.2308480830397457 0 0 -0.48022046126425266 1.5242495917482302 -11.8452695957385 1 0 0.45001467363908887 2.7571265035076067 -4.354576309444383 0 0 -1.1043286439962685 0.6042126341490075 -3.937099911272526 1 0 -2.2399135418236256 0.4841849791118875 2.1260308695491403 0 0 | 0
COLL 25 1.643287799321115 0.8317200629040599 0.75 1.523794419784099 | 2.48800699878484 2.8437831931514665 -3.721284997649491 0 0 -0.9939414630644023 -0.0655619235476479 -3.871668202104047 0 0 2.3957926402799785 2.6729492474114522 -12.096624782076105 0 1 -0.7554496424272656 2.3262547455960885 -1.913990695727989 0 0 -2.632310500368476 0.8680352651281282 -7.558148437645286 0 0 -1.8938314667902887 2.0846847062930465 -0.507508069742471 1 0 -1.4346450953744352 0.4703115677693859 -11.823451340664178 1 0 0.36279220366850495 1.5669406538363546 1.891547902021557 0 0 -1.4909200561232865 1.6445301825879142 -0.6652490093838423 0 0 0.1993393306620419 2.8654407093999907 -5.257877277210355 0 0 -2.7622329206205904 2.51915385434404 -1.2834396781399846 0 0 -0.529234669636935 0.5595196766080335 -10.405536090023816 0 0 -0.17927485378459096 -0.2099749887129292 -13.956426815828308 1 0 1.0608044969849288 -0.08426517446059734 -13.030680499970913 0 0 1.9561299970373511 2.656863351468928 -9.734030596911907 0 0 -0.7469684584066272 0.2198761475738138 -10.355066913180053 0 0 1.1697163302451372 0.13077574339695275 -4.440829377388582 0 0 -2.7044155918993056 0.5201655382988974 -5.897262417012826 0 0 -0.8297207560390234 -0.13969088916201144 -4.592876358190551 1 1 -2.6398874446749687 2.2111682187533006 -5.823280909331515 0 0 1.401889777276665 1.9823583940742537 -9.234313854016364 0 0 0.165798369795084 2.7348254867829382 -0.5258091108407825 0 0 -2.7105275625362992 1.263257288490422 -6.903224957874045 1 0 -1.3132563242688775 2.043290308327414 -10.820445159915835 0 0 -0.4930825112387538 -0.19364584051072598 -1.875487987184897 0 0 | 0
COLL 19 -2.2 0 1.55 1.2454740709625185 | -1.5824930537492037 0.36672158702276647 -1.6294193621724844 0 0 -0.18609026307240129 -0.4596265610307455 -0.8854981544427574 0 0 0.20810369728133082 1.321666604373604 -11.105526722967625 0 0 0.8706349725835025 0.07757840561680496 -12.868062391411513 0 0 2.520896062720567 2.6508302157744765 -7.712388906162232 1 0 1.1632817247882485 0.5441718380898237 -3.602469197008759 0 0 -0.15615004487335682 0.1200611179228872 -9.100956004112959 0 0 1.1346658430993557 2.145856284769252 -10.280319164739922 1 1 1.8892908599227667 -0.05488698650151491 0.040115136886015534 0 0 2.3720170548185706 2.4812365018296987 0.28507450642064214 0 0 -1.1717377547174692 0.7954185465350747 -11.665471409680322 0 0 0.26347965840250254 2.2657015342265368 -3.59102790011093 0 0 -2.956930180080235 0.4998337042052299 -3.958816490136087 0 0 -0.2713922979310155 0.3212985157733783 -11.260470141889527 1 0 -0.19688473222777247 0.6340970954624936 -4.547759546432644 0 0 -2.6463342499919236 2.433635631692596 -11.785023171454668 0 0 2.3303309460170567 1.5385756245814264 -4.892812349367887 0 0 -2.28407192369923 2.7122892666375265 0.23489436344243586 0 0 2.992437453009188 0.16896374698262662 -0.17825878108851612 0 0 | 0
COLL 7 0 0.4222049443982542 1.55 0.9550444792956114 | 1.2442918927408755 0.2858142554759979 -6.355871596140787 0 0 2.2027272367849946 1.378459977102466 -7.615402922267094 1 0 0.40797519078478217 -0.32853387854993343 -8.870861290488392 0 0 -2.185299748554826 2.574630609131418 -12.46280833822675 0 0 -2.1479745344258845 0.9889813621994108 -0.8515331267844886 0 0 -0.13614899385720491 1.8938895055325702 -7.2524718134664 0 0 -1.7528032050468028 1.5923433795105666 -12.83023205283098 0 0 | 0
COLL 6 2.2 1.432643507514149 1.55 1.637589788949117 | -2.2916902564466 0.5321846803417429 -11.974350161617622 0 1 -2.871713007800281 1.2009367062710226 1.3334382793400437 0 0 -0.6336899525485933 1.6688638493651524 -13.694799466524273 0 0 0.42842815071344376 0.9089438007213175 -9.432963711209595 0 0 2.1308081899769604 1.8377770383376628 -10.76685482263565 1 0 1.0977220153436065 1.2687009365763515 -0.930597368394956 0 0 | 0
COLL 21 0.6134940558113158 1.033607371011749 1.55 1.2747088106814772 | 0.07097157742828131 2.317382710170932 -7.103202230297029 0 0 1.6608372302725911 1.4699455072404817 0.08415226032957435 0 0 2.022263632155955 -0.4340909557649866 -3.098439752822742 0 0 1.6575246308930218 0.7075050246203318 -12.137351178796962 0 0 2.1132313082925975 1.6954340673983097 -12.108850772492588 0 0 2.79630154883489 2.069636377156712 2.168023789767176 0 0 1.6813712026923895 1.8429140131920576 -9.805152750108391 0 0 -0.20544628193601966 -0.42940885317511857 -1.331862993305549 0 0 0.24695060262456536 1.6794644579058513 -7.24713829299435 0 0 -0.745422191452235 0.04107980092521757 -9.122025683522224 0 0 -1.4785620225593448 2.057209877646528 -10.973448363365605 0 0 1.1983607076108456 2.3957036996725947 -13.097167875617743 0 0 -0.23317135032266378 1.3256266738753766 -6.023702191887423 0 0 -1.154798791743815 2.498558386345394 -13.469053536420688 0 0 0.7332865479402244 1.6790434963768348 0.4062825795263052 0 0 1.0179482465609908 2.2124064466916025 -13.36197499721311 0 0 -2.4557124939747155 1.61795129312668 -12.188864013180137 0 0 2.6695055924355984 1.090420572902076 -9.327891792869195 0 0 -1.7592648407444358 0.011930630425922573 -13.696667909389362 0 0 -2.9530378966592252 1.5005087667377666 -11.859126308234408 0 0 0.9952517179772258 -0.3487431473331526 -4.496683672768995 0 0 | 1 14
COLL 16 -2.2 0 1.55 1.6087059615645558 | -1.8782733036205173 1.8932618533726782 1.07015171344392 0 0 -2.694950232747942 -0.49993077281396836 -13.598366451915354 1 0 -1.4135370589792728 1.7817765141371638 2.2874975884333253 0 0 -1.2565794247202575 0.9576669570524246 -9.831350282067433 0 0 2.8364210659638047 0.596614905865863 -6.459841724019498 0 0 0.5422901012934744 -0.06976020592264831 -0.6749410186894238 0 0 -0.10689014755189419 2.995282184914686 -7.975641056196764 1 0 -2.87165998108685 2.3782867105910555 1.5523790991865098 0 0 -0.4916421384550631 0.9071604055352509 -0.010549634462222457 0 0 -2.039671427104622 1.1643604645505548 -5.688414928270504 0 0 -2.2370186615735292 1.709921283996664 -1.281600849935785 0 0 0.3954357113689184 1.9661781074246392 2.934865351766348 1 0 -0.5614272239618003 2.142450630082749 -10.545100906863809 0 0 1.002681883983314 2.501637534587644 -2.878355131018907 0 0 -0.8620430678129196 2.9132590701337904 -6.0593485976569355 0 0 -2.7715592603199184 0.8387316273292527 -4.62960739992559 0 0 | 2 0 10
COLL 21 0 0.5373918191995471 1.55 1.2559338008984924 | 0.7830119384452701 2.326403355342336 -1.521027763839811 1 0 -1.875159866642207 -0.12000748736318201 -0.36701082251966 0 0 -0.15105655090883374 1.970797061221674 -9.29766409820877 0 0 -2.157290226314217 0.4334149232599884 -8.09793690009974 0 0 -2.0403922093100846 2.980432883836329 -6.833945515798405 1 0 1.6789147169329226 1.5221911759581417 -7.839264003094286 0 0 2.2179028973914683 1.2534693274646997 -8.799148067133501 0 0 -1.083612580318004 2.436847773613408 -10.490319891599938 0 0 1.419403353240341 1.1109513462288305 -10.140113852685317 0 0 -1.384263867046684 0.4976905951043591 -10.95247086067684 0 0 -2.7392971431836486 2.3810796960024163 -10.499095936305821 0 0 1.0389714133925736 2.8703628355870023 0.02355432719923556 0 0 -0.8474928117357194 2.0657149049220607 -8.266286545898765 0 0 1.079784968867898 1.8803626098670065 -12.809246808057651 0 0 -2.91395718511194 0.4900664173765108 -8.68616864643991 0 0 0.23426138749346137 0.9106389113003388 -7.740520249353722 0 1 0.8032265030778944 2.216824886854738 -5.848784345202148 0 0 1.1839473224245012 2.723444184055552 -8.589973396155983 0 1 -0.24323307210579515 2.531127653317526 -1.5891452163923532 0 1 0.5600097323767841 2.128369996789843 -8.907472907798365 0 0 0.5481694838963449 2.890237005543895 1.935861753532663 0 0 | 1 0
COLL 21 2.2 1.4595094991382211 1.55 1.381965140765533 | -1.0325927711091936 0.6233749117236584 -3.689541785977781 0 0 1.3226265236735344 -0.3700426903087646 -5.407452249201015 0 0 0.34976658085361123 0.7011986717116088 -6.974977980135009 1 0 1.8887054398655891 2.0226498207775876 2.7653676490299404 0 0 -1.6387394894845784 1.3945138357812539 -10.763416161527857 0 0 0.18989042798057199 2.02473812981043 -6.078446012688801 0 1 -1.377331344410777 2.5658320115180686 -3.0880564062390476 0 0 1.4572459137998521 2.3500301715685055 -10.548090728931129 0 0 2.8509407714009285 0.17088289349339902 0.24064050614833832 0 0 -2.1064899433404207 -0.15369512978941202 -12.219152654986829 0 1 -0.07272433675825596 2.8537120663095266 -4.5499295585323125 0 0 -1.201197016518563 2.271601025131531 -3.999517127405852 0 0 -1.1811758615076542 -0.27556274679955095 -2.9958975012414157 0 0 -1.5065855481661856 1.4612118487711996 -7.769605721347034 0 0 -0.3539324663579464 2.5068420122843236 -8.436720221536234 0 0 -0.7176059419289231 0.02965420961845666 -6.450215055374429 0 0 2.1882709292694926 2.2726010573096573 2.721857307944447 0 0 -1.8379143672063947 2.708216361817904 -8.20305869076401 0 0 1.1679774234071374 1.476645503542386 -3.104375750757754 0 0 2.1319436989724636 0.7964500765083358 -13.418872748268768 1 0 -2.670290606562048 2.519336674711667 -3.700801365543157 0 0 | 0
COLL 25 2.8436100021936 1.7536888806615025 1.55 1.5079471878241748 | -0.7138971956446767 0.3896561354631558 -3.9928852166049182 1 0 1.5377741642296314 -0.4736376159125939 2.002800881396979 0 0 0.08886683313176036 -0.37592661404050887 -2.434744182508439 0 0 0.6271472303196788 2.92290788248647 -0.17984127742238343 0 0 0.15786963561549783 2.0107148692477494 2.9720763789955527 0 0 1.2703081634826958 1.3724529665196314 -4.560222838073969 1 0 -2.1140036964789033 2.872089275275357 -13.259628162020817 0 1 -0.961822452954948 -0.1802761706057936 -7.003762777429074 0 0 -1.3304416062310338 0.35858701658435166 -1.1931629981845617 0 0 1.663083152845502 1.3574390264693648 2.2630385265219957 0 0 -1.7890943102538586 0.5143230550456792 -12.23933437350206 0 0 2.238476700615138 2.583602561149746 -9.813584367046133 1 0 -0.6903746319003403 0.49830466031562537 -1.4404366295784712 0 0 2.2036975105293095 2.4219530284171924 -10.993745722342283 1 0 -1.8492607888765633 1.776865963707678 -13.538486221106723 0 0 -0.9851871239952743 1.4097968272399157 -5.797324316110462 0 0 1.5822395416907966 2.5998762182425708 -3.0636947418097407 0 0 -2.699013916309923 0.10437443607952446 -3.009753940626979 0 0 -2.3013517423532903 0.14408318127971143 1.9852873124182224 1 0 -1.4236596236005425 0.5553956860676408 -5.337345615262166 0 0 -2.3017162643373013 2.071386417374015 -0.009413661668077111 0 0 2.02841629832983 1.8697746242396533 -2.7728977827355266 0 0 0.6801566630601883 2.5877649118192494 -1.9875587855931371 1 0 0.3245465448126197 1.418859546072781 -6.073862191988155 1 0 -1.6705569997429848 0.5643077635904774 -10.554640077287331 0 0 | 0
COLL 16 -2.2 1.4865651103667916 1.55 1.415500367479399 | 1.1738008302636445 1.1078045981703326 -11.467816327232867 1 0 -1.2174151930958033 0.5771540593123063 -8.81699682562612 0 0 -2.560861194971949 1.514991793083027 -2.679099772358313 0 0 1.9127942682243884 0.28889015142340213 2.931411946658045 0 1 0.2226475216448307 2.1809405779931694 -6.408712134696543 0 0 -2.690583636984229 0.4422577051445842 -0.2685974689666182 0 0 -2.1770467031747103 2.0614744926569983 -4.7023405756335706 0 0 -0.8154997229576111 0.15081393136642873 -9.544004903407767 0 0 0.7210084036923945 1.1735887211980298 2.8172015899326652 0 0 -1.536553055047989 -0.08055258495733142 -4.418026064755395 0 0 -2.2924614753574133 -0.35107387008611113 -4.7141406405717134 0 0 -2.552485670428723 0.40986517688725144 0.7535753424745053 0 0 -1.4240631451830268 0.18513855745550245 -8.13984123361297 0 0 2.391971522010863 0.018236801610328257 -6.746033251052722 0 0 -2.8613157109357417 2.406911285361275 -9.87358318711631 0 0 -1.8878326127305627 2.7544034126913175 -10.124549753265455 0 0 | 0
COLL 22 0 1.0301618023775518 1.55 1.6437155424617231 | 1.2836372056044638 -0.2954621185781434 1.2355609028600156 1 0 1.120835813228041 -0.20843533880542964 -7.372160225408152 1 0 -0.8118367278948426 0.09244201483670622 -13.802863470977172 0 0 1.2324017132632434 2.8699756283313036 2.4183099588844925 0 0 0.5787292323075235 2.001190503826365 -1.3634435618296266 0 0 -1.0091235372237861 0.4747719324659556 -4.166463520377874 0 0 -2.2719261534512043 2.636050086468458 -2.711114530917257 0 0 -2.2925543999299407 2.903770722798072 -1.9737529903650284 0 0 -1.9186891475692391 1.2891607127385214 -7.6238047503866255 0 0 -1.5914149624295533 1.4137828254606575 -3.2889447154011577 1 1 1.5468883607536554 -0.2289642655523494 -12.541712279897183 0 0 2.85452797729522 1.6266618017107248 -11.725501213921234 0 0 -2.1380484737455845 0.7213644440053031 0.4341761306859553 1 0 1.2389901923015714 2.1756169225554913 0.0697199460119009 0 0 2.5858380999416113 0.7942345449700952 -9.29156749160029 0 0 -0.27030675765126944 -0.2210221957648173 -3.7301213443279266 0 0 1.1157655552960932 1.9453580599511042 -9.735072928480804 0 0 1.7069910876452923 2.491372171556577 -3.131530459271744 0 0 2.312859373167157 0.316840241313912 -5.758396647870541 0 0 2.448754046112299 -0.3786896630190313 -12.675101672066376 0 0 -1.7534156762994826 1.3915616647573188 -11.007545952452347 0 0 -2.718952550087124 2.7265442240750417 -1.2116366410627961 0 0 | 1 4
COLL 12 2.2 0.8935163795482367 1.55 1.2150589662604034 | 1.1200340269133449 0.8973595420829952 1.6452016029506922 1 0 1.8980125095695257 2.268516721786 -9.428271659649909 0 0 -2.8586570522747934 0.8414706406183541 -10.354495297186077 0 0 1.7267094240523875 0.8323256878647953 -1.2054181164130569 0 0 -2.282367386855185 2.500261600362137 -4.044496833812445 0 0 -2.476445209700614 1.1690723185893148 -13.304466547677293 0 0 -0.9646460604853928 1.6262336747022346 -10.759543057065457 0 0 0.2926385407336056 -0.09274784557055682 1.664463022723794 0 0 -1.7369856066070497 -0.18791975046042353 2.470688489731401 0 0 -1.091207985766232 0.2822574778692797 -8.930206288350746 0 0 -2.331502854824066 -0.027925432892516255 -13.098269547335804 0 0 -1.281112892087549 2.723990619299002 -10.406059325905517 0 0 | 1 3
COLL 7 0.12078891741111875 1.419271082058549 0.75 1.1305987529456616 | -1.9497548122890294 1.9603398437611759 -7.086714123375714 0 0 -0.5943158590234816 2.2897149188211188 -12.534401488024741 0 0 -2.0350857842713594 2.554193443385884 -7.138149473583326 0 0 -2.5817587142810225 -0.08103576628491282 1.1651395151857287 0 0 2.0027827718295157 2.6480813429225236 -5.203942551743239 0 0 -1.2362003959715366 1.625044799176976 -12.84594168048352 0 0 1.8678958816453815 2.683022901881486 -12.932540248846635 1 0 | 0
COLL 30 -2.2 0.2529426755849272 1.55 1.458547217026353 | 1.5120496745221317 2.4261010334594175 -7.980655290884897 0 0 -0.6808978342451155 1.181250077439472 -4.454404121264815 0 0 0.04642463754862547 1.452168661635369 -6.474809097126126 0 0 -0.6716230725869536 0.784956804709509 -7.234912080923095 1 0 -1.4129800228402019 -0.2928613314870745 -6.722349117975682 0 0 1.6777448058128357 0.6132719197776169 1.2150695524178445 0 0 1.2901685731485486 1.3480560067109764 0.4384821862913668 0 0 -2.4662275286391377 2.6857631587190554 -5.823980309301987 0 0 1.9078182661905885 2.690757898031734 -1.451890632044524 0 0 1.2254916345700622 1.2877572093857452 -6.143572111381218 0 0 -0.7056826623156667 1.6657152897678316 -13.114419444696978 0 0 -1.8543890146538615 1.3758062756387517 -6.128697789739817 0 0 -2.2265290352515876 1.2085140577983111 -1.116764167090878 0 0 -1.5832354514859617 1.3872737165074795 -12.462887243367732 0 0 -1.4267468475736678 0.7897901801625267 -7.700714535312727 0 0 -0.867933651432395 1.595489954808727 -4.450479505816475 1 0 -1.0339417685754597 -0.15066683664917946 2.933924791403115 0 0 -2.1973610054701567 1.0102306400658563 -1.0960240210406482 0 0 -0.7594515667296946 2.055829281336628 -0.8230698555707932 0 0 -1.1793147255666554 2.504624897381291 -7.074250317178667 0 0 -1.3348316755145788 1.0919818911934271 -7.024540672078729 0 0 0.5511387242004275 1.3223963945638388 -13.770889928331599 0 0 1.5963803655467927 0.331201505032368 -9.192377804080024 0 0 -0.3039741567336023 2.128344182157889 -6.7540329459588975 0 1 1.5991918193176389 2.739075268036686 -12.437480536056682 0 0 2.6240014457143843 2.739699339494109 -11.848669443512335 0 0 0.5950248437002301 2.4188204548554495 -6.953330221120268 0 0 2.1009356710128486 2.34856410860084 -13.065141575178131 1 0 1.7709792936220765 -0.44113601476419717 -5.21824381663464 0 0 -1.4115201216191053 0.48815305752214044 -6.625166019657627 0 0 | 2 12 17
COLL 10 0 0 0.75 0.9620075090322644 | -2.454237052705139 0.8762674109311774 -3.326692159054801 0 0 0.970290963537991 2.6765938728349283 -5.011677001137286 0 0 -2.2396614030003548 1.2596511136507615 0.5366573797073215 0 0 -0.06062222504988313 1.9786854123231024 0.8261554695200175 0 0 2.223923536017537 2.4070281503954902 -10.340061914175749 0 0 -2.719991735648364 1.3480912066297606 -11.302079306449741 0 0 1.5529576437547803 -0.42879780230578035 1.4615811149124056 0 0 -2.17576419794932 1.090692967060022 2.1492306592408568 0 0 0.559760419651866 0.9158841376192868 -11.387431482318789 0 0 -2.484487941954285 0.845442003919743 -5.9221296918112785 0 0 | 0
COLL 12 2.2 0.5294430127367378 1.55 1.6754228232428432 | 2.2852405551820993 0.8410013933898881 -11.769690808141604 0 0 -1.1480438886210322 -0.22089701297227293 -4.547650551656261 0 0 0.7674603019841015 2.064456690568477 1.564459917601198 0 0 -2.3344008489511907 0.08915409387554973 -12.05176917463541 0 0 -0.6078714374452829 -0.16483033541589975 0.3296313548926264 0 0 -1.3065479379147291 0.9860856218729168 2.1444912645965815 0 0 -0.033283200580626726 2.8775946859968826 -3.66422565234825 0 0 -0.5412356369197369 1.036861851462163 -13.026222286280245 1 0 2.0496690049767494 0.019342052983120084 -1.216027190675959 0 0 -1.9947877717204392 0.8365681333234534 -2.9985919722821563 0 0 -2.2983390083536506 1.836361450725235 1.5779620418325067 0 0 1.834316337481141 2.819481613347307 -2.6375106596387923 0 0 | 0
COLL 8 0.5181997180916369 0.27469532783143225 1.55 1.216516624391079 | -2.2964495681226254 2.5118698017904535 -0.675454062409699 0 0 0.30620136950165033 -0.1383948166621849 -4.218677626922727 0 0 0.45263756113126874 2.787996041821316 -6.442905502393842 0 0 -0.6069403169676661 1.8076079788152128 -8.726651025004685 0 0 2.6030714996159077 2.7760370244504884 -7.709864068310708 0 0 -0.7715807002969086 0.0824459558352828 -13.17921748640947 0 0 -2.4805533732287586 -0.10431313968729228 1.1777522615157068 1 0 -0.29777663899585605 1.3190193944610655 -1.1964966305531561 1 1 | 0
COLL 13 -2.2 0.0270393134560436 1.55 1.7918739898130298 | -0.44384624250233173 2.1348327385494485 -3.3336166224908084 0 0 0.7214542902074754 1.4814775042468682 -13.75705060781911 0 0 0.40568131394684315 0.046790165710262954 -2.282739668386057 1 0 0.2386665903031826 1.514180907397531 -11.946447958005592 1 0 -2.580714162904769 2.044851431855932 -4.159981867764145 0 0 -2.5772102214396 1.6213597690220922 2.6318129973951727 0 1 0.9081310015171766 0.5770531224552542 -12.677087722579017 0 0 -2.659396248869598 2.5946702786022797 -3.555010812357068 0 0 1.0202352041378617 2.738554338575341 -9.041815284872428 1 1 0.3306353730149567 1.441632590489462 -10.09707706910558 0 1 1.9624112765304744 2.8091774599161 -8.250212343642488 0 0 -2.8143929075449705 2.51926071557682 2.8769461838528514 0 0 1.2179994662292302 -0.47535181569401175 -4.173766166437417 0 0 | 0
COLL 30 0 0 1.55 1.4316806310787797 | -1.7894753403961658 -0.017789156059734523 -10.943018365185708 0 1 1.3930546003393829 0.685796920559369 0.38422336988151073 0 0 0.8258269163779914 1.8840669769560918 2.0598774168174714 0 0 1.6525539108552039 1.0472399895079434 -2.8567689089104533 0 0 -1.4326697196811438 0.3876001888420433 -3.656773274531588 0 0 0.22314074216410518 0.3005324094556272 -7.729921018937603 0 0 2.715144001878798 2.6822199183516204 -12.4471789970994 0 0 -2.6590037858113647 -0.173634541220963 -10.072525438619778 0 0 0.6869090516120195 0.9660567719256505 -9.29479535901919 0 0 1.8514771177433431 1.9910455017816275 -13.89149002614431 0 0 1.5756925866007805 2.8266049344092607 -2.2640994677785784 0 0 -2.590981325134635 -0.485236628446728 -6.71184465684928 0 0 -2.282273730263114 2.378575317328796 -7.983585392823443 0 0 1.7209110748954117 2.049793310579844 -11.248271513963118 0 0 1.7934299418702722 2.4979906225344166 1.6175620087888092 0 0 -2.269499672111124 1.4934478545328602 -1.9689054479822516 0 0 -1.6470968727953732 -0.14201930491253734 -3.562195292674005 0 0 2.903542927466333 1.079307033214718 -12.184778872178867 0 0 2.4421151764690876 -0.49260503775440156 -5.396886005764827 1 1 2.3565179742872715 2.2919549122452736 -11.016997209051624 0 0 -2.101740154903382 -0.24166974367108196 -4.175048494711518 0 0 2.578753100708127 1.3102199860149994 -2.9922962919808924 1 0 -0.5824775397777557 -0.256838092347607 -7.403298264136538 0 0 -0.30437494022771716 2.476882692775689 -12.107619595015422 0 0 0.02902077231556177 2.426031217095442 -10.044786068145186 0 0 2.4339638468809426 1.909020081628114 -1.9806474670767784 0 0 -1.462535182479769 1.3693460796494037 -12.376823622966185 0 0 -0.5505578527227044 2.842099138419144 -6.633785679005086 0 0 1.0777624840848148 2.0481620023492724 -11.422907977830619 0 0 2.376000124029815 0.46827958757057786 -2.019478561123833 0 0 | 0
COLL 12 2.2 1.611392902582884 0.75 1.727276024594903 | -2.4031494073569775 -0.10213485918939114 1.9185592473950237 0 0 -1.0799119058065116 -0.2976483965758234 -5.442481904523447 0 0 -1.9074830263853073 1.481548711657524 1.1274032255169004 0 0 -0.23245592415332794 2.818890064023435 -3.46671683434397 0 0 0.8908284273929894 2.153899974306114 -2.630813693162054 0 0 -1.7714790268801153 -0.3844069162150845 -10.64859498757869 0 0 -1.22871027700603 1.40588165668305 -5.945280163316056 0 0 0.1770644593052566 1.779649342992343 -13.178208810742944 0 0 0.038595952559262514 0.583260546438396 -5.419185449602082 0 0 1.1772317527793348 1.898701224825345 -4.8449807139113545 0 0 1.2471285578794777 0.5424922376405448 -11.682294306345284 0 0 -2.074661764316261 -0.366390036419034 -3.344431198434904 0 0 | 0
COLL 20 1.520173047669232 0 1.55 1.0947183458600194 | -1.8954504439607263 0.79296736093238 -0.36054036347195506 0 0 1.8673425712622702 2.134790977812372 -6.6232341637369245 0 0 0.16518837679177523 2.558702801121399 -2.526969532482326 0 0 -2.3982653240673244 1.4394122012890875 -0.8837332481052727 0 0 -0.7118603498674929 -0.06637196824885905 2.5786657084245235 0 0 2.2855234192684293 0.7569435138721019 -10.058498887112364 0 0 2.1154638435691595 2.189879550714977 0.10878551914356649 0 0 -1.067087346687913 0.19117199629545212 -9.288904234301299 0 0 -0.900030670221895 0.5604781892616302 -11.879461657255888 1 0 0.25287100626155734 1.3730837422190234 -5.637942280154675 0 0 2.8445520023815334 0.5933187282644212 2.8857396403327584 0 0 -0.23502744315192103 1.9009953778004274 -3.392781608970836 0 0 1.2696878830902278 1.2108758146641776 -11.976661767577752 0 0 0.7295204568654299 0.5792791084386408 -4.015328173991293 0 0 0.4618122889660299 1.2661419884534553 -6.749243231723085 0 0 0.48841680167242885 1.5435016533592716 -13.410126377595589 0 0 2.132436444517225 0.934184847981669 -9.265481531154364 0 0 2.1613938733935356 2.6117510850308463 -13.725679305149242 0 0 1.031849417835474 2.3055068019311875 -2.3045205785892904 0 0 -1.532612684648484 1.9832062382483855 2.819061958231032 0 0 | 0
COLL 25 -2.2 0.5940350507386029 0.75 1.1779785500373692 | -0.328006474301219 0.2511114838998765 -12.327455041231588 0 0 -2.537910423707217 1.4311468944652006 -9.618134789168835 0 0 -2.995138243306428 2.2894135555252433 0.1891814151313156 0 0 -1.9381748330779374 2.60724993259646 -5.031423231353983 0 0 -2.343836048617959 2.021486240788363 2.8067726695444435 0 0 -2.9000478009693325 -0.4788485647877678 -5.139035685453564 0 0 -0.4373133536428213 0.6024586628191173 -7.272542205872014 0 0 -2.6011868217028677 2.4961218242533505 -5.5056453451979905 0 0 2.387034087907523 0.7369393026456237 -4.276947231031954 0 0 2.988830757793039 2.308760674437508 -11.505771746393293 0 0 -1.4744086903519928 1.3982370150042698 -3.9415757504757494 0 0 2.8110150271095335 2.7298284616554156 -8.547937858849764 0 0 -1.3232628400437534 0.31291916593909264 -2.8906287495046854 0 1 1.3999056005850434 0.6690858734073117 -10.351188184227794 0 0 1.5264910706318915 1.794532957370393 -8.938455459661782 0 0 -0.8635581233538687 0.7400096164783463 -1.2450311807915568 0 0 -1.7259797458536923 0.37710461614187807 -13.461937974905595 0 0 -2.499859695788473 -0.2448806583415717 -7.105956833111122 0 0 -1.1679857200942934 0.058833236689679325 -7.036216127453372 0 0 2.756096283439547 -0.21209085546433926 -4.62555528152734 0 0 0.9319106116890907 2.262428460875526 -13.641586484620348 0 0 1.0663436623290181 1.844238098943606 -6.2461773722898215 0 0 -1.5422441535629332 2.9160363604314625 2.79923789948225 1 0 1.8580680331215262 2.963545799604617 -7.73764142091386 0 0 2.5341558759100735 1.0026660149451345 0.07013355777598917 0 0 | 0
COLL 25 0 0 0.75 1.6477728799916804 | 2.224007571581751 2.549036020063795 -0.06908719940111041 1 0 -1.6510846191085875 1.9472990842768922 -9.310334945796058 0 0 -1.0470244162715971 1.2697939472272992 -6.360986679792404 0 0 -0.5103541743010283 0.6821868023835123 -3.0228037387132645 0 0 -0.3460606522858143 1.9691242424305528 -11.703804433578625 0 0 -2.09406698634848 2.206617218442261 -5.468721657758579 0 0 0.911781148519367 2.2767686103470623 -3.045898499665782 0 0 -1.2875034366734326 0.6765228367876261 -3.321519263088703 0 0 -0.34782149037346244 0.34563715918920934 -13.559083221713081 0 0 2.542243600822985 0.16515683114994317 1.3785073719918728 0 0 -1.587387888226658 2.7316668956773356 0.5211522721219808 0 0 1.113754261750728 0.6070327364141122 -5.262582544935867 0 0 2.862029379699379 2.5486521857092157 -9.387130147079006 0 1 -1.179256645962596 1.0049221956869587 0.57486472139135 0 0 -1.2554115769453347 2.3091467872727662 -11.404846070567146 0 0 -1.3572733914479613 1.3632937300717458 -11.013831788906828 0 0 1.9077605078928173 -0.2343939485726878 -3.02171591646038 0 0 1.0357527025043964 1.9910171275259927 2.9029621686786413 0 0 0.270632604137063 0.8748658845433965 -12.623395301401615 0 0 -1.0655272593721747 0.7013244192348793 -9.301994611043483 0 0 -2.463675370439887 2.6838328121230006 -4.340133909834549 0 0 -2.6533124428242445 1.4304087596246973 -11.375765562057495 1 0 2.6926104594022036 -0.23981284874025732 -12.060899455333129 0 0 -1.243299962952733 -0.3503856947645545 -3.314055533381179 0 0 2.4186818073503673 1.6594375311397016 -8.04678699374199 0 0 | 0
COLL 19 2.2 0 0.75 1.1913921993225813 | -1.2872432610020041 0.968763081356883 -6.683784809196368 0 0 0.47291079768911004 1.1193371183471754 -13.58818691689521 0 0 -2.4556960011832416 2.469775435165502 -12.823596223490313 0 0 -0.40189262107014656 2.875744957360439 -5.136428198078647 0 0 1.8444177098572254 2.792744516977109 1.2751101583708078 0 0 -0.5224655074998736 2.4015323971398175 -3.370127311674878 0 0 1.8472312255762517 2.1431271677138284 -10.3381607811898 0 0 -2.2207101490348577 0.5145097796339542 -4.441490355879068 1 0 1.4697125810198486 1.101475867908448 -9.54696927475743 0 0 2.6203571129590273 1.5970149298664182 -8.620110453804955 0 0 0.1220908435061574 1.8058899726020172 -4.3950228036846966 0 0 2.9618777534924448 1.8929592286003754 -11.810206260764971 0 0 -0.879008952062577 0.5252170049352571 -5.659051220165566 0 0 1.927122835535556 2.881254348088987 -11.142383439000696 0 0 0.21270694630220532 1.4676825440255925 2.9122513600159436 0 0 2.4415956367738545 1.3982339876238257 -7.932592706987634 0 0 0.5792721980251372 1.7116553463274613 -11.780009471112862 1 0 1.0494604473933578 0.50443219486624 -2.7393050203099847 0 0 2.890551147982478 -0.1406690435251221 -12.098844215273857 0 0 | 0
COLL 22 0.8838912849314511 0 1.55 1.1162921534385533 | -0.17006302624940872 1.0937291297595948 -8.794727827655151 0 0 2.0572009147144854 1.556622588308528 -6.1417302512563765 0 0 -1.253198394086212 -0.4975060513243079 -12.322487278841436 0 0 -0.8178227632306516 0.8054119742009789 -0.8113321824930608 0 0 0.08200261322781444 1.780032402370125 -6.6438988680019975 0 0 1.634423727169633 2.859824632643722 -2.2819140122737736 0 0 -2.209595486987382 1.0330219033639878 1.3965683213900775 0 0 -2.1398419118486345 0.21813578682485968 -7.699679775629193 0 0 0.6066992045380175 2.7090414986014366 2.2620726895984262 0 0 2.8498829137533903 1.360006007947959 -2.2113351586740464 0 0 -1.9697264707647264 1.8204444027505815 2.617604934377596 0 0 -2.9323397018015385 -0.037243658560328186 -2.338799485238269 0 0 -1.4255534699186683 -0.11477853555697948 -8.186604061629623 1 0 1.5841817683540285 1.8510888547170907 -1.8152222512289882 0 1 -0.9976002629846334 -0.007200214546173811 -12.917103367391974 0 0 -2.941024244762957 0.9101714014541358 -6.345254930201918 0 0 0.9621527125127614 0.26511793374083936 -12.104078628355637 0 0 -0.11220320826396346 -0.17797822749707848 -2.1954384464770555 0 0 -0.2288224697113037 2.0894436000380665 -10.527820012066513 0 0 0.33045725617557764 1.3565353782614693 -6.222095598466694 0 0 -0.2526051043532789 0.5597697211196646 -7.22842439613305 0 0 -2.9170428444631398 0.44983462803065777 -10.681043279124424 0 0 | 0
COLL 8 -2.2 0 1.55 1.2129852626938373 | 1.36948185833171 1.803058914723806 2.2992984410375357 1 1 0.5985434576869011 0.7842492329655215 -12.91073811124079 0 0 2.555404300801456 2.6478651626966894 -8.155241177883 0 0 -2.774356714915484 1.8080967406276613 -4.682647950248793 1 0 1.9745551594533026 -0.07269815518520772 2.6670137860346586 0 1 -0.721471332013607 2.5003107278607786 1.2285456005483866 0 0 -0.38772169779986143 -0.30083717918023467 -12.994151334278286 0 0 2.606164500117302 0.6136654686415568 -9.709992041811347 0 0 | 0
COLL 28 0 0.3649697279557586 0.75 1.7742505229078234 | -2.871986787300557 1.577152318553999 2.3776653052773327 0 0 1.3961547478102148 -0.2762082250555977 -9.10945669026114 0 0 1.0817369101569057 0.5143562682205811 -2.5838211595546454 0 0 1.0327607751823962 0.3713121347827837 -7.646086620166898 0 0 1.988927953876555 0.6686106545384973 -11.710394150810316 0 0 0.36204849975183606 -0.22840532718691975 -9.882669861195609 0 0 2.6342961718328297 0.9494264454115182 0.3656017961911857 0 0 2.1659083203412592 1.3169739560689777 1.2599139029625803 0 0 -0.7380996295250952 1.6962820435874164 2.513391508720815 1 0 -2.3180635976605117 2.7476066200761124 -10.365059696137905 0 0 1.5306920665316284 2.944953556987457 -2.207229930208996 0 0 1.4330841964110732 2.5328356981044635 -0.7780862543731928 0 0 1.3508085343055427 1.1624811205547303 -4.358556675026193 0 0 0.24993067095056176 0.3986157701583579 2.4102762874681503 0 0 -2.584756772965193 1.5463414527475834 -0.4501338955014944 0 0 0.13551476318389177 1.3035377253545448 -8.421904080314562 0 0 -0.44492760580033064 1.6321578874485567 -6.947147885570303 0 0 0.4673802573233843 2.7175239480566233 -7.717192311538383 0 0 0.004847552161663771 2.3715702393092215 -9.839117093011737 0 0 1.6741789835505188 -0.12217304960358888 -2.5747751116286963 1 0 2.069877749774605 1.5545754557242617 -4.289498666068539 0 0 2.2996634957380593 2.0664903494762257 -5.81040093046613 0 0 1.255068289116025 0.6895172467920929 -7.8772106629330665 0 1 -1.5680913655087352 1.642885165172629 2.247780536301434 0 1 -2.995451712515205 1.3050450755981728 -12.227557835634798 0 0 2.096352970227599 2.1275291070342064 -9.505497294710949 0 0 1.9773028632625937 0.7671561320312321 -0.8776263068430126 1 0 -0.732372279278934 0.41917968494817615 -1.7765175162348896 1 0 | 1 27
COLL 6 2.2 0 0.75 1.1425274041946978 | -2.636059386190027 2.4499904747353867 -1.5149387291166931 0 0 2.3241094783879817 0.5572797793429345 -10.473386353580281 0 0 1.4631527848541737 2.532305369502865 -8.816336436895654 0 0 1.9340148847550154 1.1329914565430954 2.6014588803518564 0 0 -1.1618187502026558 0.8732789797941223 -4.0339291139971465 1 0 -2.5293112825602293 1.3479626656044275 -12.417170922737569 0 0 | 0
COLL 26 2.9746029088273644 0 1.55 1.768795444117859 | 2.7607623590156436 1.6425354827661067 2.4383557357359678 1 0 -2.396260346285999 1.7761895580915734 -8.795610156143084 0 1 -0.9972127508372068 1.6853857565438375 -0.42705130972899497 0 0 0.48353341687470675 2.262596952728927 -9.714878761675209 0 0 -2.88664516992867 2.4281666839960963 -11.023086536675692 0 0 -0.7821790217421949 1.3810172294033691 1.6589881419204175 1 0 -2.1889292327687144 0.057188479229807854 -7.288788938662037 0 0 -1.5971297607757151 1.0863780356012285 -13.191112407715991 0 0 -1.368382993619889 0.07547808811068535 -0.6531495561357588 0 0 1.6090928432531655 2.838299423106946 -12.805876772850752 0 0 0.8297627186402678 2.2682899029459804 -0.23705623229034245 0 0 -0.610694688744843 2.1105918693356216 2.8307590486947447 0 0 2.8886556518264115 0.10316150938160717 0.0055615168530493975 0 1 2.1455714497715235 1.947697577998042 -4.797674198402092 0 0 -2.6757401316426694 0.1469686635537073 -7.901394350454211 1 1 0.622907514218241 1.4625875963829458 -3.3842715222854167 0 0 -0.6672485321760178 1.6777631206205115 2.6537591433152556 0 0 -1.3365347608923912 0.6099284930387512 -12.615346751408651 0 0 -2.181500405073166 0.1866086411755532 -2.0368692700285465 0 0 -2.8753738277591765 1.3507571675581858 -10.622672548983246 0 0 -0.7132640699855983 1.2492918537463993 -11.866733911680058 0 0 2.224792948924005 0.2917955598095432 -7.298464509891346 0 0 -2.5961851333267987 1.485616633319296 -5.225505302194506 0 0 -2.0555640114471316 0.6041857780655846 -1.5566386692225933 0 0 -0.6804177705198526 0.008333583362400532 -12.271011654753238 1 0 -0.13734782114624977 0.9432127686450258 -5.45242629153654 0 0 | 0
COLL 9 -2.2 0 1.55 1.4835829734336585 | 0.7347730840556324 2.89726003841497 -5.260409243637696 1 0 -1.5481565985828638 2.154556329944171 -12.051071215420961 0 0 -0.5137612069956958 2.3136383498786017 -9.63944722013548 0 1 -0.22289858479052782 1.183345380006358 -8.98892890335992 0 0 -1.8938863361254334 0.051247307448647916 -7.372704827226698 0 0 -1.5468249404802918 2.1320672709262 -13.401585021754727 0 1 -2.978612790349871 0.44863473414443433 -2.5532905261497945 0 0 1.9509955001994967 0.3467530198395252 -10.06224412447773 0 0 0.06700351741164923 2.3357428003801033 -11.454107616795227 0 0 | 0
COLL 21 0 0.6229256064165384 1.55 1.5665348856244237 | -0.06608589459210634 1.9664378778543323 -11.91029256558977 0 0 1.0713564385659993 1.6828823011601344 -5.50895980047062 0 0 2.386201574932784 -0.21236261643934995 -13.712811327306554 0 1 -0.15498794987797737 0.5924917807569727 -5.632301799487323 0 0 1.0065056104213 0.009844478452578187 -2.978672514902428 0 0 1.699233653023839 1.1822885267902166 -12.3789205562789 0 0 2.9677415234036744 0.4125842787325382 -12.05779818049632 0 0 -2.038168824277818 0.3196857743896544 -1.1008825353346765 0 0 -2.3007809151895344 0.6574139796430245 -4.3320125106256455 0 0 -1.5838545695878565 0.8922455305000767 -2.0036479455884546 0 0 1.6843554116785526 -0.21388897846918553 -12.33156111673452 0 1 0.49067605566233397 -0.274787096073851 -10.789251078153029 0 0 -0.2114679585210979 0.34449804516043514 -6.943057444645092 1 0 2.0480369199067354 0.8510853963671252 -4.592021641554311 0 0 1.9183033620938659 -0.40789488528389484 -0.794757416471839 0 0 -1.4514170615002513 2.265615137759596 -9.168174476362765 0 0 1.5679291784763336 2.995136749232188 -8.354144030250609 0 0 -0.7930894810706377 2.4048231792403385 1.8352811189834028 0 0 -0.7227743212133646 2.6992732184007764 -3.445968629559502 0 0 2.161011215765029 2.560344756115228 -9.564758190419525 0 0 -2.1449361573904753 1.5544732207199559 -5.534350691130385 0 0 | 0
COLL 21 2.2 0 1.55 1.6091512678656728 | -1.480671952944249 0.561012183316052 -7.6688028620556 0 0 -2.2208473719656467 1.1649924976518378 -7.817895461805165 0 0 -2.3033843874000013 0.15399954316671938 -11.925326177850366 0 0 0.5129672032780945 1.574138752417639 -2.9944043674040586 0 0 2.812426194548607 0.056064524105750024 2.5051804699469358 0 0 1.7349241934716702 2.2878039833158255 -13.584046512609348 0 0 -2.529777316376567 2.167633230565116 -8.820164901670069 0 0 1.9957891451194882 2.1341681523481384 -13.105684354668483 0 0 2.3392960759811103 -0.1899630562402308 -8.23989939619787 0 0 -2.3003823054023087 0.6417423230595887 2.830105123575777 0 0 2.641283679753542 1.8640337941469625 -12.577373299049214 1 0 0.8040211563929915 -0.252062841784209 -12.435947148129344 0 0 1.3275486677885056 0.7480172365903854 -5.861347642727196 0 1 1.1300778561271727 1.2887995262863114 -13.154548794496804 0 0 -0.38783202320337296 1.792303559370339 -5.146309532225132 0 0 0.1595538044348359 1.3057476984104142 -12.600620067678392 0 1 1.6274955770932138 -0.0024563900660723448 -13.439372497843578 0 0 -0.9657104210928082 1.3015303602442145 1.8172322022728622 0 0 -1.4763440620154142 1.771635823766701 -10.89477107161656 0 0 -2.3072419837117195 1.186795201851055 -12.517335661686957 0 0 -1.5986276529729366 2.8064781562425196 -8.872684907633811 0 0 | 0
COLL 19 2.759572381619364 0 0.75 0.8189851399045438 | 1.355788143351674 2.3602772888261825 -5.174038504716009 0 0 0.7589470641687512 1.200358954956755 -1.194332421058789 0 0 0.5120378835126758 1.0613772947108373 -0.3908648935612291 0 0 -1.9196143532171845 0.37170418014284223 -2.8000275352969766 0 0 -0.9143742090091109 1.9878302982542664 -1.0046362727880478 1 0 -1.3288357411511242 0.7455364339984953 2.416352129774168 0 0 2.2971701938658953 -0.04960154776927084 -12.124159303959459 0 0 -2.228402132168412 2.5695280347717926 0.9185332388151437 0 0 -2.2439699079841375 0.9030906780390069 -2.5628177707549185 0 0 2.2289330321364105 1.4867217608261853 -2.9105465800967067 0 0 -0.19229290913790464 0.843613637262024 -3.1139201656915247 0 0 -2.755205451976508 0.38880095712374896 -5.030015458352864 0 0 1.7336858846247196 -0.09367126750294119 2.1691677579656243 0 0 -2.9951567770913243 -0.4864377381745726 -6.873173969564959 0 0 1.6082635880447924 1.635320287430659 -12.709847213467583 0 0 -1.5277576711960137 2.159337214776315 -13.943337396951392 0 0 -1.2557022599503398 -0.33360929775517434 -3.7387554903980345 0 0 0.33616706589236856 2.599330267054029 -13.558905327925459 0 0 -0.20219111256301403 0.5802505797473714 -11.702792472671717 0 0 | 0
COLL 25 -2.2 1.2343767067417504 0.75 0.8215304654557258 | 1.691364134196192 0.7085131895728409 -8.122057989938185 1 0 0.18329033022746444 0.13786142715252936 -1.9331551257055253 0 0 -1.087581296917051 1.870296252076514 2.9827075079083443 0 0 -1.5272613759152591 2.3134038920979947 -2.523431138601154 1 0 -1.601965251378715 1.5519696667324752 -3.481132061453536 0 0 0.8187932535074651 1.4208712978288531 -12.170766846975312 0 0 -2.2082285759970546 -0.20514004945289344 -13.833002622472122 1 0 0.5884019513614476 0.5290651452960446 -4.6064140105154365 0 0 -0.9427839727140963 0.45515291893389076 -10.53224166855216 1 0 -0.1244446188211441 2.4166565851774067 -8.729292722418904 0 0 -2.0445721722207963 -0.3106202915078029 -1.2473525791428983 0 0 -0.43351876828819513 1.263719530776143 -11.054263962665573 0 0 2.4568515862338245 2.599794135079719 -1.5434306452516466 0 0 -0.6500460016541183 1.6158350417390466 1.620959956664592 0 0 2.9636172470636666 -0.3542453913250938 -1.4781674451660365 0 0 0.6737886685878038 2.1223822383908555 -6.144711080472916 0 0 -0.6453109597787261 2.712047477136366 -6.848763849819079 0 0 -1.0555130252614617 0.3474593252176419 -9.197976431576535 1 0 1.9806536086834967 -0.174681325443089 -8.720790951745585 0 0 2.498232293408364 0.32296202587895095 2.495126684429124 0 0 -1.912932315375656 0.8377234843792394 -7.534845772432163 1 0 2.1180276428349316 0.538372824434191 -12.97827413561754 0 0 2.647249580360949 1.5648951909970492 -7.442294411826879 0 0 -2.4807731132023036 0.8995229814900085 0.6263046194799244 0 0 0.3249010965228081 1.389210106455721 -5.360234158113599 0 0 | 1 23
COLL 23 0 0.8789790480863303 1.55 0.9165640708059073 | -1.0897983298636973 1.501993014360778 -0.6431506222579628 0 0 1.9552773451432586 1.1806721427710727 1.5860079359263182 0 0 -1.1472075660713017 2.123208495671861 -7.932655839016661 0 0 -0.8140860381536186 1.1993484341073781 -0.21034013107419014 1 0 -1.4365705959498882 2.288000138825737 -7.936955557670444 1 0 0.36385454004630446 2.057461681542918 -8.687809026334435 0 0 2.988474472425878 0.33971458033192903 0.3309640660881996 0 0 -0.7635213970206678 -0.4080749553395435 2.9062022191938013 0 0 2.655067701358348 1.1497497324598953 -7.899512909119949 0 0 2.8830159762874246 0.36861675325781107 -11.452870252775028 0 0 -2.3288492071442306 2.4295728309080005 -10.08910138416104 1 0 1.347621254157275 -0.09195568319410086 -5.916911906795576 0 1 2.605595496017486 2.1150166331790388 -1.8693636183161288 0 0 -2.888289832044393 1.808267223299481 -7.997743021463975 0 0 0.22898567374795675 1.6362787088146433 -4.153219845611602 0 0 -2.4873146158643067 2.1573711287928745 -0.7830252412240952 0 0 2.10331315593794 1.0358250783756375 -7.234916498186067 1 0 -2.2608218989335 2.902063715388067 -3.738181594526395 0 0 1.0968809346668422 1.5975975453620777 -8.52012802194804 0 0 -1.8498657499440014 0.8620119612896815 -2.38026503729634 0 0 0.7008920637890697 1.7363407857483253 -4.029768321430311 0 0 0.9224451840855181 -0.45307720359414816 -0.04235190525650978 0 0 0.2297511287033558 2.635551380342804 0.38420610851608217 0 0 | 2 3 22
COLL 25 2.2 0.9935345183126628 1.55 1.3892581325024367 | -0.043917001225054264 1.4604015490040183 -3.2751920025330037 0 0 -2.4819326866418123 0.21422563935630023 -9.278209787327796 0 0 2.884461371228099 2.3896375871263444 -10.160479552578181 0 0 -0.5342651875689626 0.7368113589473069 -1.2372198132798076 0 0 2.247812397312373 0.5605577722890303 -9.3542013396509 1 0 1.0681488336995244 0.7657943910453469 -1.9848008777480572 0 0 -2.3162446562200785 1.4606577183585614 -4.7238007474225014 0 0 0.949310231488198 0.7079069678438827 -8.994558135047555 0 0 0.18728221440687776 2.011446867021732 -6.9856231801677495 1 0 -0.4285122030414641 0.14658846124075353 2.656906526302919 0 0 -1.3958506314083934 1.7206016214331612 0.08683513011783361 0 0 -2.260230998508632 2.639454995514825 -5.248493878636509 0 0 -2.6766166370362043 2.6633257721550763 -7.842718666885048 0 0 -0.9595237886533141 1.644047672743909 -10.570074769901112 0 0 2.656586298253387 2.9524909381289035 -13.574436796596274 0 0 2.139096524566412 1.8255596277303994 -2.8652404791209847 0 0 -2.689945144113153 1.2321611269144341 -6.454638065537438 0 0 -2.562988749705255 2.0786860599182546 -3.639240785734728 0 0 -1.5528393108397722 0.3122527429368347 -11.7114640744403 0 0 1.9288794687017798 -0.3317729833070189 -0.1284858852159232 0 0 -2.37857553223148 0.5174068384803832 -8.67438384401612 0 1 -0.9965744060464203 0.623165178229101 1.5808176717255265 0 0 2.210694737266749 2.942489455919713 -6.973794248653576 0 0 0.1760592428036034 0.20465458382386714 -7.490542900748551 0 0 2.687532308511436 2.390456030261703 0.6227645790204406 0 0 | 1 24
COLL 0 -0.8855962534435093 0 0.75 1.1157639568671585 | | 0
COLL 10 -2.2 0 0.75 1.1975019783247263 | -2.672090968117118 1.5602567592868581 0.7430910558905452 0 0 2.8514841981232166 2.2828335241647437 -3.0698796461801976 0 0 -1.516585857141763 2.4335149618564174 -11.83801934728399 0 0 2.2377460543066263 2.687722421484068 -11.184373865602538 0 0 -0.19848983455449343 1.7079879564698786 2.592360280454159 0 0 -1.348942390177399 1.1539818530436605 -9.530866201967001 0 0 -2.7486561834812164 -0.17741009127348661 -5.399895840091631 0 0 -0.028262659907341003 2.581260308274068 -9.80387033871375 0 0 -2.8169328323565423 0.8015400434378535 2.976015239721164 0 0 0.5130364811047912 2.0334412618540227 -8.958056173520163 0 0 | 0
COLL 8 0 0 1.55 1.7806220890022815 | 1.0512825292535126 0.6262420585844666 -4.712811523349956 1 0 1.492588032502681 1.2715755349490792 -10.523942510131747 0 0 0.6150730247609317 2.6882678364636377 -7.98001716658473 0 0 -1.868109748698771 0.7492672448279336 -10.349008035380393 0 0 0.6627652393653989 0.6775167701998726 -7.558518957346678 0 0 2.9697034964337945 2.4779392526252195 -5.761376546928659 0 0 1.6935646827332675 1.2446534693008289 -5.6750749128405005 0 0 1.2195656360127032 1.39648366055917 -7.131934808101505 0 0 | 0
COLL 28 2.2 1.7119184038136155 1.55 1.494478607736528 | -2.4393302584066987 0.8506425741361454 -2.498485920485109 0 0 2.023952281102538 1.475807074806653 -4.133144537219778 0 1 -1.5260642878711224 1.9156914812047035 -3.835707656107843 0 0 1.093745805323124 0.6472043774556369 -3.908256616909057 0 0 0.5288919950835407 2.9653699474874884 1.2133930230047554 0 0 -2.5429988256655633 0.024879367323592305 2.931031761225313 0 0 1.6296778796240687 2.339770902413875 -6.6841434861999005 0 0 1.0147703681141138 0.42598534375429153 0.23337441333569586 0 0 -1.5145668843761086 0.8103126015048474 -6.661417582537979 0 0 -2.2630678969435394 2.4414943071315065 -12.580470437649637 0 0 -2.6077741803601384 -0.16644293093122542 -6.013715298613533 0 1 2.0264481212943792 -0.488610539236106 -1.3134672541636974 0 0 -1.6814562217332423 1.2357892643194646 -1.3361439781729132 0 0 -1.544280432164669 0.10859176039230078 -1.9203666348475963 0 0 -1.4870491647161543 0.09026167669799179 -8.393507170956582 1 0 -0.606217629276216 -0.07084968558046967 -12.365151211386546 1 0 1.5684350403025746 -0.3811192633584142 0.3168083452619612 0 0 -1.8839319669641554 2.397967826575041 -3.83804802573286 0 0 1.6511032157577574 1.3943125096848235 0.8198580674361438 0 0 0.20025159185752273 2.3544848286546767 1.738247542642057 0 0 2.155909458640963 0.2052378732478246 2.102676000678912 0 1 2.8712838822975755 1.7716383760562167 -7.776759767672047 0 0 -2.10003401292488 0.2578055509366095 -9.860314532648772 0 0 -1.5982213779352605 -0.45255330216605216 -0.438399646198377 0 0 -0.18991786194965243 0.8818275198573247 -13.974747512955219 0 0 1.7963327835313976 0.23755127482581884 -4.281627253862098 0 0 -0.61412463337183 -0.009311845409683883 -4.330796817317605 0 0 1.8433005544357002 1.7637130477232859 -8.942010723054409 0 0 | 1 18
COLL 23 -1.386734891217202 1.1755031362641604 1.55 1.4803669922519476 | -1.0611785450018942 0.37917540059424937 -10.369411151390523 0 0 1.2243373487144709 1.4417892360361293 -13.683999547502026 1 0 -2.076294860802591 1.8380574381444603 0.27106055757030845 0 0 -1.3734068828634918 2.3191957492381334 -7.48547099228017 0 0 -1.162211820948869 1.278060452779755 -1.193260700441897 0 0 1.095671882852912 0.1397833590162918 -10.840135533129796 0 0 -1.3325770902447402 2.6273968332679942 -9.79653073172085 0 0 0.16398022463545203 2.5334692102624103 -0.718219983857125 0 0 -2.13131746603176 2.510874782106839 -10.95153678371571 0 0 -1.373199858237058 -0.33283905393909663 0.5122328603174537 0 0 2.700832089409232 0.294592700432986 -12.588625722331926 0 1 -2.6906498023308814 0.39835630857851356 -5.158902927301824 0 0 -1.649731659796089 1.3221696979599074 -3.0923869071993977 0 0 -0.7011086563579738 2.8968119983328506 1.43495352123864 0 1 -2.609935614746064 2.030356215313077 -1.907009168062359 0 0 -2.685144843533635 1.1685514787677675 -1.033043552422896 0 0 1.4304353864863515 1.9827984309522435 -6.240057001123205 0 0 1.3924488304182887 2.930163625162095 -8.855333233717829 1 0 -0.960794176440686 2.208822780405171 -12.01869040983729 0 0 -2.733500450849533 0.26346897950861603 -1.4140097363851964 1 0 -2.009750680066645 2.129629760282114 0.7626895136199892 0 0 0.5682947183959186 0.7357894497690722 0.9347671314608306 0 0 1.7602718188427389 1.261329635977745 -4.653074204456061 0 0 | 3 2 4 20
COLL 27 -2.2 0 1.55 1.7911683776881546 | -0.7699788599275053 -0.07196423097047955 -13.301107310224324 0 0 1.0125878686085343 2.715828295564279 -6.883698846679181 0 0 0.3230094686150551 0.49790116550866514 1.524244359927252 0 0 2.8124378537759185 1.8342323612887412 -4.6132407241966575 0 0 -0.7437672154046595 2.0536994234425947 -8.955389983253554 0 0 -2.8202232364565134 -0.1820939719909802 -6.135314881335944 0 0 1.120914800092578 2.049678541487083 -0.39205318479798734 0 0 0.37917220825329423 1.0113329659216106 0.9762992670293897 1 0 0.289201985578984 1.9143294232198969 -6.96832214249298 1 0 1.6436689873225987 2.5022451987024397 -8.321343881543726 0 0 0.8842509007081389 2.50823180237785 -1.2201646936591715 0 0 0.9619552656076849 1.6377425144892186 -3.257848442764953 0 0 -0.000965178944170475 2.9365501494612545 -7.98239481379278 0 1 -2.325815135613084 1.0052885649492964 -12.333864200860262 0 0 -0.2053751782514155 -0.32214300346095115 -0.5147410212084651 0 0 -2.961059555411339 0.5346491464879364 1.3452865700237453 0 0 -1.9784604823216796 0.7412538356147707 2.2963285006117076 0 1 -1.4963826108723879 2.115708186291158 -12.25554705853574 1 0 -2.709578831680119 1.9702952747466043 -11.352626869920641 0 0 1.918835205025971 -0.44552316330373287 -0.8879650018643588 0 0 -0.07593110203742981 0.23465374333318323 -8.815150659065694 0 0 -1.655601910315454 0.29224895872175694 -9.628970596473664 0 0 0.7844113195315003 -0.4973702250281349 0.2507058216724545 1 0 -2.5237097698263824 1.7635728910099715 -3.314256427809596 0 0 -1.7570761162787676 2.0323253580136225 -7.857264385325834 0 0 0.3406181512400508 1.3138122577220201 -11.388846162240952 1 0 -1.2517910222522914 1.4859402606962249 -13.985365797765553 0 1 | 0
COLL 7 0 1.6035075609572231 1.55 1.1127492316998542 | -2.603859897237271 1.0480830240994692 2.17052896367386 0 0 -1.2058114847168326 0.34294876793865114 -12.345062504755333 0 1 2.950255216564983 2.27616879704874 -10.796823513694108 1 0 1.8813666296191514 0.3776982483686879 -13.020603321958333 0 0 0.7153877411037683 0.21661367372144014 -0.01802700385451317 0 0 -2.9901049649342895 2.527367972768843 -12.002110905945301 0 0 -0.665931339841336 2.527943101711571 -0.12459896295331419 0 0 | 1 6
COLL 1 2.2 0 0.75 1.0514741634950042 | -2.5459093200042844 -0.46117012249305844 2.003839646698907 0 0 | 0
COLL 5 -1.985465096309781 0.7107931975275278 0.75 1.6258708056528122 | -1.1952126673422754 1.514777934527956 -11.178089038468897 0 0 -0.8706281203776598 2.58540795231238 -4.560820569749922 0 1 -2.709384902380407 0.8559685202781111 -13.163673593197018 0 0 -1.6140215448103845 0.8055739370174706 -9.305629313923419 0 0 2.9654700653627515 1.818219436216168 -0.9635872219223529 0 0 | 0
COLL 4 -2.2 0 1.55 0.8638466561213136 | -2.637578976340592 0.7093273332575336 -8.028702228330076 0 0 0.8360441434197128 2.9890553433215246 -10.227246086578816 0 1 -1.4201304065063596 1.8563973895506933 -7.092148967785761 0 0 0.6023058677092195 2.3962629713350907 -7.517975679133087 0 0 | 0
COLL 2 0 1.1880399899091572 1.55 1.6588799014687539 | 2.9970799419097602 0.9631749322870746 1.5860441764816642 0 0 1.9595241858623922 0.11071253940463066 -5.379249196732417 0 0 | 0
COLL 12 2.2 0.03046014541760087 1.55 1.7346204367466271 | 1.4439877336844802 0.3918014456285164 -8.480334906606004 0 0 -1.1489021480083466 1.2396549944533035 -5.711087179603055 0 0 -0.6715532974340022 1.0430185931036249 -4.287986735114828 0 0 2.857898958027363 2.0535255246795714 2.4837124017067254 0 0 -0.9088578466325998 -0.4983206815086305 -11.147030759835616 0 0 0.6287270528264344 0.12485386454500258 -7.402773128356785 0 0 0.9745780248194933 2.8093249988742173 -1.156496608396992 0 0 -2.656578247435391 0.9710874282754958 0.5377804609015584 1 0 2.6309157852083445 1.6479206254007295 1.9548558220267296 1 0 2.45740214176476 0.6760225978214294 -12.564788726624101 0 0 2.602193132042885 0.7880202293163165 -2.4894505199044943 0 0 -1.48557092808187 1.386828086921014 -1.5404759396333247 1 0 | 1 8
COLL 9 -1.6344233080744743 0.9698755350429565 0.75 1.0559429651591927 | 1.2192427259869874 -0.06780250614974648 -3.160987044684589 0 0 -1.336581323761493 0.7287624727468938 -8.184402542887256 0 0 1.5313898893073201 0.4020874274428934 0.19367512920871377 1 0 2.9870136911049485 2.279767971835099 -9.439583886181936 0 0 2.5117387915961444 0.7167552389437333 -9.637171569745988 0 1 2.1294357497245073 1.5473054415779188 -8.302300312789157 0 1 -1.2000632579438388 0.2871263107517734 -10.69598824926652 0 0 -2.842274255119264 1.8564215450314805 -3.9498520586639643 0 0 1.9053969187662005 1.1337369173998013 -7.592940534465015 0 0 | 0
COLL 6 -2.2 0 1.55 1.3017641868907959 | -1.1874734298326075 0.08243631466757506 -10.198963198810816 0 0 1.5074400887824595 2.7532743318006396 -5.663217724300921 0 0 2.7832470070570707 2.279144386877306 -8.903129796264693 0 0 1.688381523359567 1.229673006455414 -9.10610765684396 0 0 2.5771425599232316 2.6768642810638994 2.8834824070800096 0 0 -0.27147092018276453 2.5908801775658503 -6.755041293101385 1 0 | 0
COLL 16 0 0 1.55 1.268908791197464 | -1.6567027615383267 1.5027695085154846 -5.672278247075155 0 0 1.1547742607071996 2.620678732986562 -10.064387395512313 0 0 -0.8751630708575249 1.5938780690776184 -5.349454112816602 0 0 -2.083513826597482 1.0195700264303014 -12.762696867575869 0 0 -1.1947522633709013 0.6514427491929382 -0.3842956041917205 0 0 -0.6870267963968217 1.6154160922160372 -4.685246804961935 0 0 -0.9665784621611238 0.48698227293789387 -12.683833627263084 0 0 -1.870066572446376 -0.4770034656394273 -5.371941777179018 0 0 -2.469616881106049 0.13009860436432064 -7.057605733862147 0 0 -2.5547129488550127 0.7202378999209031 -0.8151194907259196 0 0 -2.3155009145848453 -0.24340488330926746 -8.234411101322621 0 0 1.9424442029558122 0.22679317242000252 -12.09223665879108 0 0 1.2948868358507752 2.495045883464627 -6.957422039471567 0 0 -2.4189037531614304 -0.1452092438703403 -6.134794625919312 0 0 0.8229052796959877 -0.31655595370102674 -8.148259915411472 0 0 -0.008476831018924713 0.41160512529313564 -12.737071636365727 0 0 | 0
COLL 17 2.2 0 0.75 0.8264341379515827 | -0.8293759231455624 0.9831873879302293 -8.479478844208643 0 0 0.9295528619550169 2.0705816198606044 -1.914759493432939 0 0 0.499687772244215 1.958359971176833 -0.23916946514509618 1 0 -0.1269399798475206 1.0198177215643227 -13.332170132780448 0 0 -2.272707841359079 2.5884686306817457 -12.62910036277026 0 0 -2.9370762007310987 1.4819257056806237 -4.5081850895658135 0 0 0.8487753854133189 1.0508375499630347 -3.987190062412992 0 0 -0.14364091213792562 1.5843129811109975 -4.048737168777734 0 0 0.08217294467613101 2.8210815109778196 0.5080796435941011 0 0 -2.0334948766976595 2.4050190373091027 -0.2780516901984811 0 0 0.013324170839041471 1.3575208806432784 2.223678247537464 0 0 0.3189218742772937 2.0354987983591855 -4.397954718442634 0 0 1.2918866188265383 2.738890739623457 2.4622054013889283 0 0 2.5538950371555984 2.9100394604029134 -1.7191608170978725 0 0 1.1360636986792088 2.1934765659971163 1.1697708135470748 1 0 1.402986933477223 -0.006640888284891844 0.3981265665497631 0 0 1.212716351263225 0.8896438193041831 -2.4302835860289633 0 0 | 0
COLL 26 -2.9763397411443293 1.3457787608262153 1.55 1.1039645298849792 | -1.1612443886697292 1.1158475094707683 -5.184564383234829 1 0 -0.7066748784855008 1.6127350131282583 2.0257748800795525 0 0 -0.6377589753828943 -0.055898461607284844 -11.002340022008866 0 0 1.0651296903379261 1.183248747489415 -2.7558211903087795 0 0 -0.6078784363344312 2.313196911360137 -2.7805555236991495 0 0 -0.9340972336940467 0.6293036178685725 -0.11138553218916059 0 0 0.1444302680902183 0.15866034978535026 -12.51942368131131 0 0 -1.4813454640097916 0.033191655180417 -11.592810255941004 0 0 2.887501803226769 -0.13585560070350766 -0.5740666876081377 0 0 -0.0044507780112326145 2.5706923253601417 -9.19596007373184 0 0 1.4118476849980652 -0.30708269600290805 -7.085911258123815 0 0 -2.0246494892053306 -0.4827642503660172 -4.179042614763603 0 0 -2.04813926294446 2.321415907004848 -4.791062244446948 0 0 2.1883931178599596 2.3281363843707368 1.9400832280516624 0 0 0.8564809975214303 1.00244237750303 -12.38033749628812 0 0 -2.7705181539058685 0.6778438071487471 -10.131194757530466 0 0 1.2891001445241272 2.9881903828354552 -10.116801486117765 0 0 -1.0290750092826784 0.047703473013825715 0.11311347503215075 0 0 -2.6803019111976027 -0.20142619928810745 -0.17707412340678275 1 1 -2.927419926971197 0.9621902977814898 1.0758853841107339 0 0 -2.3382836398668587 0.29116135090589523 -7.219150067539886 0 0 0.9584184447303414 2.278347844374366 -10.036816423293203 0 0 0.5070491940714419 0.29727471503429115 1.2892617310862988 0 0 -0.29717526119202375 1.0089959227479994 -5.9546376599464566 0 0 -1.666667701676488 1.1498570125550032 -5.447293285513297 0 0 1.4810366467572749 0.27325893216766417 -10.562685084762052 0 0 | 0
COLL 19 -2.2 0.7177778462413699 0.75 1.7878292633220554 | 1.6522273910231888 0.21695002098567784 2.678011995041743 0 0 -2.57786603551358 0.7120561993215233 -9.40132366400212 0 0 -1.3719636616297066 2.4867045099381357 -13.953986479900777 0 0 -0.0915031204931438 2.1893204827792943 -2.8621674890164286 0 0 -2.929622242692858 1.8547700515482575 -3.961000418988988 0 0 -0.4393031559884548 1.201906114234589 -9.456041733268648 0 0 0.8918295186012983 0.8532277239719406 -13.927233330672607 0 0 1.475482857786119 0.1935437162173912 -12.916224066866562 0 0 2.2606260487809777 0.13888416101690382 2.4240502435714006 0 0 -0.6743492265231907 1.1163540289271623 -3.0102345237974077 1 0 2.0422991844825447 0.17986517283134162 2.9636718831025064 0 0 -2.1928747538477182 0.4598313617752865 -2.030113778775558 0 1 -1.5220735003240407 1.6059384772088379 1.7314169025048614 0 0 -0.3134580245241523 2.77462744677905 -3.689902691403404 0 0 -2.7169393873773515 2.7527602842310444 -11.16783877578564 0 0 -0.5670356000773609 1.3401171541772783 -11.452825411222875 0 0 1.9272519573569298 0.13274108292534947 -11.375758991576731 0 0 -1.8399047395214438 1.713931547710672 1.6821766113862395 0 0 -1.722736957948655 0.8547718412009999 1.4060913901776075 0 0 | 3 12 17 18
COLL 21 0 0.5018507027998567 1.55 0.9628695614635945 | 2.6371238864958286 2.548245817539282 -1.1433721245266497 0 0 -0.9534769174642861 0.9204211671603844 -11.886013511102647 0 0 2.6982350083999336 2.154685125220567 -3.3248257348313928 0 1 -0.9785804729908705 0.624095784383826 -0.5131227434612811 0 0 2.8869841997511685 1.0198399579385296 -2.749023841926828 0 0 1.1168525721877813 1.955336457467638 -7.671823205193505 0 0 1.2224054709076881 1.1500776535831392 -4.595247779274359 0 0 0.4805166875012219 -0.32968208042439073 -3.118006343720481 0 0 -2.598857144359499 1.9313180563040078 -2.650925542926416 0 0 -1.4449339401908219 2.904233465436846 -5.693140014307573 0 0 -2.3852266604080796 2.46439401502721 -3.0311192243825644 1 0 0.46803208719938993 0.5347030517878011 -4.8647033497691154 0 0 2.045211141463369 2.9086993731325492 -11.631630496820435 0 0 0.8577161729335785 -0.18500952515751123 -4.929399750893936 0 0 -2.2096963059157133 2.8447449686937034 -8.189564846921712 1 1 -1.001676017884165 1.3405625507002696 -8.127744242316112 0 0 0.03818220505490899 1.69535576866474 -2.0567475827410817 0 0 -0.04886177787557244 2.062976519926451 -4.574037036392838 0 1 0.9681137893348932 2.2036022490356117 -2.8855827786028385 0 0 0.9605912938714027 2.7576577578438446 -12.265839938307181 0 0 0.9981209957040846 1.887157691991888 -11.262927786679938 0 1 | 0
COLL 11 2.2 1.5432337562553584 1.55 0.8753705461975188 | -1.185192114673555 -0.1243130270158872 -7.011978154303506 0 0 2.294878311920911 0.7279802212724462 -0.04676948883570731 0 0 -0.9349719076417387 0.7710276243742555 1.2755327075719833 0 0 -2.335131132043898 2.172639389988035 -10.28377557802014 1 0 -1.6514229699969292 1.0839283934328705 -1.1321248547174037 0 0 2.2389435404911637 0.04041727969888598 -7.2195986493024975 0 0 -1.4281147476285696 1.9398562136339024 -8.122675361810252 0 0 0.4171220348216593 1.1955520452465862 -5.365901633165777 0 0 2.7444269894622266 1.2585091409273446 -11.340426492504776 0 0 0.9690709006972611 2.1532524343347177 -2.35723341233097 1 0 1.5665233517065644 0.2727196746272966 -0.04804707528091967 0 0 | 0
COLL 30 0.5868650623597205 0 1.55 1.6041514893993736 | 0.18934891652315855 2.280766671639867 -3.7296560395043343 0 0 -2.76319193886593 0.6819735647877678 -10.986137667670846 0 0 -2.409410084132105 -0.046491061453707516 -6.113204069668427 1 0 0.8835459155961871 2.8298615482635796 -2.3857295913621783 1 0 -1.6965121747925878 0.24745685630477965 -2.940447555622086 0 0 1.6607603821903467 2.4812331395223737 -12.827940360177308 0 0 0.7374535887502134 1.1661728647304699 2.2168521790299565 0 0 -0.22750805178657174 2.4874315408524126 -9.31498609809205 0 0 0.1491207294166088 2.9400418314617127 -12.025740931509063 0 0 -0.6340647102333605 2.9272008285624906 -9.548349091550335 0 0 0.7714984095655382 1.6895354182925075 -12.641834583831951 0 0 1.4214427485130727 0.790269241319038 -4.019165449542925 1 0 -2.1834792480804026 2.9555388574954122 -6.834496173541993 0 0 0.003955526277422905 0.18515000608749688 -8.001467498484999 0 0 2.541972949169576 2.111939220689237 2.2947284302208573 0 0 -2.1586037990637124 2.1162673968356103 -11.197543911403045 0 0 2.7263569333590567 0.4700633038301021 -13.153219317086041 1 0 0.04473893065005541 -0.4188745137071237 -6.451714605325833 0 0 0.4448585878126323 1.3573292209766805 -4.668295304989442 0 0 -2.4560293438844383 0.1941887780558318 -11.158843708457425 0 0 -2.7317054509185255 2.52449148055166 -9.09897689614445 0 0 -2.890974028967321 -0.03521705023013055 -1.8135871791746467 0 0 -0.8836335693486035 2.7496415111236274 -0.516710233874619 0 0 -1.8951517269015312 0.29192928853444755 -2.298952361335978 0 0 1.6008640634827316 0.07440796331502497 -10.758401732891798 1 0 -2.5227544005028903 0.08854892908129841 -4.524132643826306 1 0 0.8352512698620558 -0.0915060630068183 -0.9230809204746038 0 0 1.1353670060634613 0.9333839905448258 -5.310696358792484 0 0 -1.8063657595776021 1.1241275693755597 -4.190574920736253 0 0 1.5247707492671907 1.0718668142799288 -12.01655156398192 0 0 | 1 26
COLL 17 -2.2 0.7555321614257992 0.75 1.0514759821351618 | 1.6389036630280316 -0.2098996537970379 -1.857160307932645 0 0 1.477634908631444 2.8096673177788034 -7.934183919103816 0 0 1.7262887796387076 2.095125093474053 -5.5578857969958335 0 0 -1.0861228220164776 2.5876732111210003 -7.732417860999703 0 1 -2.2620715987868607 2.578674949007109 -7.1683559329248965 0 0 -0.6580229289829731 -0.4996287494432181 -12.871149306185544 0 0 1.08766072941944 2.901333086658269 2.3042505292687565 0 0 -1.2631818247027695 2.6005810796050355 -2.3514546507503837 0 0 -2.159753234591335 1.6817630659788847 -2.3278674085158855 0 0 -2.538239147979766 1.9528892885427922 -0.9681770985480398 0 0 -2.6993665834888816 0.36838245764374733 -12.517984476871789 0 0 -2.897099592257291 0.37171579501591623 -4.20658715069294 1 0 -0.39186211628839374 0.23293644364457577 -8.326134138042107 0 0 1.2136248489841819 2.5391373767051846 -6.860143174417317 0 0 1.8455150350928307 1.017926839296706 -9.679387676529586 0 0 -1.5531700286082923 -0.14199892000760883 -12.383600242668763 0 0 0.41133170714601874 0.833467649994418 -10.550179694546387 0 0 | 0
COLL 21 0 0.5290316507220268 1.55 1.165147116361186 | -0.23808155581355095 0.17979785334318876 -2.674957792740315 0 0 2.013988605234772 0.11688311817124486 -11.219841942191124 1 0 2.089016752783209 0.39559543458744884 0.1535595813766122 1 0 1.9069012328982353 2.095835182466544 -11.851587184239179 0 0 -1.1673839427530766 1.660770401591435 -0.24193566921167076 0 0 -0.7393298847600818 2.3529012193903327 -0.7428897523786873 0 0 -0.39095975970849395 -0.4202436361229047 -4.506975202821195 0 0 0.28503591008484364 0.5252693879883736 -9.12172939046286 0 0 -0.5062706493772566 0.6155498381704092 -3.2460018263664097 0 0 -1.9645751514472067 1.1989542520605028 -2.309518691850826 0 0 -0.634989985730499 -0.03188855096232146 -5.576517590554431 0 0 0.9889489850029349 -0.42357337079010904 -6.5933196356054395 0 0 -2.0982337994500995 -0.1261935925576836 1.9104647000785917 0 0 0.06268795765936375 1.6984715013531968 -2.5954042442608625 0 0 0.517762178555131 2.5893014585599303 -13.569840052630752 0 0 2.001706049311906 0.7073312285356224 -5.2431095477659255 0 0 -0.6282380595803261 -0.0398280342342332 -12.712317686527967 0 0 -2.600781755056232 0.32755454326979816 -10.44594721053727 0 0 0.9390448979102075 2.3249185592867434 -5.519542125752196 0 0 -1.5504360599443316 2.3378980092238635 -1.0884297129232436 0 0 -2.9303456135094166 1.1847138097509742 -13.982001759111881 0 0 | 1 5
COLL 18 2.2 1.7262879270594567 1.55 1.7478324465453625 | 0.18040250334888697 2.468047672882676 -1.760691076517105 0 0 -0.058442600537091494 0.8664072613464668 -1.3765534402336925 0 0 2.069594582542777 1.3837826033122838 -5.09301346144639 0 0 2.338454157114029 2.1382846302585676 -10.353440837934613 1 0 1.4090709337033331 2.475435222731903 -11.527899665059522 0 0 0.24519161274656653 1.548879032372497 -11.571401072666049 0 0 -2.1183564397506416 1.9424919080920517 -9.674099088646472 0 0 -2.719157185871154 0.164159168722108 -1.0454212417826056 0 0 -1.3830747683532536 2.857709697331302 -13.884804150322452 0 0 -1.1549077229574323 2.9471858096076176 -8.356781979324296 0 0 2.1465150117874146 1.9099924142938107 -10.410901663359255 0 0 -0.65605598827824 2.541157455998473 -7.540539992507547 0 0 -1.8837373489513993 1.4111798690864816 -2.6573804980143905 0 0 -2.169364846777171 0.6689481288194656 -0.04098331369459629 0 0 1.7380857621319592 2.0990027628140524 -5.365671048872173 0 0 2.041546542663127 2.449925335124135 2.223263242514804 0 0 2.5254090749658644 0.756426569307223 0.11332943406887352 0 1 1.8283691159449518 2.8005363781703636 -5.755738231353462 0 0 | 0
COLL 17 2.3834198084659874 0 1.55 1.3983108945656568 | -2.0754686244763434 2.650975211407058 -3.9049780974164605 0 0 -1.0802405392751098 2.596266935346648 -2.2975985256489366 0 1 0.5520987887866795 0.301946391700767 -13.727241983171552 1 0 -1.3435743399895728 0.6883928475435823 -3.798442070139572 0 0 0.20475368667393923 2.1602103267796338 -0.7157306186854839 0 0 -1.837096803355962 2.212472504703328 -9.956109422957525 0 0 0.12507358565926552 0.9161847324576229 2.2217224212363362 0 0 -1.721345010213554 0.8806690892670304 -0.5867957591544837 0 0 0.5158373387530446 0.7378410692326725 -7.210385806160048 1 0 0.17711428413167596 1.606099525699392 -3.57637284649536 0 0 -2.7352304589003325 2.6809874860337004 -11.106522265588865 1 0 -1.1773670702241361 1.1554314320674166 -13.633514162153006 0 0 -0.0114116370677948 1.4645453499397263 -9.41630885261111 0 0 -1.0540456837043166 2.468558208202012 -13.347801029449329 0 0 1.5321675594896078 1.0008115280652419 -11.788276814157143 0 0 0.01134156296029687 1.1148608189541847 -9.131847325246781 0 0 2.2500266153365374 2.13837304036133 -13.109919108683243 1 0 | 0
COLL 15 -2.2 0.7516317203175277 0.75 1.0810867342632264 | -1.6540384562686086 0.5721578262746334 -9.89256344572641 0 0 -0.6566227809526026 2.449256894411519 -3.7673825526144356 0 0 -0.24028539983555675 2.688901366549544 -11.21325944061391 0 0 -2.5922543699853122 0.007338998024351895 -11.690870960708708 0 1 0.5454565803520381 1.599346975213848 -5.5925623760558665 0 0 2.1964160003699362 0.7777858572080731 -2.020052354084328 0 0 -1.114058350212872 1.7238125996664166 -0.7023844919167459 0 0 -2.8876888398081064 0.2801899196347222 1.8817199154291302 0 0 1.4259236175566912 1.1381259997142479 -5.561079790815711 0 1 0.836926756426692 1.5960791172692552 -13.133585671661422 0 0 -0.677302282769233 1.1387107046321034 -3.919585594208911 0 0 0.4225771827623248 1.39113808167167 -3.8981307896319777 0 0 2.008909698575735 0.11648382421117276 2.4491914401296526 0 1 0.1595196188427508 -0.17704553273506463 -1.3831178611144423 0 0 0.23055060300976038 1.6402598379645497 -2.7592650167644024 0 0 | 0
COLL 4 0 0 1.55 1.349491914920509 | -0.5049709640443325 2.4024395804153755 -1.2919763950631022 0 0 -0.30821842420846224 2.116624307469465 -3.731447152560577 0 0 -0.762541925534606 0.7191152567975223 -1.917800220893696 0 0 -2.647212114650756 2.279818802489899 -8.289276167284697 0 0 | 0
COLL 13 2.2 0 1.55 1.4292706523090601 | -1.8260637167841196 1.9011323457816616 1.70122846448794 0 0 1.149681023787707 1.1209539090050384 2.563346030889079 0 0 1.5554087008349597 2.8987074228934944 -7.85428286739625 0 0 1.5029809470288455 2.6788548175245523 -7.083062273915857 0 0 0.7060982147231698 1.9579915491631255 -4.802896436303854 0 0 0.2791759413667023 2.122674997081049 -12.421166463755071 0 0 -0.6310236104764044 1.6638224859489128 -8.000892985146493 0 0 2.5618507959879935 1.1863209828734398 -7.043038178468123 0 0 1.0837237746454775 0.5978369008516893 0.017068526474758983 0 0 1.7568490449339151 2.5156982409534976 -3.703072800533846 1 0 -1.4339581998065114 0.7405622939113528 -6.562790415249765 0 0 -2.926502115558833 -0.20191586727742106 2.8718048420269042 0 1 -2.7836565105244517 1.2382483072578907 -10.52576400176622 0 0 | 0
COLL 30 1.884702708106488 0 1.55 0.9102065795566887 | -2.5443869163282216 0.9101394399767742 -13.120034367777407 0 0 1.19053834117949 2.9045058025512844 -13.891823953017592 1 0 0.37795816780999303 1.7332175037590787 0.923271608306095 0 0 -0.34752350952476263 1.6910363038768992 -10.673095554346219 0 0 -0.8347599324770272 0.789454706478864 -6.979261775268242 0 0 -1.4584049046970904 2.600634861853905 -0.8351079777348787 0 0 -1.831471708137542 1.7315726599190384 -12.616545412922278 1 0 0.0022591729648411274 -0.024288381217047572 1.429251380963251 0 1 1.020318700466305 1.8904196296352893 0.04909288347698748 0 0 1.513581037055701 -0.4228488758672029 -7.727959995623678 0 0 -0.7490762611851096 1.1446947087533772 -11.395982397021726 0 0 -0.4849281767383218 2.1501664522802457 1.987961276434362 0 0 1.7861054535023868 2.246142210206017 -13.89342884439975 0 0 2.7460385793820024 0.6480080283945426 -13.535808188142255 0 0 2.510488532949239 2.19367633969523 -7.281435573240742 0 1 1.2908082297071815 1.0719062484567985 -12.926402584649622 0 0 2.937336356844753 -0.37234201142564416 -2.035875057335943 0 0 1.9147541373968124 0.40790078102145344 -10.242919944692403 0 0 -2.1839902130886912 0.7321231787791476 -10.849332227138802 0 0 -0.19280802458524704 0.7233989601954818 -5.9119881864171475 0 0 0.08707594033330679 1.0520445539150387 -4.232939009787515 1 0 -2.3907107175327837 1.3233246073359624 -8.490574517985806 0 0 -2.9733130331151187 1.935463440604508 -3.415199895389378 0 0 -0.003316133748739958 2.5882538724690676 -6.483289521653205 1 0 0.4036017721518874 -0.1394213748862967 -12.07927280338481 1 1 -2.4834755840711296 1.7782497080042958 1.5607729675248265 1 0 -0.8488973672501743 2.1286373597104102 -11.53058446245268 0 0 -2.033810191322118 0.810257336939685 -7.466852711746469 0 0 -0.8418729621917009 0.5498881117673591 -8.500874324468896 0 0 -0.07231355784460902 0.26163523690775037 -9.482807873049751 0 0 | 0
COLL 20 -2.2 1.0880091156810523 1.55 1.5392916197422892 | -0.6477183108218014 1.3684470413718373 0.6567550415638834 1 0 1.4150015395134687 1.5932507298421115 -10.18299744115211 0 0 0.8990308404900134 0.6841974067501724 -6.767433492932469 0 0 0.44008798711001873 1.8400994832627475 -4.097668330650777 0 0 2.1455887905322015 2.7705675283214077 -12.91872174013406 0 0 -2.1608782690018415 0.3420021594502032 -0.20192571613006294 0 0 -2.437654066365212 0.9058341301279142 -8.098679839400575 0 0 -2.138836811296642 2.0989355085184798 -8.547685018042102 0 0 1.7292114193551242 0.8715519729303196 -9.916430725017563 0 0 -0.5746743902564049 2.9917630625423044 -1.6413495938759297 0 0 -1.8057313822209835 1.621648938045837 2.886410276638344 0 0 1.694848420098424 2.187475664773956 -9.89448008663021 0 0 0.3221607911400497 1.3909587311791256 -1.378578339703381 0 0 -2.0098472703248262 2.5688079427927732 -8.067645111586899 0 0 1.3542874711565673 0.23812509584240615 -7.238739251391962 0 0 2.7890605819411576 0.3318649821449071 1.8793802859727293 0 0 1.1293804356828332 0.10981953795999289 -3.6116177167277783 0 0 -0.7829931252636015 2.922904723091051 -4.541264911182225 0 0 -1.0767764984630048 0.13190203323028982 -4.754593895282596 0 0 -1.7020213888026774 1.1697091091191396 -6.202388308243826 0 0 | 0
COLL 17 0 0 1.55 1.552584477653727 | 0.5355197028256953 0.6239091127645224 -7.630392900202423 1 0 -0.2207128806039691 2.716672084759921 -7.3757951816078275 0 1 -2.094334155321121 0.786000368418172 -7.67975656199269 0 0 0.02403246145695448 1.4782035980606452 -2.8434248957782984 0 0 -1.694653405342251 1.4240259627113119 -6.2256241287104785 0 0 2.961194305680692 2.0783668477088213 -1.946093530394137 0 0 -1.3575792876072228 1.297149195568636 0.002079031430184841 0 0 -2.6719751777127385 2.799789103330113 -10.656282410491258 0 0 -1.5508923176676035 1.2442842291202396 2.2191954143345356 1 0 -0.880415266379714 2.875801677349955 -2.873270042007789 0 0 0.318071520421654 2.021232943981886 -4.174732137937099 0 0 -0.3209367133677006 2.6211154971970245 -6.584547715261579 0 0 -0.15377604961395264 0.157752669416368 -10.027460137847811 0 0 0.8157341172918677 1.95275829709135 -7.570774186402559 0 0 -0.34717054897919297 0.49662610865198076 -6.646123280515894 0 0 -2.783352477941662 1.6423179106786847 -0.8912205880042166 0 0 0.5282083684578538 1.8925954336300492 -13.020756354788318 1 0 | 0
COLL 14 2.2 0 1.55 1.4207578545436264 | -2.2801547292619944 1.5964309551054612 -5.5966999107040465 1 0 -1.0913370978087187 0.5344754710095003 -13.13075923291035 0 0 2.9245868395082653 0.5242683420656249 -1.6912264616694301 0 0 2.3250305796973407 2.4331156295957044 -6.024860551813617 0 0 0.01307744113728404 -0.1855416400358081 -4.420523362001404 0 0 0.9846426886506379 -0.42073958297260106 -9.239829701371491 0 0 1.97272447636351 1.6007514303782955 2.3635015732143074 0 0 0.17220000503584743 2.8971934001892805 -7.700386988930404 0 0 -1.4279203698970377 1.2203321834094822 -2.9537726568523794 0 0 -2.030706779100001 1.1896883646259084 -12.116170003078878 0 0 -1.0201723272912204 0.281162426690571 2.646539894863963 0 0 2.0928361332044005 2.9587892666459084 -4.742548193316907 0 0 -0.1830761432647705 0.3269907692447305 -11.69598765927367 0 1 1.672202427405864 1.5076489791972563 -1.921816922025755 0 0 | 0
COLL 17 1.9663369352929294 1.4222121510654688 1.55 1.0256608840543777 | -2.32534562330693 2.0751097864704207 -9.492572775110602 0 0 -1.7660769908688962 2.952121122623794 -7.062675651395693 0 0 -0.6991249532438815 1.5032917499775067 -13.699140567332506 0 0 0.9583736937493086 0.25385029753670096 -1.5307741379365325 1 1 2.6622586785815656 2.218403253820725 -9.757682158611715 1 0 0.9836446805857122 1.2744784342357889 -3.962840790860355 0 0 -1.2227390217594802 -0.34417779732029885 -13.899788713548332 0 0 1.7205300922505558 2.6712240227498114 -7.7406747348140925 0 0 -0.6582710891962051 1.4929796031210572 0.7427271699998528 1 0 0.5392950237728655 -0.29971993481740355 -1.4288805036339909 0 0 2.4366672886535525 0.7520430218428373 -1.8692823145538568 0 0 -0.8444779361598194 -0.1820508063538 -13.41172078391537 1 0 1.0286998227238655 2.2209369194461033 -11.252763407304883 0 0 -1.0431281458586454 2.969583168742247 -7.662065336713567 0 0 1.7890601134859025 2.419576436164789 -7.8930998388677835 0 0 2.3241958133876324 0.8276962511008605 2.9803407811559737 0 0 -0.7621502224355936 2.988973067025654 -10.556749082868919 0 0 | 0
COLL 7 -2.2 0.1155250028707087 1.55 1.733680447516963 | 0.36064650351181626 2.654797918512486 -0.3305927256587893 1 0 1.6899285363033414 1.2661460450617597 -11.79364763200283 0 0 -2.568122686352581 2.8665566409472376 -0.6368103418499231 1 1 2.3079810929484665 2.1119783957256004 -6.600866264197975 0 0 -2.4874959541484714 2.0151892153080553 1.9135081823915243 0 0 -1.847251284867525 1.824306172435172 -8.529384028399363 1 0 0.6313935262151062 2.424713733722456 1.0946550825610757 0 0 | 0
COLL 0 0 1.4878283612430097 1.55 1.7937277594581247 | | 0
COLL 12 2.2 0 1.55 1.6832125694025308 | -0.552636151202023 2.6718560045119375 -5.542471579741687 1 0 -2.090742526575923 1.6812945880228654 -10.904468966647983 0 0 0.190257519017905 0.18871842382941395 -8.470740579767153 0 0 -1.4310815348289907 -0.23093763273209333 1.6371453148312867 0 0 -1.4493554164655507 1.476351240533404 -12.262422805419192 0 0 -1.92201374983415 1.8739549973979592 -8.131054779049009 0 0 1.3617449733428657 0.5768855001078919 2.067756183212623 0 0 0.7274056551977992 1.442689445335418 -8.272474620724097 0 0 -1.6561153591610491 2.9657755178632215 -12.759186287410557 1 0 -2.0425221822224557 1.8690128929447383 0.6573388644028455 0 0 1.8167125834152102 1.0957742992322892 -11.359719090396538 0 0 -2.806638428941369 -0.17076377454213798 -1.662568158004433 0 0 | 0
COLL 0 2.704531868454069 1.3759586770087482 1.55 1.0794404313899577 | | 0
COLL 7 -2.2 0.05993713550269604 1.55 1.4566317812539638 | -1.9250507885590196 -0.48718493070919067 -10.80217082425952 0 0 -1.4990783259272575 0.4800000872928649 -11.650788095081225 0 0 -1.509271137882024 0.9679727321490645 -9.636990173021331 0 0 -0.8533058906905353 1.765890580136329 -10.168339161667973 0 0 -0.8384456438943744 0.008857466047629714 -13.26225529354997 0 0 -1.4167960588820279 1.5737604105379432 -2.1031447120476514 0 0 -0.7232369952835143 1.3165389039786533 -13.730814971029758 0 0 | 0
COLL 19 0 0 1.55 1.1660397788044066 | -2.9514125352725387 2.2252749576000497 2.113019623560831 0 0 1.6294230069033802 0.6277535045519471 -9.32406685478054 0 0 -2.6610419950447977 0.48122244980186224 -1.1506318566389382 0 0 -2.4673648243770003 2.4449331643991172 -3.7594936455134302 0 0 2.0201220964081585 0.4967926471726969 -9.02089579636231 0 0 0.1620698645710945 2.7389418457169086 -1.7439361882861704 0 0 2.67108308756724 0.4120193768758327 -13.898724683560431 0 0 0.2080433671362698 -0.21089363528881222 -4.493641009787098 0 0 1.3203051052987576 -0.16795770172029734 -7.861500623635948 0 0 0.8554907385259867 2.2182701468700543 -4.136099436786026 0 0 -0.3870559623464942 0.5733799989102408 -3.497719540959224 0 1 0.5141103453934193 -0.22050563665106893 -12.838067299686372 0 0 -2.8625031653791666 0.6055188726168126 -1.844161280663684 0 0 -2.5359182730317116 2.1312052375869825 -4.8282828819938 0 0 -1.5006768750026822 2.108520667650737 -2.077848052373156 0 0 -2.249712372198701 2.4255288512213156 -12.217359103728086 0 0 -0.8474913099780679 0.583580460282974 -0.9600285070482641 0 0 0.43181351479142904 1.1178854996105656 -3.117146722972393 0 0 -0.637107930611819 1.362396260490641 0.13816415332257748 0 0 | 1 18
COLL 10 2.2 1.5099133417010309 0.75 0.9366442444268614 | -2.5939698396250606 2.516361410031095 -13.5548182989005 0 0 1.9473907467909157 1.8435985572868958 -12.304418187588453 0 0 2.3889562957920134 2.879643569001928 0.8164697694592178 0 0 1.5937173189595342 2.4926240174099803 -3.5412571851629764 0 0 -2.73372751660645 1.0783615802647546 -0.5721274577081203 0 0 1.2077228520065546 -0.4217229022178799 -8.283793615642935 0 0 -1.3545025731436908 2.216921842074953 2.870206873398274 0 0 0.3597357999533415 0.6542676162207499 0.27538459096103907 0 1 -2.1628848840482533 2.065962204011157 -10.497706149006262 0 0 -2.148896268568933 2.7547718558926135 2.977337358985096 0 0 | 0
COLL 12 0.7408170732669532 0.4049031191971153 1.55 1.7476043093018234 | 0.013658077921718359 1.4268032220425084 -5.419682474806905 0 0 2.626546605024487 1.2079782432410866 0.882841611513868 0 0 2.973334155511111 0.3923637348925695 -8.793404461583123 0 0 1.0192953175865114 2.4598360439995304 -0.7415761668235064 0 0 -1.6760116601362824 1.1169378488557413 1.8883716762065887 0 0 -0.7707140087150037 2.8763810918899253 -2.927985582035035 1 0 -2.7900199466384947 1.4167440525488928 -3.691556861391291 1 0 -0.0202071201056242 2.3626944300485775 -8.83496730425395 1 0 -0.6547105056233704 2.1104053093586117 -8.303364623803645 0 0 -0.8484284109435976 0.0233138685580343 -5.82235222728923 0 0 1.642576219048351 2.764028189354576 -4.152744154678658 0 0 1.127697633113712 2.1499046062817797 2.874308108119294 0 0 | 0
COLL 21 -2.2 0 0.75 1.6898485142271966 | -2.1096472525969148 -0.056811909074895084 -5.883808641228825 0 0 2.3592919930815697 0.42360952810849994 -10.72180710779503 0 0 -1.8121772836893797 0.887195085757412 -3.955847020726651 0 0 -1.7681095227599144 0.4893578514456749 0.8300053239800036 0 0 -1.5244911122135818 1.5815925468923524 -10.049439144087955 0 0 -2.467727375216782 -0.031216875882819295 -7.727909454377368 0 0 1.3379051084630191 2.170556524535641 -12.79545499291271 0 0 2.4209979786537588 1.0602209991775453 -12.004584478214383 0 0 -1.1918288497254252 -0.12354969442822039 -13.28424428217113 0 0 0.35712129157036543 -0.05803563492372632 -13.516243576304987 0 0 -0.6392199900001287 2.1098176813684404 -0.5363552351482213 0 0 -1.5210507586598396 2.468814454972744 -8.126415623817593 0 1 2.59036151971668 -0.20062973583117127 -9.084964874899015 0 0 -0.9836300890892744 -0.1596477876883 -8.286346136592329 0 0 0.20189372543245554 2.6014858833514154 -5.502838071668521 0 0 -0.032877619843930006 0.3749424406560138 -2.448465788504109 1 0 0.22307333070784807 -0.2789531358284876 -6.3923589799087495 0 0 0.37502332124859095 1.6464529823279008 -9.205815359484404 1 0 0.7712068073451519 2.1578751472989097 -10.410755367251113 0 0 -1.0682712527923286 2.7737508380087093 -11.821435782359913 1 0 -0.9233052260242403 -0.4002901545027271 -4.015156549867243 0 0 | 1 3
COLL 9 0 0.2399410621728748 1.55 0.9095025585964323 | -2.021684519480914 2.6365090161561966 -8.19429845083505 0 0 0.383545930031687 0.5995755918556824 -2.515415243105963 0 0 0.03712769178673625 -0.06238459690939635 -1.127421380020678 0 0 -2.7164355106651783 2.0281692454591393 -6.359248249325901 0 0 0.3427382684312761 2.459688220638782 -12.320648660417646 0 0 1.5745325800962746 -0.4295317697105929 -1.4318768922239542 0 0 -2.0191638045944273 0.7415397091535851 0.383326546754688 0 0 -1.1109268795698881 1.8028854331932962 -3.581325876759365 0 0 -1.9877845589071512 -0.25641968147829175 -4.860491584520787 0 0 | 0
COLL 27 2.2 0.10975317195989191 1.55 1.5208760974463076 | 0.34295243863016367 1.9898298850748688 -12.467890779254958 0 0 1.5164380171336234 1.5690275302622467 -8.392653424059972 0 0 -2.522738764062524 2.531657644547522 -8.670904073864222 0 0 0.2725899978540838 1.0465466558234766 -10.932974098948762 0 0 1.0552912317216396 2.1040253116516396 -4.371244403999299 0 0 0.26729636779055 0.5670896630035713 -10.191681495169178 1 0 2.3205337151885033 0.8718627402558923 -10.474041299894452 0 0 1.9457056042738259 -0.19736159429885447 -4.188857717672363 0 0 2.6887854184024036 0.8250357818324119 -1.0916692686732858 0 0 -1.0248648156411946 1.4978360893437639 -1.6288866109680384 0 0 -2.263781181536615 0.28600042103789747 -2.0547372451983392 0 0 -1.2490441175177693 2.3625895865261555 1.4457710697315633 0 0 2.433598664123565 0.33847041334956884 -12.410127577139065 0 0 -1.9428093493916094 2.0410331113962457 2.782800599001348 0 0 -0.22997856326401234 1.7668336796341464 -9.27650533337146 0 0 1.247902175411582 1.0590341234346852 -0.22870711446739733 0 0 1.9369084127247334 2.3613112749299034 -2.5065662700217217 1 0 -1.5026865969412029 -0.36778317496646196 -3.7659522618632764 0 0 1.5758209065534174 1.408233898691833 -0.12495049950666726 0 1 -0.6510378015227616 0.47909578634426 -4.9430304151028395 0 1 1.16077561955899 0.6849847725825384 -8.004624812398106 0 0 -2.210994672495872 1.2295347875915468 -4.982877804199234 0 0 2.9195947092957795 0.7711565369972959 -4.813003106275573 0 0 2.417208469938487 0.3194566713646054 -7.670681441668421 0 0 -2.284907887224108 0.4021288222866133 1.3597830256912857 0 1 2.875013611279428 2.002266130875796 -3.5321655198931694 1 1 -1.1283098892308772 1.8547507317271084 -4.034813239471987 0 0 | 1 8
COLL 18 -1.5044258097186685 1.0393873306922614 1.55 1.7739695936441422 | 2.4459331640973687 -0.23874911444727331 -10.297325920080766 0 0 -0.14305927231907845 0.556814685696736 2.1805601879023015 0 0 1.5188622940331697 -0.4602998773334548 -0.3632142641581595 0 0 2.7464873045682907 0.6291434991871938 -9.845125077292323 0 0 0.30212205089628696 1.3344059109222144 -12.483193519990891 0 0 -0.37864356581121683 0.7823604621225968 -13.345130061730742 0 0 2.63810257287696 1.127802717150189 -0.5925561906769872 0 0 1.3945290078409016 2.307849749107845 -1.3603818325791508 0 0 0.5652810791507363 2.4258759079966694 -10.25007518636994 0 0 -2.7972254985943437 1.6436028890311718 -6.9311606551054865 0 0 0.9943032427690923 1.8554167643887922 -4.591160132782534 0 0 -2.802235124632716 1.2375541089568287 -4.325978778768331 0 0 2.0503548248670995 -0.33027531090192497 0.2780195160303265 1 0 -0.06577515648677945 2.4493962386623025 0.7301333039067686 0 0 2.5436013489961624 -0.46213749481830746 -12.749065233627334 0 0 -1.074090467300266 2.3568183188326657 -4.218274140032008 0 0 2.831727057695389 1.8208838406717405 -3.862372206756845 0 0 2.501037262380123 2.99558794463519 -10.998409204185009 0 0 | 0
COLL 10 -2.2 0 0.75 0.8576468964572996 | -0.6252245726063848 -0.19019182270858437 2.64749702392146 0 1 -1.890137574635446 0.1575835916446522 -0.30969493952579796 0 0 -1.0004994026385248 1.2941059733275324 -2.744018485303968 0 0 -1.8409766172990203 2.700239635654725 -1.405882665188983 0 0 -2.5741359097883105 0.9790286823408678 -3.761323302751407 0 0 1.274363818578422 0.7824286356335506 -0.3743841052055359 0 0 -1.3692296231165528 -0.31606605264823884 -6.093249547295272 0 0 0.16954422974959016 1.6373417365830392 -2.014174726558849 0 0 1.3862178842537105 1.924304111278616 1.0114700531121343 1 0 -0.528809211216867 0.406287370598875 -6.606542510446161 0 0 | 1 1
COLL 4 0 0 1.55 1.195003994461149 | 0.5018250779248774 -0.46380630345083773 -10.259413513820618 1 0 -2.4864561217837036 1.5143829506123438 1.0955622086767107 0 0 -2.88143120566383 -0.0669882744550705 -9.591404945356771 0 0 -0.7598818726837635 1.0066128943581134 -9.437678185524419 0 0 | 0
COLL 29 2.2 1.199239838635549 0.75 0.8733453335706145 | 1.9026714311912656 2.2419201211305335 -6.823585993144661 0 0 2.066170090343803 1.3410699926316738 -4.910483142826706 0 0 -2.8126327539794147 -0.1364417439326644 -9.449026019312441 0 0 0.32751477509737015 0.5757933483691886 -6.554586231941357 0 0 0.5677415812388062 1.9756129903253168 -7.270301485899836 0 0 0.9287310317158699 1.9666727805742994 -0.883105153683573 0 0 0.6986004891805351 1.7523060941603035 -9.719006796833128 0 0 -1.7138647162355483 2.803173709777184 -3.441845462890342 0 0 -0.006482271943241358 0.9196806902764365 1.296014918712899 0 0 -1.9242765591479838 0.30367026769090444 1.5081358407624066 0 0 0.7522219768725336 2.123136173468083 -5.477333495859057 0 0 1.8260889225639403 0.40684765111654997 0.3352096574380994 0 0 2.7415814618580043 2.157473401282914 -1.4958628264721483 1 0 -0.08720045909285545 -0.022918893722817302 -8.37888240488246 0 0 -1.5932008945383132 2.9860772093525156 -5.713626615004614 0 1 0.02243169955909252 0.16254712652880698 -11.394920215476304 0 0 0.6760016586631536 -0.4041878298157826 -4.651834342861548 0 0 0.7259566392749548 2.705342111410573 -8.671732765855268 0 0 2.214493313804269 -0.006971878348849714 -3.090374135412276 0 0 -0.7822390920482576 -0.4292572698323056 -1.8479064982384443 0 0 -2.235388885717839 1.675125788198784 -9.431938830995932 1 0 -2.0566253238357604 1.444534845999442 -9.190462837461382 0 0 -1.6477457438595593 1.8408988217124715 -4.8826141834724694 0 0 -2.7886891630478203 2.6209919181419536 -5.837560503510758 0 0 -0.5369532541371882 1.4315168908797204 -2.1694687083363533 0 1 -1.960821710061282 -0.2570399782853201 -0.6396917786914855 0 0 -0.5258021056652069 -0.13999094860628247 2.938263889402151 0 0 1.4907997185364366 0.2141211739508435 -2.0828094421885908 0 0 1.6434029820375144 1.470126552740112 -2.1724073875229806 0 0 | 0
COLL 18 0.20750895934179425 1.5523565597366542 0.75 0.9999889079015702 | 0.8779668970964849 0.510601750924252 -9.714040494989604 0 0 -2.5075320722535253 1.5769566454691812 -8.2016732217744 0 0 1.895451356191188 1.9058531450573355 -13.70612652413547 0 0 2.2735223779454827 0.9475204857299104 -3.5075692932587117 0 0 0.477940876968205 -0.13596650632098317 -10.19146219547838 0 0 2.4560857135802507 1.5267701438860968 -9.429127551848069 0 0 0.5662839012220502 2.6394826469477266 -3.293786344351247 0 0 1.0856292620301247 1.3495672839926556 -13.05827864469029 0 0 -2.0728341448120773 0.5267087391112 -5.185762090841308 0 0 -1.7705627214163542 2.1608959815930575 -11.949434292968363 0 0 -2.224489394109696 0.4311554714804515 -8.00971458782442 0 0 0.21376965008676052 2.265077236224897 0.527457780437544 0 0 2.1808676971122622 1.0362764954334125 -1.1472615047823638 0 0 -0.41802617255598307 2.155917018884793 -6.121619375189766 0 1 -1.4729589731432498 2.97970690659713 -1.5365545658860356 0 0 -0.5284982733428478 1.7631372611504048 -13.623015669872984 0 0 2.6331796757876873 1.9112970824353397 -6.613323820522055 0 0 -1.6349711520597339 2.13334647892043 -5.958248546812683 0 0 | 1 11
COLL 30 -2.2 1.7535956076812 0.75 1.1579214601777494 | 0.5137259932234883 0.47471472760662436 -1.5300349351018667 1 0 2.2655573249794543 1.2162538798293099 -1.8845752708148211 0 0 2.8227968201972544 0.03931719157844782 -7.048945867922157 1 0 -0.6481376965530217 1.5052808603504673 -7.713322080671787 0 0 0.13027986930683255 2.4509934389498085 -6.059360479936004 0 0 -1.4405894768424332 1.7097102547995746 1.7306312511209399 0 0 -1.9477529623545706 0.4483082643710077 -0.03132750536315143 0 0 -1.0810301648452878 1.1298998907441273 -1.1590759297832847 0 0 -2.4903635415248573 0.10104038647841662 -6.092586886603385 0 0 -2.5638565770350397 0.8034598720259964 -4.819667580537498 0 0 -1.4176830626092851 0.09324154967907816 -13.487457979470491 0 0 0.64889818103984 2.3886844887165353 -12.7756579562556 1 1 1.4567896854132414 0.9093684969702736 -6.087199361529201 0 0 -2.070577694568783 0.3674628250300884 1.9695222235750407 0 0 -0.5783852878957987 0.22118292225059122 -13.670271303737536 1 0 -1.7800288768485188 0.4496822045184672 -1.8767873195465654 0 0 1.017572755459696 2.9435473261401057 -4.107562386197969 0 0 -0.5003169486299157 -0.3711590961320326 -7.814879421144724 0 0 -2.3777040601707995 0.9400611335877329 -0.24917086493223906 0 0 -1.8735814914107323 0.04533365182578564 -10.700105736032128 1 0 -0.9235165729187429 1.878480141516775 -13.498669851804152 0 0 -2.824579748790711 0.6405111807398498 -12.297382275341079 0 0 -2.312308448832482 2.6979316846700385 -2.3102783740032464 0 0 0.9516684045083821 2.6320819290122017 -13.305773444008082 0 1 -2.0309063200838864 1.166566871572286 2.809662699466571 0 0 2.3632657835260034 1.0781706100096926 -4.873977523995563 0 0 0.202227798756212 2.7903941777767614 -7.57260932167992 0 0 -0.975952513050288 -0.1570388172985986 -1.8888794700615108 1 1 1.0115589858032763 1.2089460719143972 -11.109268018044531 0 0 0.48975949874147773 0.5437435994390398 -2.758298503002152 1 0 | 0
COLL 25 0 1.385413034632802 1.55 1.5747176496777684 | -1.4987369910813868 2.429811035632156 -3.1556588478852063 0 0 -2.1319822291843593 2.5687056605238467 -3.1288341991603374 0 1 -0.7156933802179992 1.1636389163322747 -11.736251316033304 0 0 -2.5549217965453863 -0.059750581975094974 -3.105969741474837 1 0 -2.9199220715090632 1.5098391182255 -7.755860869307071 0 0 -1.6169051234610379 1.024557783617638 -13.303114979993552 0 0 -0.12093375669792295 1.475527985370718 1.5530635176692158 0 0 1.8137766695581377 -0.20944414590485394 -4.508937686681747 0 0 -2.3647931939922273 1.7879987343912944 -7.904193937312812 0 0 -0.6819563833996654 -0.41764759342186153 -13.23719548387453 0 0 -0.13437746465206146 0.38697312911972404 -3.4702352199237794 0 0 2.4968606801703572 0.24499464908149093 -3.5646760291419923 0 0 2.6834314386360347 1.5017864117398858 0.02080706274136901 0 1 2.3654440264217556 0.21763042861130089 -8.130032530985773 0 0 2.7243605330586433 2.9226524041732773 -4.772457765880972 0 1 -1.6524934004992247 1.841053569340147 -8.86653595091775 0 0 1.9343625004403293 -0.1522226119413972 -11.489118645200506 1 0 0.9179163677617908 0.8352205301634967 -0.9997161938808858 0 0 -2.533452606294304 0.6681629127124324 -1.9047718006186187 0 0 -1.1703561320900917 2.161186635377817 -6.181434411788359 0 0 -2.694678712170571 2.1333534276345745 2.343123151920736 0 0 -2.593290568795055 -0.18773371039424092 -12.39793623611331 0 0 1.671031029894948 2.4645731528289616 -5.7657678802497685 0 0 2.498106383252889 2.695191629929468 -11.075710039585829 0 0 -1.7044596103951335 -0.46882782061584294 -13.907622962957248 0 0 | 1 6
COLL 27 2.2 0.31209821454249326 1.55 1.0574371399823577 | -0.9120938591659069 2.2529842163203284 -3.320687970612198 1 0 1.5752231762744486 1.6480553254950792 -10.10641696001403 0 0 0.5195282050408423 1.46417067758739 -10.377624656073749 0 0 2.810628294479102 0.4030259031569585 -4.6571797772776335 0 0 -2.574195984285325 1.734767752350308 -11.216298755025491 0 0 1.2460826695896685 1.0276270657777786 -1.5800168276764452 0 0 -2.294691324234009 0.5887694522971287 -12.181633389089257 0 0 0.07716879760846496 0.2662751827156171 -13.036429175874218 0 0 -2.273529054131359 2.5786587103502825 -8.384447384392843 0 0 -0.15399949299171567 0.39284672960639 -12.03903071838431 0 0 -0.579905622638762 0.297852925141342 -0.23433330631814897 0 0 -1.8903763848356903 2.887582337600179 2.1933955745771527 0 0 1.4515644279308617 -0.28209911950398237 -4.051567355869338 0 0 -1.1798836905509233 2.7837726928992197 0.8993801171891391 0 0 0.3921349570155144 0.3960990309715271 -7.978951240656897 0 0 -0.47754705883562565 0.4270966564072296 -11.413182300748304 0 0 2.322840991895646 1.4012847559060901 -13.550009740050882 0 0 -2.0114768743515015 2.9237804126460105 -7.281453396659344 0 0 -2.249787404201925 -0.00993260182440281 -7.344502815743908 0 1 1.7586596477776766 1.2640243875794113 -12.541093384148553 1 0 2.0672618374228477 0.628986194380559 -8.119140213588253 0 0 -0.8218190618790686 -0.10205719282384962 1.6901704838965088 0 0 -1.5865405895747244 1.601012094761245 -13.345393585506827 0 0 -0.846559330355376 0.5929501807549968 -4.879159127827734 1 0 -1.640248996205628 1.5290444970596582 2.1049165583681315 0 0 -0.5372165883891284 0.9288604574976489 -12.6938081078697 0 0 -0.42386008612811565 2.5588465140899643 -13.595768950879574 0 0 | 0
COLL 1 -0.7609923728741705 1.2821329252794385 1.55 0.8786233327817172 | 0.71474903030321 0.6461198581382632 0.05497222486883402 0 0 | 0
COLL 4 -2.2 0 1.55 1.0676868704147637 | -0.9467783002182841 1.0283493571914732 -12.128084327094257 0 0 0.5232293740846217 -0.49092000105883926 -9.285452159121633 0 0 2.8210730119608343 2.235502323950641 -13.56453055003658 1 0 -1.6803821311332285 1.169184193131514 1.4306507667060941 0 0 | 0
COLL 21 0 1.763469637138769 0.75 1.6923964814748615 | 1.342754085548222 -0.32727846258785576 -8.650524302851409 0 0 -2.112657100427896 1.261326260631904 -9.113698442233726 1 0 1.4084168854169548 0.917808122234419 -4.487320678308606 0 0 -1.9132784069515765 2.3175863677170128 -2.561115565011278 0 0 -0.8136706100776792 2.4202079811366275 -13.887981294421479 0 0 -2.2892340612597764 0.9900909097632393 -12.379542155424133 0 0 -0.3782877582125366 0.5597856835229322 -7.790615866659209 0 0 1.250441763550043 2.909598906058818 -3.3030326296575367 0 0 2.9377832114696503 2.7668676236644387 -2.443202718626708 0 0 0.6791386851109564 0.45742815220728517 -0.12061596126295626 0 0 0.6864685183390975 0.18780851387418807 -13.25065678008832 0 0 -2.231087505351752 1.7948868332896382 -12.754304198548198 0 0 -1.9883518628776073 2.64897417568136 -4.544707166263834 0 0 0.5924696722067893 0.36984935589134693 -13.706162938848138 1 0 2.9176480220630765 -0.49095551879145205 -8.397778355516493 0 0 0.00511913001537323 2.385261239367537 -5.218468016479164 0 0 -1.6568091404624283 -0.26874428417067975 0.939066153485328 0 0 0.7553587378934026 2.427443662425503 -6.369440082227811 0 0 0.1829376993700862 -0.2695410385495052 -3.9522163472138345 0 0 1.4477404961362481 -0.06572543468791991 2.954111026134342 0 0 -2.3125934908166528 -0.47938819392584264 -0.8485482761170715 1 0 | 0
COLL 16 2.2 0 0.75 0.835556027898565 | 2.804925779812038 2.0339043826097623 -9.520489528775215 0 0 2.103659627493471 1.5924467170843855 -4.311720079509541 0 0 -2.4133346350863576 -0.3551705979043618 0.5424110468011349 0 0 2.5574762960895896 0.706321683130227 -9.136204828508198 0 0 -1.8486011708155274 1.247418332262896 -0.17920590797439218 0 0 -1.8097944958135486 1.9342527866829187 -11.526392262196168 0 0 2.7453275020234287 0.056647189310751855 -13.290798898786306 0 0 1.993064793292433 -0.2430184616241604 -9.057164497906342 0 0 -1.6353622139431536 2.0862005967646837 -0.5771296240855008 0 0 1.3705077921040356 1.6925787228392437 -11.103557367809117 0 0 -1.2800134727731347 0.871271701878868 -5.189975736197084 0 0 1.9534332482144237 0.8553670111577958 2.489443064201623 0 0 2.581870741210878 1.4880749998847023 1.9255794221535325 0 0 -1.1141269798390567 1.3926474952604622 -11.182474482106045 0 0 0.251842743717134 0.06577827967703342 1.4747539076488465 0 0 2.0659779142588377 1.4800006820587441 -6.0356752425432205 0 0 | 0
COLL 19 0.44513039756566286 0 0.75 1.5920586995314807 | -2.2918726368807256 1.2894103465368971 -11.57516570482403 0 0 1.6899471790529788 1.128754042321816 -9.301937970332801 0 0 -2.3185183787718415 1.8870824882760644 -9.997578885639086 0 0 -1.985469112638384 2.695696057518944 -10.333760280860588 0 0 1.4555142768658698 0.782928831409663 -13.611269201850519 0 0 -2.4184829900041223 0.08033686096314341 -13.357847935752943 0 0 1.6127358237281442 0.18355329311452806 -12.829666298814118 1 0 -1.5382431666366756 -0.0898875977145508 1.9985394931863993 0 0 -2.410122341942042 1.1482608447549865 -7.661122528137639 0 0 0.3159991535358131 0.8810818723868579 1.602954424917698 0 0 1.1456141397356987 0.11048566026147455 -13.02062032208778 0 1 0.05151512520387769 0.09221908065956086 -8.59799716831185 0 0 1.1808266113512218 2.515788418590091 -5.183867413550615 0 0 -0.8456044388003647 1.8409398914081976 -4.6027593745384365 0 0 1.5601800782606006 2.8365583167178556 -5.962639512028545 0 0 -1.9197109518572688 1.5365641857497394 -3.803832876496017 0 0 -1.0133589464239776 -0.31190875195898116 -9.881514699431136 0 0 -0.2461958946660161 1.4608546268427745 -9.636161956004798 0 0 2.930423442274332 1.1729655013186857 -1.2768356127198786 0 0 | 0
COLL 14 -2.2 0 1.55 1.410800453927368 | -1.5656799017451704 1.8916491926647723 -0.3909737260546535 0 0 1.7496130331419408 1.509341293014586 2.7135736297350377 0 0 -0.24016700126230717 0.09887322946451604 -6.373401674441993 0 0 -2.2761639417149127 0.879931453964673 -2.5020336317829788 0 1 2.6551287174224854 1.723737325053662 -10.046248304890469 0 0 -2.319930497556925 1.3686370206996799 -5.16394511424005 0 0 -2.7766040875576437 0.9621309945359826 -12.47392609831877 0 0 -0.52982885716483 1.9349034974584356 2.5201944697182626 0 0 -0.22988872323185205 1.498502193717286 -12.406695458805189 1 0 0.8046666886657476 0.03335921885445714 -11.198617302346975 0 0 2.3925716439262033 1.250381753896363 2.195863787550479 1 0 -1.1065491191111505 0.7226865593111143 -3.5579717718064785 0 0 -1.482628765515983 -0.2084662726847455 -5.212592672789469 0 0 -1.9620803631842136 2.463672812329605 -6.350340058794245 0 1 | 1 0
COLL 2 0 0 1.55 1.2985133337322623 | -1.5807016091421247 0.9512912824284285 -0.35111901839263737 0 0 0.3640430965460837 0.3458880764665082 -0.47986601758748293 1 0 | 1 1
COLL 3 2.2 0 1.55 1.454881151393056 | 2.316452393308282 0.7553124843398109 -0.7699268255382776 0 0 0.7902273908257484 2.848002107348293 -0.5559928386937827 0 0 0.03824308840557933 0.795721759670414 -6.933905295329168 0 0 | 1 0
COLL 21 1.0408844905905426 0.34204197018407284 0.75 1.4009878776967526 | 0.8719494575634599 1.444979541702196 -1.7034572691190988 0 0 -1.302235916722566 0.21337597141973674 -2.8682284764945507 0 0 2.971655398607254 2.785830985638313 -8.05233717779629 0 0 -1.217862730845809 0.27714459982234985 -12.401128963334486 0 0 -2.2440810268744826 1.7710202322341502 -3.5764210207853466 0 0 -1.7889499277807772 1.9024975305655971 -3.5510022253729403 1 0 2.690274692606181 0.619697081274353 -2.16969787562266 0 0 2.5994307613000274 2.9179112998535857 -2.7258410167414695 0 0 2.237944822758436 2.8869002626743168 -8.770095760235563 0 0 -0.10651367297396064 2.5565911718877032 -6.136300817597657 0 0 1.8294741944409907 0.07717493444215506 1.8281017683912069 0 0 -0.037651763297617435 2.522596267051995 -3.1877828466240317 0 0 -0.05893738707527518 1.816309755668044 -8.135029532015324 0 0 1.1335819708183408 2.997416246915236 -4.512919979868457 0 0 -0.917784130666405 2.333558681071736 -2.1200043440330774 0 0 0.8660937161184847 1.4410913543542847 -12.152971962466836 0 0 -1.7392447041347623 2.6748425678815693 -8.094937341054901 0 0 -2.27896241331473 0.13846406491938978 -5.820030330214649 0 0 0.8919560294598341 1.4919538761023432 -13.553499579662457 0 0 -0.16526595409959555 0.6817320425761864 -1.0883798880968243 0 0 -2.2319509154185653 -0.2890740402508527 -2.108718185685575 0 0 | 0
COLL 22 -2.2 0.40045753922313454 1.55 1.1504627409856767 | 2.6512006795965135 1.8883899450302124 -12.270688379183412 0 0 -1.3091973583213985 1.3267931859008968 -11.41856584791094 0 0 0.1581740747205913 -0.06923711369745433 -2.157259278697893 0 0 2.9069550465792418 0.47497522085905075 -2.813689674483612 0 0 -0.5686699189245701 1.0033639096654952 -13.370610441546887 0 0 -0.052087910939008 -0.14026750205084682 2.0404587369412184 0 1 -1.025575237814337 1.3021980911726132 -8.041386015014723 1 0 2.657980302348733 0.2299404990626499 -2.7401358496863395 0 0 -0.919400664512068 0.2103045036783442 -7.676849880255759 0 0 2.2959603387862444 -0.18844318494666368 1.216763018630445 0 0 0.9470560681074858 0.09691034036222845 -0.3601058607455343 0 0 -0.6593382228165865 2.1571876239031553 -12.727945250459015 0 0 1.3988153552636504 0.3202560937497765 -7.8643805999308825 0 0 2.2026406335644424 2.5951490903971717 -3.871400831034407 0 0 -1.3300471524707973 2.999204352265224 -9.030493744881824 0 0 -0.9453025138936937 2.569123210036196 -5.607956699794158 1 0 -2.071650710888207 0.9017893746495247 0.1805767451878637 0 0 1.7324831625446677 2.212302669067867 -4.616326348623261 0 0 1.2782860519364476 -0.4188591323327273 -12.029241331387311 0 0 -1.157480155583471 2.370476016891189 0.425913319690153 0 0 -2.0440589929930866 1.896944465697743 -6.218835377367213 0 0 1.7104206872172654 2.8825668189674616 -8.8779987602029 0 0 | 1 16
COLL 4 0 0 0.75 0.8619750085752458 | 2.3443712065927684 1.6042148277629167 -3.308011023560539 0 0 -1.414274395443499 0.666112691629678 -6.172504491172731 0 0 1.6066589034162462 0.22886690765153617 -4.803038924699649 0 0 -1.6215479196980596 -0.18912662891671062 -1.2612433235626668 0 0 | 0
COLL 4 2.2 0 1.55 1.627799623599276 | -2.0493728248402476 0.7826351437252015 -0.0031955644953995943 0 0 -2.3640437806025147 0.9805643954314291 -13.683130470803007 0 0 -1.8318883460015059 0.43189620587509125 -4.981762864859775 0 0 -1.8950887215323746 -0.18967180349864066 -4.155225465074182 0 0 | 0
COLL 9 -0.40279504749923944 0 1.55 0.950977429933846 | 1.4577016336843371 1.952833769726567 0.6977889090776443 0 0 -0.057695427909493446 2.2732990628574044 0.04200003365986049 0 0 -0.5769702102988958 1.200521211954765 0.8118902274873108 0 0 -1.1228951741941273 1.1870514184702188 2.969128987984732 0 0 -0.4614587095566094 1.666762178298086 1.0736823375336826 0 0 -2.343909246381372 1.7790189111838117 0.3687286365311593 0 0 -2.3181227347813547 2.7620299202390015 -8.890174684347585 0 0 0.23046298557892442 -0.2946539481636137 -7.74980097822845 0 0 -1.170243532396853 2.8048462686128914 -2.449449690291658 0 0 | 1 2
COLL 28 -2.2 0 1.55 1.6517244330141694 | -0.4180670203641057 2.2127340948209167 -6.5595477286260575 0 1 -2.9530571093782783 1.7279061354929581 -10.34658562974073 0 0 -2.529899665620178 2.0848907507024705 1.058427141746506 0 0 -0.431328150909394 0.22667382680810988 0.5248020633589476 0 0 1.1749515915289521 1.8837305482011288 -5.810874222777784 0 0 -1.457652524113655 1.5927724990760908 0.9639746560715139 0 0 -2.4840704910457134 2.8069791758898646 1.3721136054955423 0 0 0.05225169472396374 1.1881722793914378 -7.081990996608511 0 0 2.8944967570714653 -0.15429062326438725 -12.79759173700586 0 0 0.0859013102017343 1.846709169098176 -13.827485520392656 0 0 -2.5939583955332637 0.8209475225303322 -13.831309825181961 0 0 2.252151969820261 -0.17627398180775344 -0.17213739268481731 0 0 -2.2209994280710816 1.5119097201386467 -7.334535495378077 1 0 -2.6477027381770313 2.84903808508534 2.3333187003154308 0 0 -2.2348697246052325 1.4847587861586362 -0.4708016673102975 0 0 0.09383091609925032 1.486968592973426 -4.0891297296620905 0 0 -2.833342100959271 -0.3532633987488225 -5.589877831982449 1 0 -1.5101946322247386 0.5908372061094269 -8.794304601615295 1 0 2.8164872056804597 2.027150692883879 -12.335606965469196 0 0 -1.6347975265234709 -0.25142489082645625 -9.726397135062143 0 0 -1.4786218567751348 0.9706560929771513 -2.6093784456606954 0 0 -1.3577939914539456 2.1239989475579932 1.918556076940149 0 0 -2.1619543503038585 1.7997409799136221 -2.0508445599116385 1 0 2.4796582851558924 1.9518988184863701 -13.667702439706773 0 0 -2.333058505319059 -0.2223435580963269 -1.2729750673752278 0 0 -2.894034534227103 1.3877510932506993 2.002702498342842 0 0 0.844359646551311 0.6353446345310658 -10.457671461626887 0 1 -1.1233949954621494 1.2152938147773966 -4.982562619028613 0 0 | 3 5 14 24
COLL 22 0 1.1740036116912962 0.75 1.5077094060368836 | 1.3463418642058969 0.1701043922221288 0.3197530605830252 0 0 -1.1134035671129823 0.12146951886825264 -12.17057093582116 0 0 -0.20004811557009816 1.3053048672154546 -9.086390784010291 0 0 -2.4888882874511182 1.9860092021990567 -6.413974381284788 0 0 -0.2197408452630043 0.35012733400799334 -11.39713222719729 0 0 2.727651722263545 1.9506640139734372 -2.835689777508378 1 0 -2.1383228567428887 2.9311297645326704 0.15040419111028314 0 0 -2.7276127925142646 0.7179399910382926 -9.129983002785593 0 1 -0.4935382422991097 2.7679805759107694 0.49520754534751177 0 0 -0.0087025361135602 0.6252941576531157 -8.341461486415938 0 0 -1.9224914694204926 1.8344105187570676 -5.553033912554383 0 0 1.2785901725292206 1.7092039284761995 -0.6091669201850891 0 0 -0.1302720671519637 0.44778758101165295 -12.398933555930853 0 0 -1.2905835220590234 0.19707345275674015 -5.836860790848732 1 0 0.7147446884773672 -0.05204680166207254 -3.1840131480712444 0 0 1.4814852783456445 2.8560108667006716 0.20035906159318984 0 0 -2.166421834845096 2.4644484051968902 -8.152814089786261 1 0 0.4952209582552314 1.6586295114830136 1.5935849510133266 0 0 -1.1024455544538796 2.7586769599001855 -7.717167525785044 0 0 0.712927729357034 1.152989157475531 -3.802457065321505 0 0 2.5708522419445217 1.1102057533571497 -2.9285912378691137 0 0 0.22975313337519765 -0.25770328752696514 -3.260110239731148 0 0 | 0
COLL 10 2.2 0.77532551237382 0.75 1.0336540524847806 | 0.20354329096153378 1.4129444928839803 0.34293950349092484 0 0 -2.7107498925179243 2.7432607653317973 2.242861280683428 0 0 1.2576363268308342 2.7710311616538092 -2.163780825212598 1 0 -0.04044915921986103 2.2979660658165812 -8.540944235166535 0 0 1.616888782940805 0.348588542197831 -13.925542706390843 0 0 -2.0657408628612757 0.059275375213474035 2.443434559041634 0 0 -1.4588234648108482 0.4570506374584511 2.8793448249343783 0 0 -2.2856633188202977 0.4774226261069998 -8.320222102571279 0 0 -2.6547919688746333 2.4175732384901494 -4.729822470340878 0 0 1.034497051499784 1.6193858900805935 -10.291794224409387 0 0 | 0
COLL 11 -0.1900144605897367 0 1.55 1.5268615087959916 | 0.062401851173490286 1.3108285742346197 -3.2926970298867673 1 0 2.229831720236689 1.5840642265975475 -2.9946359253954142 1 1 -0.27177942311391234 2.3459023574832827 1.5218938100151718 0 0 0.9806262622587383 0.45183580718003213 2.900259682442993 0 0 -1.3677136064507067 2.1524690713267773 -2.595024276524782 0 0 -0.6545403306372464 -0.4793522149557248 -12.28201720607467 0 0 2.114672543015331 2.3800768548389897 -8.647502210224047 0 0 1.970089053735137 -0.48963080148678273 2.9366131154820323 0 0 -1.4545168122276664 0.6852945009013638 -9.586427208501846 0 0 2.192986057139933 0.405791453900747 -11.766717586433515 0 0 2.9281451026909053 -0.1516377367079258 0.29585894919000566 0 0 | 0
COLL 28 -2.2 1.472000797977671 1.55 1.6024359564296902 | 0.7030974458903074 -0.06923504220321774 -7.800555021036416 0 0 -1.0582479676231742 0.739198865252547 -1.3252258815336972 0 0 -2.1682580332271755 1.3919828324578702 -0.10246214643120766 0 0 1.769131206907332 0.6715570682426915 -7.429644237505272 0 0 -1.7245218004100025 2.873613079311326 0.23037471575662494 0 0 0.3437273008748889 2.0466571538709104 -12.82230834593065 0 0 0.23180899070575833 0.062392936553806067 -12.205541650764644 0 0 2.830768531188369 0.3129841621266678 -4.17768343957141 0 0 -1.5203567063435912 1.1114147065673023 -7.81631722045131 0 0 1.5659345760941505 0.0037202491657808423 -4.961594267515466 0 0 2.2593307555653155 2.934451695648022 -5.325463332235813 0 0 -1.4518052162602544 0.9090487795183435 -11.159944497514516 0 0 2.804716946091503 1.8154421630315483 -8.620135627454147 0 0 -1.7481046258471906 2.968687958084047 -10.453902910929173 0 0 -0.87918496504426 0.7285088752396405 -9.855192652903497 0 0 -0.2862188802100718 2.422293372801505 -6.039494338445365 0 0 0.3748584841378033 1.0253576207906008 -13.784320062259212 0 0 1.956743509043008 0.5135585392126814 -4.703070908319205 0 0 1.8825053279288113 -0.329031202592887 2.1755315812770277 0 0 -1.1037355768494308 0.526989939971827 -7.6371390542481095 0 0 2.268779508769512 0.043505145818926394 -8.054567420622334 0 0 -0.255531108006835 0.9161471041152254 2.9616866519208997 0 1 0.45566799910739064 1.8870058103930205 -10.95092751015909 0 0 -2.668490059208125 1.9917986553627998 -10.31495186407119 0 0 -0.1477680690586567 1.6189217800274491 -11.694935602601618 1 0 -1.8877125685103238 2.797478517750278 -8.435540990438312 1 0 0.8062450024299324 0.4306671293452382 0.062371726147830486 0 0 -1.1790651543997228 -0.30526712094433606 -11.337950533488765 0 0 | 2 2 4
COLL 5 0 0 0.75 0.8299944982398302 | 1.9118200046941638 -0.19148133601993322 -7.871064651058987 1 0 -2.6531469896435738 1.195250882417895 -1.4015033566392958 0 0 2.878314709290862 -0.41883884358685464 -3.7452288784552366 0 0 1.0457764905877411 0.45874200435355306 -3.185421035857871 0 0 0.1495175901800394 2.720633465447463 -6.957880184054375 0 0 | 0
COLL 20 2.2 0 1.55 0.9765587215777487 | -2.1287759598344564 0.7242414805805311 -4.253787988331169 0 0 2.3961289655417204 2.489826004835777 -1.3611608818173409 0 0 1.2743619536049664 0.06494356691837311 -13.506589695578441 0 0 1.3402903913520277 0.4286444961326197 -8.681213949806988 0 0 0.12974945409223437 2.193856713711284 -6.419918200466782 0 0 0.7847886518575251 -0.4731838380685076 -5.4445219319313765 0 0 -1.3351533631794155 2.8684400871861726 -9.06949092564173 0 0 -1.7853519581258297 2.6660543587058783 -5.574342551641166 1 0 -2.0371112055145204 2.582034511724487 -6.701668486231938 0 0 2.961571090389043 2.0993853870313615 2.22706461395137 0 0 -1.9118351438082755 2.823674169369042 -3.0591906812042 0 0 -2.3658834756352007 0.4336642107227817 -7.989600620465353 0 0 0.5961729004047811 1.196826729690656 -12.066344832303002 0 0 0.802087415009737 0.4169536508852616 -8.519972289679572 0 0 2.9899348290637136 1.0701029100455344 0.6255373971071094 0 1 -2.359534496907145 0.7941791418706998 -8.07269589160569 0 0 -2.912620935123414 1.6814092845888808 -13.972095366101712 0 0 -2.203274790197611 1.7044915113365278 0.9740710072219372 0 0 0.8960123383440077 0.7330639191204682 -8.590060890419409 1 0 2.1861767694354057 0.11442601797170937 0.7309918282553554 0 0 | 1 19
COLL 3 2.367835989687592 0.32806568895466626 0.75 1.111490612803027 | -2.6335352598689497 1.9877894665114582 2.5304569986183196 0 0 2.9061466581188142 -0.00941138225607574 -11.79065499571152 0 0 -2.7260321346111596 1.7660704749869183 -9.801729173399508 0 0 | 0
COLL 12 -2.2 0.759856775868684 0.75 1.3658698498737067 | 1.487523331772536 0.43346181546803564 -2.741323440335691 0 0 1.5948136146180332 0.5786820267094299 -9.322604135144502 0 1 -2.442076614126563 0.008038128959015012 -1.90973972924985 0 0 2.8782771904952824 1.969724306720309 -2.495864116586745 0 0 1.9041549232788384 2.847876006155275 -2.164883862482384 0 0 -2.16290300572291 2.7358604605542496 0.6690714512951672 1 0 1.7602779474109411 0.4076276534469798 -4.3431252122391015 0 0 1.0272434167563915 1.7682743745390326 -0.539837708696723 0 0 2.040581218432635 1.2131960560800508 -5.659896900411695 0 0 -0.8735797950066626 2.9881058427272364 -12.419141196180135 1 0 1.5870153587311506 2.0324074525851756 -11.62733884085901 0 0 -1.6872522491030395 2.0945892373565584 -3.4819164739456028 0 0 | 0
COLL 13 0 0 0.75 1.4723848353140057 | 2.193630517926067 0.5104502238100395 -4.548082347027957 0 0 0.17664557369425893 1.632587059168145 -5.4299169960431755 0 0 0.570605143904686 1.6493009470868856 -8.098801519954577 0 0 1.7802151213400066 2.7024064023280516 -7.1382337340619415 1 0 0.13888057507574558 1.0144010632066056 -11.0017507171724 0 1 0.5542401541024446 2.1911355534102768 1.2115493777673692 0 0 1.277548204176128 2.336295365355909 -13.62954360479489 0 0 2.7969276197254658 -0.4861462205881253 -0.03709655371494591 0 0 2.196596539579332 2.0280715079279616 -1.458566628396511 0 0 0.32425919361412525 1.55183619633317 -10.814239772269502 0 0 1.0722124124877155 0.756343940156512 -1.8758131982758641 0 0 -2.569235378410667 -0.14662405161652714 -6.001344452844933 0 0 1.8757216203957796 1.850737568573095 2.107830736786127 0 0 | 0
COLL 19 2.2 1.2394225407857449 0.75 1.5864956923294813 | -2.342115262057632 2.254308354225941 -1.6975207012146711 0 0 2.9250815114937723 -0.26009812066331506 -3.591295005986467 0 0 2.7627858398482203 1.7266881465911865 -7.598678883630782 0 0 -2.6452271919697523 2.2874805295141414 -5.972976030083373 0 0 1.9623546414077282 1.1063766524894163 0.3422272317111492 0 1 -1.0089545887894928 1.7384874845156446 -7.363807470072061 0 0 -0.32915490958839655 2.4505311844404787 -5.9162710988894105 0 0 0.33077199943363667 1.1201913196127862 -13.490592435235158 0 0 -1.0373768960125744 2.2580157234333456 -13.102318119257689 0 0 -0.870346752461046 0.6879293071106076 -10.140889015048742 0 0 0.9655882003717124 2.669823480769992 -6.138009843183681 0 0 -1.6450600381940603 2.276524806395173 2.793085210258141 0 0 -0.1282587214373052 1.2809420324629173 -11.377122021978721 0 0 1.6066225050017238 1.8903770197648555 -4.889781762612984 1 0 -0.531770960893482 0.02451223775278777 -8.408576244022697 0 0 2.81903706304729 1.3544874796643853 -12.755784690147266 0 0 -1.6059601977467537 1.3501008469611406 -9.228098899591714 1 1 -0.13073597755283117 2.033431201823987 -3.726097233593464 0 0 0.2579861981794238 0.39252778876107186 -3.173920897534117 0 0 | 0
COLL 7 1.373141186311841 0 1.55 1.7227054102811963 | 2.7206919961608946 -0.3814349079038948 -0.3333780949469656 0 1 0.18331254506483674 0.2918136662337929 -10.597355188336223 0 0 -0.9843254364095628 1.866699485341087 0.36790364142507315 1 0 -1.2701190789230168 -0.33965069334954023 -0.15169119648635387 0 0 -0.35120029421523213 2.9564315378665924 -2.5300009939819574 0 0 -0.4752568490803242 2.0046782889403403 -10.974510873435065 0 0 1.1787592638283968 0.732692877179943 -1.3232959611341357 1 0 | 1 6
COLL 1 -2.2 0 0.75 0.8999217990320176 | 0.04205118538811803 2.7789093744941056 -11.866509019164369 0 0 | 0
COLL 8 0 0 1.55 0.8289935832843185 | 0.13432505261152983 1.5316202754620463 -1.2135285357944667 0 0 -2.6590114175342023 0.5329143923008814 -11.720735070295632 0 0 0.5802013445645571 2.258337057661265 -8.424930439796299 0 0 -2.76817423151806 0.13952942821197212 -5.2842680010944605 0 0 1.4703391352668405 2.79673608916346 -13.223081667674705 0 0 -2.371538304258138 1.776514399680309 -11.326045285444707 0 0 1.265032835304737 -0.13051146909128875 -3.0378407114185393 0 0 1.8935168772004545 1.2817096669459715 -13.967282568104565 0 0 | 0
COLL 2 2.2 1.511013450147584 1.55 1.6862121703568846 | 2.4809894179925323 1.782999727409333 -10.063212466891855 0 1 1.7049229801632464 0.1296799702104181 0.01945117674767971 0 0 | 0
COLL 10 -1.1393188596703112 1.0316620104946197 1.55 0.8552290696650744 | -1.4605034091509879 0.27437583345454186 -10.04220542870462 0 0 -0.580066055059433 -0.32941532460972667 -1.30324173765257 0 0 1.3140934891998768 -0.38872478378470987 -11.049080435186625 0 0 0.03519262885674834 0.09939443110488355 -11.853247817838565 0 0 -2.5491953655146062 2.9947264312068 -3.318362590391189 0 0 1.3934158170595765 2.7161626267479733 -10.471074430970475 0 0 1.312722038011998 0.46640149771701545 -2.5093795757275075 0 0 2.8050045990385115 0.41771338728722185 2.0370650163386017 0 0 -2.934196832589805 1.1297090940643102 -4.915240748785436 0 0 0.6367557970806956 2.41247999726329 -6.9925292858388275 0 0 | 0
COLL 11 -2.2 0.07088097324594855 1.55 1.2732389559503645 | 2.1918082921765745 1.0491932276636362 -8.874776006676257 1 0 -0.8207563008181751 0.3109789614100009 -3.8337969365529716 0 0 1.0679668332450092 -0.2798437129240483 -13.075059478404 0 0 -0.47278237994760275 2.092582419863902 1.73568370542489 0 0 1.0905175530351698 2.640595121658407 -2.698551633162424 0 0 -0.3989036581479013 0.5753916015382856 -7.590458123711869 0 0 -0.8321010475046933 2.2257177961291745 -13.517972475616261 0 0 -1.6043688207864761 2.1926963631995022 -5.5493973810225725 0 0 0.17784575885161757 1.5780978912953287 -5.504474445944652 0 0 2.072475879918784 1.4884459904860705 -4.115626135375351 0 0 2.8849057531915605 0.24929690547287464 -11.167431227862835 0 0 | 0
COLL 11 0 0 1.55 0.890924536343664 | 0.7481661960482597 2.956450130790472 -9.23232409870252 0 0 -2.062109285965562 1.9339169079903513 -13.511956733418629 0 0 1.2068340545520186 -0.42154504789505154 -10.346728961216286 0 0 0.7593288403004408 1.3201779505470768 -8.319689905503765 0 0 -2.625962500926107 1.8562819139333442 -8.33592236135155 0 1 1.295652950182557 0.6046088640578091 -6.784256084822118 0 1 2.75842548860237 -0.13310754927806556 -7.552373000886291 0 0 -1.1035110969096422 2.2073914944194257 -11.187346869613975 0 0 -1.3849259465932846 0.9934422557707876 -13.242866802262142 0 0 -1.2188549190759659 1.3316466308897361 -12.790566523559391 0 0 1.851215258706361 0.42901106586214155 -13.917051321826875 0 1 | 0
COLL 14 2.2 0.6901851788163186 0.75 1.603514596540481 | -1.9613269669935107 2.422508349409327 1.337874272139743 0 0 0.6248643016442657 0.6830517848720774 -12.996931811328977 0 0 1.0728511959314346 0.5408214390045032 -7.093079391401261 0 0 -0.257274413947016 2.7232593370135874 -8.816669675055891 0 0 -0.7264162832871079 -0.2639041392831132 -4.674189908895642 0 0 -2.7753487369045615 1.847347091534175 -1.6254774061962962 0 0 2.712799548637122 0.8279199741082266 -1.2740153763443232 0 0 0.2914288518950343 0.7680672594578937 0.08527161693200469 1 1 2.2313576485030353 0.23058334598317742 -12.693323610117659 0 0 -2.9795262767001987 0.9975650809938088 2.6337725680787116 0 0 -2.3314487831667066 0.22624168801121414 -13.658146332483739 0 0 -0.15628531062975526 -0.3912920814473182 -5.456476351711899 0 0 -0.8898550802841783 1.980772983864881 0.010103808948770165 0 0 -1.4667696235701442 2.6935631160158664 -5.535441770916805 1 0 | 1 6
COLL 18 -1.8532639760524035 0 0.75 0.8406622104346753 | 0.795566744171083 1.2242287202971056 0.20724970288574696 0 1 -0.19790112180635333 2.5034538748441264 1.5287930483464152 0 0 -1.8741631424054503 1.3279803411569446 -10.814395116642118 1 0 -1.9775079083628953 -0.37358517525717616 -4.6937039121985435 0 0 -1.5280356123112142 0.4479964857455343 -5.885126410517842 1 0 -0.7922531878575683 0.2804100048961118 0.7672520356718451 0 0 -0.052478003315627575 1.8991338273044676 -12.210245861671865 0 0 -2.4040790484286845 2.052985390299 -2.9267815137282014 0 0 -0.2165055088698864 1.0526526605244726 -7.730834909481928 0 0 -2.797501285560429 0.09434783598408103 2.67731473245658 1 0 0.44263874273747206 2.0333096681861207 -5.935832718387246 0 0 0.48512251675128937 -0.33632196101825684 -8.081896120216697 0 0 -2.736925905570388 1.7274288443149999 -12.846549244131893 0 0 2.22783808875829 0.2703203554265201 -7.404447559965774 0 0 -0.20602286327630281 1.6472542838891968 -7.9145638342015445 0 1 0.19126370921730995 2.5473028117557988 -2.4952353849075735 0 0 1.9254576237872243 2.836774564580992 -10.701223263982683 0 0 0.6735871438868344 2.459778912481852 -12.350197442341596 0 0 | 0
COLL 0 -2.2 0 1.55 0.8400043122936041 | | 0
COLL 3 0 0 1.55 1.086354099167511 | -1.2433937690220773 -0.4612636005040258 -1.7739551039412618 0 1 -0.2201396687887609 0.28029066987801343 -11.42348373006098 1 0 2.9345230478793383 1.3216284210793674 -7.837354043498635 0 0 | 0
COLL 21 2.2 0.148905501421541 0.75 1.0796736482996494 | -0.7292374670505524 -0.4358993001515046 -4.259444673545659 0 0 -0.23138834349811077 2.520448106341064 -2.258976752869785 0 0 1.3254362451843917 0.18159084976650774 -1.712379194330424 0 0 1.616267560981214 0.08198003913275898 -12.114060023799539 0 0 1.632365869358182 2.768567749997601 -9.569037659326568 0 0 2.958952737506479 0.6364143567625433 -3.935252881841734 0 0 -2.019904415588826 0.32421189395245165 -3.654607323464006 0 0 -2.0828016749583185 1.4001991022378206 2.970728591317311 0 0 -2.7517769490368664 2.010258660535328 -11.446691527031362 1 0 -2.920722750015557 2.989705314161256 -13.115469336276874 0 0 -2.0083675794303417 1.686468141619116 -9.687691299710423 0 0 2.138737000990659 1.2221045854967088 0.36643627495504916 0 0 -2.987522979732603 0.2872669344069436 -7.812807158799842 0 0 0.0030475063249468803 1.3715989388292655 -5.149442646186799 0 0 0.4111156747676432 -0.42633677751291543 2.9477131550665945 0 0 0.5203176434151828 0.35034243611153215 -5.421618759864941 0 0 -0.20486400928348303 1.4553735223598778 -1.201986659085378 0 0 -2.675417805556208 1.8125517130829394 -12.64677242282778 0 0 -0.6391741465777159 1.8742142169503495 -4.49681082344614 0 0 2.842930120881647 2.562190833152272 -1.3513508294709027 0 0 1.0263585923239589 2.2657450021943077 -7.599957491271198 0 0 | 1 11
COLL 12 -1.7409057919867337 0 0.75 1.0687572326976806 | 0.6416574809700251 1.5439647211460397 -8.021506977966055 0 0 2.4483435675501823 2.7248600136954337 1.4440733129158616 0 0 2.660369262099266 2.196337837376632 -4.468687131302431 0 0 1.1582717928104103 0.7566482012625784 -2.6289742197841406 0 0 -1.6852815239690244 2.36133928981144 -1.5521625014953315 0 0 2.499714197125286 0.8280634328257293 -5.200251655420288 0 0 2.4650537059642375 1.318299334263429 -9.224710558075458 0 1 0.6147674904204905 -0.1670806553447619 -9.9316285320092 0 0 2.347339455038309 0.6652347121853381 -1.7909223216120154 0 0 1.3400990855880082 2.570774684776552 -6.587219213368371 0 0 -0.566149614751339 -0.2365783074637875 -11.865354455076158 0 0 -2.9122956125065684 -0.19797123537864536 -8.67039822996594 0 0 | 0
COLL 13 -2.2 1.6492484476882965 1.55 1.665289151435718 | 2.4562455508857965 0.92403790645767 -3.5311149158515036 0 0 1.0639786343090236 0.3905159978894517 -11.165725356899202 0 0 1.1584956804290414 0.6702338658506051 -7.6165960661601275 0 0 -2.583018535282463 0.5351564735174179 -4.108574501471594 0 0 -1.3124887333251536 0.23760478000622243 -2.0253404590766877 0 0 -2.268183949403465 0.6459657860687003 -1.2213239204138517 0 0 1.7636167639866471 2.4525614810409024 -8.946789785986766 0 0 1.694252381566912 2.962535717175342 1.381484349956736 1 0 0.02508755447342992 2.8418462849222124 -11.667929636314511 0 0 0.3220784431323409 0.6891887405654415 0.524377463851124 0 0 -2.353236590512097 2.6026283075334504 0.46287383744493127 0 0 -1.3622264843434095 1.3608593486715108 0.796923341229558 0 0 -0.050468717236071825 0.1268998587038368 -7.436721334001049 0 0 | 1 10
COLL 8 0 0 1.55 0.9722721769474447 | 2.706229059956968 1.381839945097454 -1.4901504307053983 0 0 -0.4226481900550425 -0.13364245113916695 -2.133367185946554 0 0 -2.124431606847793 2.4231155335437506 2.541532003087923 0 0 1.2861052053049207 0.5978095004102215 0.1488560235593468 0 0 0.8355504954233766 2.4996042823186144 -9.092821016674861 1 0 0.8707173052243888 2.6721745191607624 -10.464719454059377 0 0 -0.8837437424808741 2.3925320358248428 -9.955034227110445 0 0 1.6979531818069518 0.2556882923236117 -3.3727790508419275 0 0 | 0
COLL 29 2.2 1.4654539494775236 1.55 0.9935840179212392 | -0.7362736389040947 1.1587777443928644 -2.06049464084208 0 0 0.14035876700654626 2.2147427833406255 -4.665473251836374 0 0 0.4764718534424901 2.2803326732246205 -12.449546155286953 0 0 1.4619522197172046 2.425358600798063 -10.807588427094743 0 0 -0.9560773023404181 0.5287987121846527 -4.150394661584869 0 0 1.5907464204356074 1.6276356835151091 -9.116599974455312 0 0 0.7413084120489657 -0.3407764135627076 -9.664605986792594 0 0 -1.9803757150657475 0.9723745865048841 -5.8853695776779205 0 0 1.8975561233237386 1.1429641505237669 -10.410947759635746 0 0 0.9693920379504561 0.9721961853792891 -11.753393055172637 0 0 2.622794925235212 0.47021164710167795 -6.4438009520526975 0 0 -0.980018388479948 0.24555479921400547 -11.378229797119275 0 0 -1.095053017605096 2.9693445801967755 -4.6742234223056585 0 0 2.000577864702791 1.6621020317543298 -6.889740130631253 0 0 0.16047532064840198 -0.47352371469605714 -1.0242633793968707 0 0 1.650555279571563 0.7206608294509351 -12.128970973892137 0 0 -1.6877886531874537 0.15703002677764744 -4.535522603895515 0 0 -2.6234007426537573 2.6122402013279498 -4.91330660902895 0 0 -2.134697298053652 1.062961280462332 -11.989299497567117 0 0 -2.6990320002660155 -0.4473188236588612 -4.466066538589075 0 0 -0.08291744627058506 1.043622403522022 -10.6316861838568 0 0 -1.087940779980272 2.5419865124858916 -5.622239571297541 0 0 -0.13571855379268527 2.3956044708611444 -10.049619765020907 1 0 -1.9487138916738331 1.368887477554381 -2.6687934626825154 0 0 0.12226638849824667 0.08135501015931368 -1.8028538555372506 1 0 2.198558241594583 2.540996704949066 -0.6572752599604428 0 0 1.7408866742625833 -0.08297142689116299 -7.429783401079476 0 0 2.970748267136514 2.3702162260888144 -8.137396333971992 0 0 -0.578283553943038 1.604529672069475 -1.0261114973109215 0 0 | 1 25
COLL 6 -2.0596352890133858 0.5462303877342493 1.55 1.1430466214194894 | -2.055374792777002 2.4201222406700253 -5.498578836675733 0 0 -1.8674685386940837 1.243715513497591 -4.890026382403448 0 0 -2.5591364577412605 0.2736361853312701 1.688613327452913 0 0 0.007447607349604368 2.1970032987883314 -13.54735227348283 0 0 2.7676292583346367 -0.15265497646760195 -9.603054273175076 0 0 -0.2233445760793984 0.7465504336869344 0.9397562716621906 0 0 | 0
COLL 1 -2.2 1.0403210818301887 0.75 1.6581982592586428 | 1.6918797958642244 0.9799657278927043 2.5827717364300042 1 0 | 0
COLL 14 0 0.10171677879989148 0.75 0.8353561029769481 | 1.4360250206664205 0.6076521245995536 -0.8032548925839365 0 0 -0.05651582172140479 2.347165387123823 1.3542284045834094 0 0 -0.7242161482572556 2.859263745835051 -1.024156482424587 0 0 -2.461386036593467 2.310579738114029 -1.6725779252592474 0 0 -0.5333537715487182 2.763043211773038 -13.020721891429275 0 0 2.8141480148769915 2.0549434567801654 -13.773757488001138 0 0 2.3878024891018867 2.377833850332536 -4.884052746696398 0 0 1.2057423912920058 0.6019825565163046 -3.527918325504288 0 0 -2.993762029800564 -0.4166691676946357 -3.8048162281047553 0 0 0.5904115797020495 2.525896440143697 -8.65956271556206 0 0 2.057180601172149 -0.44127460359595716 -4.423913694452494 0 0 1.678436815738678 1.4967063695657998 -7.749246896710247 0 0 -0.1582799954339862 -0.06536907248664647 -2.1195448734797537 0 0 1.1478361417539418 0.3202250637114048 2.7444256546441466 0 0 | 0
COLL 28 2.2 0.20916354269720613 0.75 1.6495725034736097 | -0.8889724421314895 0.9527580584399402 -5.754131127381697 0 0 1.4846697659231722 1.0832884084666148 -8.631957600591704 0 0 1.8150164927355945 0.3552031663712114 -13.64201162639074 0 0 -2.6478107725270092 0.6626626913202927 -0.28346036351285875 0 0 0.1848340043798089 1.7251967375632375 -2.6847203120123595 1 0 -0.7223201058804989 2.403427527518943 -8.912661533337086 0 0 -0.45601622527465224 2.2337247830582783 -12.995586616219953 0 0 -2.409635643940419 0.7848543798318133 -0.5621999877039343 0 0 0.21665890887379646 1.603063355665654 -11.200342334574088 1 0 -0.1365005001425743 1.877158053102903 1.8437457545660436 0 0 1.674814861267805 0.3855160700622946 -7.0954213798977435 0 0 1.1506632445380092 1.761315384414047 -6.969312052708119 0 0 0.6023638732731342 1.022609080420807 -4.590983628295362 1 0 -1.8170280042104423 1.4446498351171613 -10.926205957541242 0 0 -0.17824899405241013 2.938449879991822 -7.299176829168573 0 0 -1.2314384719356894 0.06058404373470694 0.34283871785737574 0 0 2.9565084110945463 1.1266780229052529 -3.923213160596788 0 0 -0.4466297314502299 1.9385066278045997 -6.444635878084227 0 0 1.2725440696813166 0.3909250177675858 1.1274411957710981 0 0 0.797012931201607 2.4079032711451873 -3.5703093456104398 0 0 -1.9841638184152544 0.3002662257058546 1.8438558101188391 0 0 -2.839727261569351 0.8580641536973417 -13.882036932976916 0 0 -1.5552728581242263 -0.19795984297525138 -6.793344025500119 0 0 1.7776597780175507 1.439740578760393 -12.505900579039007 0 0 -0.2695914739742875 0.5804660175926983 -9.019906503614038 0 0 -2.049314714502543 0.05934017989784479 -4.980468226829544 0 0 1.590736823156476 -0.48812902194913477 -0.2966613578610122 0 0 0.5739273936487734 0.4973652776097879 -1.1102106310427189 0 0 | 0
COLL 2 2.031263512093574 0 1.55 1.234257189044729 | -1.3761083576828241 -0.011394152650609612 -6.276389499660581 0 0 0.35132666677236557 0.5732876193942502 1.0561747651081532 0 0 | 0
COLL 1 -2.2 0 1.55 0.807905692094937 | -0.15705937379971147 0.04247086064424366 -9.735455936053768 1 0 | 0
COLL 29 0 1.3543354878667742 1.55 1.7324945947155357 | -1.1607670742087066 2.9432717367308214 -3.399037343915552 0 0 0.4064029105938971 0.705731870373711 -13.724369527306408 0 0 0.46981654269620776 2.8999014641158283 -4.314108112826943 0 0 -1.0815777769312263 -0.405998989706859 -7.8071434162557125 0 0 -1.3271326473914087 -0.08336664142552763 1.3046733043156564 0 0 -0.594705882947892 0.6325916072819382 -0.5801779273897409 0 0 -0.9098953837528825 2.514256536378525 1.1387657874729484 0 0 -1.0293015190400183 0.7969480932224542 -11.039838662138209 0 0 -2.749778819270432 1.8127444174606353 -9.807644759304821 0 0 -0.19269484654068947 1.0280291287926957 -11.706624812446535 0 0 -2.690643321722746 -0.3432529696729034 -4.418135542422533 0 0 0.9984728009440005 0.25337133009452373 -1.4435238372534513 0 0 -1.3025145940482616 1.7288844039430842 -5.375892686424777 0 0 0.3747950275428593 2.1720821922644973 2.895435880869627 0 0 1.5576119595207274 0.35886794445104897 -7.255362690426409 0 0 -2.6240579397417605 1.0417485014768317 -2.6417598607949913 0 0 -1.173692315351218 2.740527607151307 -12.642395928502083 0 0 2.8934166454710066 1.7177828882122412 -11.39941114303656 0 1 1.7520114127546549 -0.315911210491322 -4.200238241581246 1 0 -2.4254256547428668 2.9722270391648635 -7.122875789413229 0 0 2.6044062939472497 2.374964938382618 -7.168846332235262 0 0 2.13039388647303 0.8223081862088293 -11.913384408224374 0 0 1.6161794266663492 0.17237239889800549 -11.706096723908558 0 0 1.8700235313735902 1.4866854184074327 -12.464397068601102 0 0 0.20462852669879794 1.7743242647266015 -2.8697829216253012 0 0 -1.2934104474261403 0.5325035641435534 -11.746460560709238 0 0 1.3202043380588293 1.8737619034945965 -8.057787636993453 0 0 -2.555221001151949 2.0272589867236093 -0.9439797594677657 0 0 -1.669788092840463 2.432216556277126 1.4625330271665007 1 0 | 0
COLL 3 2.2 0 1.55 1.1802631930448115 | 1.9746340988203883 0.3806078787893057 -7.084120489424095 0 0 -2.535947700496763 0.33773738553281873 -9.395915722940117 0 0 2.2980020460672677 -0.17693295166827738 0.9983793715946376 0 0 | 1 2
COLL 27 0.8799097412265837 1.0200587789062412 1.55 1.3188182156998665 | 2.0241325716488063 0.20822916959878057 -0.8647270479705185 0 0 2.9329452831298113 1.2262894675368443 -11.269551425008103 0 0 -1.6122276093810797 0.08915291796438396 -10.372784756822512 0 0 0.37187541648745537 1.9560458317864686 0.11384850204922259 0 1 -2.1458441144786775 0.3275373503565788 -7.331503341207281 0 0 1.4625957878306508 0.6512079092208296 0.21483777300454676 0 0 -2.1528981900773942 0.40804971754550934 -13.219302580459043 0 0 -2.369490553624928 2.972649680217728 -10.008444062201306 0 0 0.9359526447951794 2.507885576807894 -13.020264312857762 1 1 -2.4097377341240644 0.05940972489770502 -1.8275729937013239 0 0 1.3391977585852146 1.6836465545929968 1.9653056373354048 0 0 2.6650455775670707 2.8612411516951397 -9.465415477985516 0 0 -2.957501318771392 2.8666834250325337 -12.510960157960653 1 0 2.737136176787317 0.29784891742747277 -3.825531485490501 0 0 -0.5601658327504992 2.1226086171809584 -1.1763248310890049 0 0 -0.9794936645776033 1.2281187860062346 -8.039042221615091 0 0 -2.108418385963887 0.8476943513378501 -4.431324203265831 0 0 1.9078531390987337 0.4651678006630391 2.4149719330016524 0 0 2.4596688374876976 -0.05661730840802193 -6.3008193268906325 0 0 -2.1106453500688076 1.785591230262071 -13.39330492564477 1 0 0.4578187339939177 1.5568186403252184 -9.123764129821211 1 0 1.8115515005774796 2.5584850921295583 2.5456584075000137 0 0 2.1140015297569335 2.776205141446553 -13.154974565608427 0 0 1.1416615275666118 2.7489352440461516 -2.667926084017381 0 0 0.7774006803520024 2.2631055681267753 -7.0225881626829505 0 0 1.4392583412118256 0.06392457347828895 -12.749036798486486 0 0 1.6077570067718625 1.9335493701510131 -0.8246812897268683 0 0 | 1 26
COLL 4 -2.2 0.09122529602609575 1.55 0.8705502387136221 | 1.507927664089948 0.44347925519105047 -8.154849593061954 0 0 -1.8523526089265943 2.1121340894605964 0.9777991257142276 0 0 -1.3319946848787367 1.3039623906370252 -13.93432935886085 1 0 -2.327644093427807 2.4764523655176163 -8.133009805809706 0 0 | 0
COLL 29 0 1.0588994306512178 1.55 1.4536683617159725 | -0.6420769966207445 1.527614482329227 -13.86417482770048 0 0 2.531763025559485 1.9880577535368502 -10.669088368536904 0 0 -0.017708455212414265 -0.4335557841695845 -4.041494618868455 0 0 -1.5244528711773455 2.538453617366031 -8.046153290662915 0 0 -2.993869306985289 1.4196579286362976 -12.985952672548592 0 0 -0.7221921505406499 0.41373614280018955 2.4085375918075442 0 0 1.3493206165730953 1.164827014436014 -8.383769900538027 1 0 -2.5559470541775227 2.826619590516202 -2.080295782070607 0 0 -0.1556683173403144 1.5856204305309802 -7.1460168762132525 0 0 -2.7441275725141168 0.19702259765472263 -0.20271818339824677 0 0 2.2825814662501216 0.1640581846004352 -1.9448660735506564 0 0 2.2271374384872615 2.6949145500548184 -2.3269496508874 0 0 1.323727052193135 0.9145886738551781 -9.755564061226323 0 0 0.9135441756807268 0.9466067685279995 1.884273651521653 0 0 2.522331807296723 -0.26552788680419326 -6.118893551873043 0 0 0.5295421401970088 0.5032746378565207 0.19889034144580364 0 0 -2.9539232295937836 2.235816193628125 -7.250583603745326 0 0 -0.5896945581771433 2.027152875205502 -10.648337009130046 1 1 -0.10986684495583177 0.21585355349816382 -13.315337602049112 1 0 0.9875635541975498 2.9374529770575464 -8.052790968446061 0 0 -0.08802154613658786 1.01028733397834 -3.2885892998892814 0 0 0.9765937593765557 2.846717542153783 -9.84055710886605 0 0 1.4836479602381587 0.9751000495161861 2.188757131807506 0 0 -0.47304072277620435 2.0795560068218037 0.42657651868648827 0 0 -0.01614692620933056 2.6342203825479373 -11.548673364100978 0 0 -0.6702107805758715 2.843848653836176 -6.928230501711369 0 0 1.0063917408697307 -0.19186363753397018 -12.801181020447984 0 0 0.6456790454685688 0.7963733448414132 0.9808278046548367 0 0 -2.1299784863367677 1.3820724373217672 -7.855233220150694 0 0 | 2 23 27
COLL 20 2.2 1.4788563385605813 0.75 1.43547945744358 | -0.6337800677865744 2.759665467659943 -13.816296989098191 0 0 0.3827342363074422 2.9511361425975338 2.9314928269013762 0 0 1.5262888250872493 1.5498037288198248 -8.214953616028652 0 0 -1.8635816937312484 1.1203676101285964 2.039189011324197 0 0 -1.7914381432347 1.3724293619161472 -3.08774409070611 0 0 1.2649044343270361 1.3909713736502454 -2.0455053001642227 0 0 -2.6955348551273346 0.9225388902705163 -7.812598874559626 0 0 -1.7371038179844618 -0.3748968670843169 2.963566533755511 0 0 2.5177218820899725 2.8347529442980886 2.1709787922445685 0 0 0.9142433786764741 1.6750995579641312 -1.3612793404608965 0 0 0.4536543167196214 2.757265664404258 -7.076247410848737 0 0 1.5522428238764405 0.6936978163430467 -1.6163736409507692 0 0 -0.9843563111498952 0.39571408671326935 -5.932880201609805 0 0 2.9133130302652717 0.4835979223717004 -7.898021687055007 0 0 2.2153490586206317 1.8706575884716585 -5.489056666381657 0 0 2.7271122727543116 0.5883899899199605 -9.494920985773206 0 0 -1.6077522444538772 1.439454538980499 -4.849297250621021 0 0 1.1060318006202579 -0.18150285293813795 -6.9085520503576845 0 0 -0.6477742097340524 0.12024831760209054 -2.078567694174126 0 0 -2.650028840638697 1.1654945554910228 0.4420871320180595 0 0 | 0
COLL 1 -0.638901935890317 0.9483671339694411 0.75 0.9999537535011769 | 0.22969047725200653 1.228814200963825 0.9770699171349406 1 0 | 1 0
COLL 30 -2.2 0 1.55 1.724889738438651 | -2.107547010295093 0.4739861589623615 1.6382936527952552 0 0 -2.0814011357724667 2.1652944198576733 -11.290808462072164 0 0 -2.184812854975462 0.9580703858518973 -6.4824410430155694 0 0 -0.18562061665579677 2.8754027370596305 -4.08151695295237 0 0 -2.8324024281464517 0.42267916072160006 -3.226972487056628 0 0 -2.621863493230194 0.6635115321259946 -1.6077167158946395 0 0 -2.8277359614148736 1.3921238570474088 -1.9649642400909215 0 0 -0.8227521171793342 -0.46817983977962285 -6.255760374944657 0 0 -0.3083531535230577 -0.2983757803449407 -5.642999021103606 0 0 -1.3152280915528536 0.19741848693229258 -5.885931151919067 0 0 -0.3626689142547548 1.120140049722977 -12.048098642844707 0 0 -0.09821232408285141 2.6120867673307657 -6.63941511255689 0 1 -0.5383293321356177 0.3760749629000202 -9.365448142401874 0 0 0.7340958779677749 -0.07077200128696859 -11.82862051599659 0 0 -0.9427520069293678 2.8101394310360774 1.6362097654491663 0 0 -2.958182801026851 0.013488090131431818 -10.816704818746075 1 0 -1.7995602367445827 0.6942030425416306 -7.56385757192038 0 0 0.28739110054448247 0.06543999374844134 -13.089449278544635 0 0 0.9969434919767082 2.8170086852042004 -8.649492377182469 1 0 0.5312370979227126 -0.37050755170639604 2.160113441525027 0 0 2.226528807543218 1.0598958357004449 -1.580299314809963 0 0 0.36301885172724724 0.5622834858950227 -4.167605224531144 0 0 -0.12587059987708926 1.8330082736210898 -9.930958283599466 0 0 -0.9097986649721861 2.625181951210834 -13.651114326901734 0 0 2.7659616004675627 2.877430469961837 -0.6842978820204735 1 0 0.5018771798349917 0.7533436260418966 1.7778511154465377 0 0 1.658129086252302 0.21948691445868462 2.216871779644862 1 0 2.1156462603248656 2.615697287255898 -5.579649718943983 0 0 -1.5926190507598221 0.8084207682404667 -3.176485969685018 0 0 -0.444658528547734 2.069620971335098 -4.399595130002126 0 0 | 2 0 5
COLL 17 0 0 0.75 1.4755313242319972 | 2.7616751147434115 2.035020820214413 -9.28447987837717 0 0 2.2575522414408624 0.6450344024924561 -9.882794779492542 0 0 -2.586522737983614 1.9749555801972747 -10.505483745830134 1 0 0.06459680618718266 1.9035059391753748 -1.4545568460598588 0 1 -1.0662563885562122 2.0565870326245204 -0.8079517770092934 0 0 -2.080269464291632 2.5419038474792615 -1.7455929825082421 0 0 1.9557327688671649 2.1778160337125883 2.1011898687575012 0 0 0.6892394595779479 1.004821827635169 -12.146020500687882 0 1 2.989695831667632 0.12691253458615392 -6.59755922248587 0 0 1.4760783459059894 2.776985736214556 -5.466944786021486 0 1 -2.4083017269149423 0.6252619427395985 1.5901312094647437 0 0 0.5917206821031868 2.785518421442248 -1.8697664481587708 0 0 1.8411081656813622 1.5850380855845287 -7.516675464110449 1 0 2.0680750091560185 2.3482076143845916 -6.900963572552428 0 0 2.828388208989054 1.1244174424791709 -2.8071523904800415 0 0 -2.034240983426571 0.3384724057978019 -10.57175083225593 0 0 -2.058691995218396 0.3777924320893362 1.5646008742041886 0 0 | 0
COLL 22 2.2 0 1.55 1.6997413315810264 | -2.253881497308612 0.32105122157372534 -8.478264639154077 0 0 0.34217509953305125 1.8082168783294037 -9.416809214511886 0 0 1.765362166799605 0.24171956616919488 -6.27332379645668 0 0 2.698231754824519 2.6706891648937017 -13.106632625451311 0 0 0.38639952102676034 -0.45924935350194573 -12.143025758676231 0 0 -2.325073756277561 -0.49828170938417315 -2.0618159051518887 0 0 0.63818927295506 0.3887143487809226 -8.286156795918941 0 0 0.19612385798245668 1.4399887294275686 -8.992078859126195 0 0 -2.947712703142315 0.6129045987036079 -13.128479117760435 0 0 1.845569979865104 2.655876368400641 -13.247257391456515 0 0 2.5615063053555787 2.567370467586443 -9.265441455179825 0 0 -0.9206734648905694 1.6680690336506814 -6.677700013620779 0 0 -0.7871009353548288 2.158027282333933 -6.727214958751574 0 0 2.789250420872122 0.8566369422478601 -5.354003489948809 0 0 -2.3892186731100082 2.1510454275412485 -0.6505560963414609 0 0 -0.0447608926333487 -0.4457744505489245 1.9837270686402917 0 0 1.111670513637364 0.15094908128958195 -2.0698268213309348 0 0 0.5593662075698376 2.1514117976184934 -11.916417468804866 0 0 0.25908124912530184 0.36776056117378175 -12.338020785944536 0 0 1.3093989752233028 -0.34105273720342666 -3.9044817213434726 1 0 2.2251334441825747 1.6360119000310078 -0.7566521349363029 0 0 -0.9572208020836115 2.1760254453402013 -6.659217508509755 0 0 | 1 20
COLL 8 2.657486862502992 1.799056497355923 1.55 1.7741373634897173 | -2.260350659955293 2.8584757786011323 -4.051173946354538 0 0 -1.3084187004715204 1.4640151280909777 -0.42669936548918486 0 0 2.3625229108147323 2.774801402585581 2.3115344415418804 0 0 -0.1377884242683649 -0.3881125944899395 -1.2244033503811806 0 0 -0.28331504529342055 2.646685075946152 -5.979529039701447 1 0 -0.7042821007780731 0.4572481994982809 -10.231528468662873 0 0 0.8796768179163337 1.9533885675482452 -12.875010354211554 0 0 1.518242143560201 0.19505902810487896 -13.529162376420572 0 1 | 0
COLL 21 -2.2 0.7996985231526196 1.55 0.9055598866660148 | -0.21894763363525271 2.0679623588221148 -9.48024133243598 0 0 2.7526388252153993 2.099617215921171 -10.598959881812334 0 0 2.559753730427474 2.915367811336182 -12.398356762714684 0 0 1.3829568084329367 1.7880999189801514 2.52046304801479 0 0 -0.20888770977035165 2.441261423751712 -5.975509140407667 0 0 2.824259979184717 0.09879533329512924 -6.976298041176051 0 0 0.8264420349150896 0.7141638469183818 -7.811978890327737 0 0 -2.110037269536406 1.5064896122785285 -9.863785460358486 0 0 2.9159118882380426 0.8417151714675128 -6.726723138475791 0 0 2.7539311931468546 0.7550753797404468 -9.00618969090283 0 0 1.754389496985823 1.910426982329227 -2.9740179625805467 0 0 -1.054587700869888 0.5660424485104159 -12.628723874222487 0 0 2.037057364359498 0.10795295867137611 2.332825878635049 0 0 2.7434029122814536 2.649292058777064 -3.7408937425352633 0 0 -0.9024647930637002 -0.20974838419351727 -2.206301066093147 0 0 2.0562414969317615 2.50007220369298 -12.452838860685006 0 0 -2.8955274769105017 0.5999378238338977 -8.63922152039595 0 0 1.9400489456020296 0.627277561230585 -8.86144559760578 0 0 -1.0794784049503505 1.5687221128027886 -9.868323592469096 0 0 2.5989681500941515 2.577609794330783 -10.994064517319202 0 0 -1.2445681183598936 0.655319522949867 -2.5348787328694016 0 0 | 0
COLL 3 0 0 1.55 1.4376681705005467 | -2.370004744268954 1.3611347270198166 -7.71624780097045 0 0 0.05731789581477642 2.342199780745432 -4.919500545831397 0 0 1.2831399491988122 1.9863783722976223 2.9860117631033063 1 0 | 0
COLL 27 2.2 1.287315090559423 1.55 1.4516827198211104 | 2.246896241325885 1.280364559032023 -3.9215902558062226 0 0 -2.774383084382862 0.9905189063865691 -11.325078205671161 0 0 -2.89774331683293 2.058421947876923 -3.416652490152046 0 0 -2.9116430087015033 2.0201924280263484 -12.545236820355058 0 0 -2.094049958512187 1.4898099423153326 -2.2716498565860093 0 0 -1.3709346754476428 0.17082925303839147 2.6487575587816536 0 0 -1.3304178938269615 -0.3047517027007416 2.7283349668141454 0 0 -2.2832756554707885 1.1306718955747783 -2.557037303224206 0 0 -1.2190766176208854 -0.4528173109283671 1.2191775753162801 0 0 -2.368696942459792 2.047472990117967 -11.469132054131478 0 0 -2.694300217553973 2.8845177077455446 -11.766818114789203 1 1 1.2754200068302453 2.452159793698229 -11.68727053119801 0 0 2.931268180254847 1.1519944694591686 -6.301912342198193 0 0 -0.10437635611742735 2.3044220308074728 2.6584325917065144 0 0 2.9320834572426975 1.980705038527958 -0.1010926365852356 0 0 1.102926675695926 -0.39012704929336905 -7.040643012616783 1 0 0.3157054907642305 0.5295721528818831 0.5740988131146878 0 0 -1.949178830254823 -0.10100788809359074 -1.9705585888586938 1 0 0.13084181444719434 -0.45424399920739233 -5.776161767309532 0 0 1.6842360869050026 2.381220433744602 -8.792982130078599 0 0 -1.6790872137062252 2.1278089486295357 -10.340402839006856 0 0 2.83520331652835 2.851666325586848 -4.5413611370604485 0 0 2.822171626612544 0.5730282490840182 -13.51944406540133 0 0 -1.4969398342072964 2.49334509705659 -0.3791874630842358 0 0 -0.6953975125215948 0.2977705323137343 1.5051343264058232 0 0 -0.12259850045666099 0.04845845443196595 -13.572463487274945 0 0 -0.2599553936161101 1.6170553726842627 -13.057382094673812 0 0 | 1 14
COLL 11 -2.9251083699055016 0 1.55 1.257572020823136 | -2.0571683482266963 1.5979579340200871 -2.353789043612778 1 0 -2.998344687279314 -0.24565856147091836 -2.2521393166389316 0 1 2.6827554856427014 -0.3973418828099966 -8.00080327829346 0 0 -1.780480376444757 -0.17026515887118876 -8.934615809237584 0 0 -2.80035277409479 0.23441428039222956 -10.854402029886842 0 0 1.5146526298485696 2.9349586812313646 0.6476821219548583 0 0 2.3259685817174613 -0.03146978316362947 0.21947890729643404 0 0 1.559392328839749 0.9146762706805021 -5.691610398469493 0 0 2.8507446865551174 -0.2067527346080169 -8.605894518084824 0 1 -0.5022613685578108 2.50738339102827 -4.993370050564408 1 0 -1.8944384884089231 -0.3951952924253419 -13.067134441575035 0 0 | 0
COLL 15 -2.2 0.05343287796713412 1.55 1.701612088084221 | 1.1464853254146874 0.5573943561175838 -13.349662359571084 1 0 -0.5739834629930556 1.281338743166998 -3.0117419781163335 0 0 -1.3987000496126711 0.7611301332945004 -7.344544253312051 0 0 0.26505979243665934 1.744331696187146 -1.4244810917880386 0 0 -0.6277479040436447 1.0234365665819496 2.8055159938521683 1 0 -0.6215495062060654 2.082076860475354 -4.489083047490567 0 0 0.9657881520688534 2.964426915626973 -8.698824682738632 0 0 0.9151190808042884 -0.08201805141288787 -1.4869660274125636 1 0 -0.6396045265719295 -0.38413121516350657 -6.952508764574304 0 0 0.34241950465366244 0.5940906687173992 -11.932018529158086 0 1 -1.07709486130625 1.1752157593145967 -12.549836077727377 0 0 2.295878409873694 -0.3677633230108768 2.114358972525224 0 0 -2.2703301873989403 -0.3942418134538457 -7.377324334345758 0 0 0.23833061289042234 1.1832092986442149 -0.2605639202520251 0 0 2.870132511947304 -0.43885541695635766 -13.450205775909126 0 0 | 0
COLL 1 0 0 1.55 0.804050397546962 | -0.10923855984583497 1.2599288291530684 -13.18529892154038 0 0 | 0
COLL 24 2.2 0 1.55 1.2886571273673326 | -0.66975101782009 2.102127778925933 1.639556028181687 0 0 2.24829850718379 0.021998001961037517 1.175134526565671 0 0 2.4799222466535866 0.5842831825139001 -5.329832662362605 0 0 1.6078487243503332 1.522017975570634 1.6809998778626323 0 0 1.302121102809906 -0.17118102579843253 -5.734771411633119 0 0 -0.590807399712503 2.525768661056645 -4.241649211151525 0 0 0.1351892575621605 0.08808570320252329 -3.109904394717887 0 0 -1.6754553420469165 0.8692746233427897 -8.674319389974698 0 0 -1.684354527387768 -0.13736944901756942 0.9456643213052303 0 0 -1.895788764115423 2.683555618976243 -5.573097516782582 0 0 -1.0586776658892632 0.15297458216082305 -10.82950014132075 0 0 -0.875592808239162 0.5419711940921843 0.8151444520335644 1 0 -2.755330490414053 1.419784955563955 2.9969280706718564 0 0 -0.10258767195045948 -0.4019484606105834 -5.958578780759126 0 0 1.6432385346852243 2.0576839735731483 -4.609896286157891 0 0 -0.8056362820789218 2.434396922122687 -7.330316668841988 0 0 -0.331569311209023 1.2874775185482576 -6.730180189013481 0 0 0.6955924364738166 1.1748867885908112 -9.903168304590508 0 0 2.5190747156739235 2.69567263382487 -13.214430030668154 0 0 -0.5773847121745348 1.4246517951833084 -1.099755594972521 0 0 1.7699234713800251 -0.26831418671645224 -4.001763004809618 0 0 2.8109243740327656 2.940082189743407 -13.439075840637088 0 0 2.961202156729996 2.4396252391161397 -2.0251788371242583 0 0 -0.14947901526466012 1.396512663923204 -1.5082685828674585 0 0 | 1 1
COLL 8 -0.10793773457407951 1.09565759729594 1.55 1.5239408157765866 | 2.878844238817692 1.8443285789107904 1.2066002145875245 0 0 -0.3888718066737056 0.8592287792125717 -1.863093582680449 1 0 -1.0701261651702225 1.3871962620178238 -12.485749872401357 0 0 -1.7031963891349733 1.1768286873120815 -13.28252989333123 0 0 -0.6602516337297857 2.049598649609834 0.875226748874411 0 0 -1.707353730686009 1.750340417260304 -5.424460385926068 1 0 -1.6400994337163866 0.31115065747871995 -12.62398233031854 1 0 -1.816592966672033 -0.21400476049166173 -7.593710309825838 1 0 | 1 4
COLL 20 -2.2 1.1124895925167948 1.55 1.6585097980685533 | -2.8863232056610286 0.24390033050440252 -13.89037991175428 0 0 -0.11426300788298249 -0.019618562539108098 -3.008495812304318 0 0 2.504625749308616 2.3927561605814844 -7.041421060450375 0 0 -2.0320606268942356 0.8840697999112308 -10.445932751521468 0 0 1.1690465505234897 2.1658939658664167 -0.6504562369082123 0 0 -2.6308054151013494 2.104910655412823 -1.0205512715037912 0 0 0.819009080529213 2.2504125686828047 -9.059783732984215 0 0 -2.432506647426635 2.6455235984176397 -11.505327383987606 0 0 -1.4721444128081203 0.9286605004454032 -1.3336664161179215 0 0 -0.2512701451778412 2.6184825628297403 -3.4023869750089943 1 0 2.306670453865081 -0.38118049304466695 -7.279984225286171 0 0 1.2085560536943376 0.5373183597112074 -5.019434708403423 0 0 0.45925083104521036 -0.07947014039382339 -6.1615340483840555 0 0 0.611548257060349 2.5080814259126782 0.46846327814273536 0 0 -1.3632195331156254 0.27262798452284187 -0.3199395223055035 0 0 -1.1478784382343292 -0.4774653575150296 -9.401687399484217 0 0 1.0116375270299613 2.6837248735828325 -0.8409500059206039 0 1 -1.072655257768929 1.5861564317019656 -0.43192889424972236 0 0 -2.002910199109465 1.7328260003123432 -13.401623383862898 0 0 -1.189235315658152 0.11561298335436732 -10.52243513497524 0 0 | 2 5 8
COLL 15 0 0 0.75 1.010088732186705 | -2.2794076558202505 0.27737797051668167 1.301933888811618 0 0 2.24632530240342 1.872268010629341 -3.033285408979282 0 0 2.713578640948981 1.0872933842474595 -8.226347177987918 0 0 2.6019120309501886 0.15856705512851477 -0.03916931874118745 0 0 -1.7326153619214892 1.062053574831225 -13.881912307580933 0 0 1.8738420093432069 0.194422549684532 -9.940971921896562 0 0 0.7203801730647683 0.0189280939521268 0.8038306462112814 0 0 0.19401387451216578 2.9463129705982283 -0.7341035313438624 0 0 -2.495061758905649 2.493345763650723 -0.1720179128460586 0 0 -0.4887383384630084 -0.3878225893713534 -7.3070069898385555 0 0 0.6067197667434812 -0.39207670104224235 -11.577652976149693 0 0 -0.02479910245165229 -0.41148860997054726 -1.620709224138409 0 0 -2.349666710011661 2.9054765828186646 -9.574116249103099 0 0 2.5060575054958463 1.2412812632974237 2.4915373178664595 0 0 -0.9271219717338681 -0.26119906117673963 -12.520995993399993 0 0 | 1 6
COLL 0 2.2 0 1.55 1.5058191613759846 | | 0
COLL 13 -0.8557229703292251 0 1.55 0.8937066318001599 | 1.7309400597587228 0.6093422723934054 0.7636439946945757 0 0 1.6146954707801342 2.5574166525620967 -6.193622863385826 0 0 -2.2299527088180184 1.3270886639365926 -4.389863800723106 0 0 -1.6419236082583666 1.2295700021786615 -8.418017253046855 0 0 1.069280806928873 0.890094407601282 2.840164980851114 0 0 1.873540224507451 -0.38331843237392604 -9.7689534581732 0 0 -2.3776251124218106 -0.3123082007514313 -9.754645880078897 0 0 0.9595015584491193 2.9956251378171146 -3.6167607565876096 0 0 -1.984197988640517 2.0168502326123416 -3.343347583664581 0 1 -0.32266132486984134 2.874551441753283 -8.524824653053656 1 1 -1.2468377435579896 0.8955110578099266 -4.603021077578887 0 0 1.5008381218649447 1.1943536108592525 1.4796412766445428 0 0 -0.2312597273848951 2.685563473030925 2.914336165646091 0 0 | 0
COLL 28 -2.2 1.3426831324584783 0.75 1.252464274596423 | 1.713859164621681 1.9280202334048226 2.6408157632686198 1 0 2.6650448706932366 2.9710693191736937 -11.027674410492182 1 0 0.43522720551118255 1.7923245627898723 -11.504340992541984 0 0 -1.4714775513857603 2.0794994115130976 -1.4511471623554826 0 0 -0.8775225067511201 1.634959668153897 -0.3154824683442712 0 0 -0.504406314343214 0.6347171983215958 -2.2737315827980638 0 0 2.27741656685248 1.0804849930573255 -3.2693986750673503 1 0 2.865009857341647 0.3321729152230546 -10.368871612008661 0 0 -0.5995756275951862 2.7545135425170884 -10.232220502570271 0 0 -0.9430647217668593 -0.18555319379083812 -2.0541882696561515 0 0 -1.4371990696527064 1.1558415911858901 -6.2113009872846305 0 0 -0.2186760362237692 0.06194929615594447 -8.96041216980666 0 0 -1.509163711220026 -0.2769814481725916 -8.614724595099688 0 0 -0.35991851007565856 -0.15836115588899702 -4.44038289738819 0 0 0.12392692035064101 0.9874613442225382 -10.201128769898787 0 0 -1.0377633520402014 0.6300778482109308 1.1604498939123005 0 0 -2.49252698617056 1.828286949545145 0.20039335079491138 0 0 -0.607304051052779 -0.3327795355580747 -6.970242650480941 0 0 -1.5753046316094697 0.9362386122811586 -12.290227734250948 0 0 -0.47769537940621376 2.9265359229175374 -13.380786038236693 0 1 -2.6467615119181573 1.6472946470603347 -7.007603369886056 0 0 2.4279550826177 -0.12710833246819675 -9.333196328021586 0 0 -1.181670748628676 0.7501654372317716 -12.73280723602511 0 0 1.15418845647946 -0.2861270528519526 0.41440167115069926 0 0 0.1876217806711793 2.790301453555003 -10.13530454179272 0 0 -0.6007896540686488 -0.33106178196612746 -1.210833463119343 0 0 -1.2052674544975162 2.0325351672945544 -5.493493181653321 0 0 -1.2544266670010984 -0.33477942063473165 -4.988388205179945 0 0 | 1 16
COLL 10 0 0.48569822302088145 1.55 1.4570536338258535 | -1.7571377945132554 -0.44153757009189576 1.2155583922285587 0 0 -1.4883270347490907 0.8063815932255238 -1.3722752418834716 1 0 2.2346995691768825 1.8481465448858216 2.2288455546367913 0 0 1.4119106498546898 2.347239322029054 -2.6763702165335417 0 0 -2.399889752268791 0.44310978113207966 2.978662589332089 0 0 1.5772171723656356 0.9767309486633167 -12.581114198314026 0 0 -1.3394955634139478 0.18501026497688144 -10.16660014539957 0 0 0.1459779473952949 2.346407417440787 1.3706395220942795 0 0 -1.511690269690007 2.9035841840086505 -11.028345790924504 0 0 1.1816438580863178 0.9159116741502658 -0.9732048739679158 0 0 | 1 7
COLL 17 2.2 0.8629292617086322 1.55 1.6409491707570851 | 2.009107170626521 0.3770937289809808 -6.3406756850890815 0 0 -0.3008017963729799 1.6412225653184578 -9.333071655128151 0 0 -0.28409455670043826 1.8254259038949385 -8.529497167328373 0 0 0.3458477659150958 0.2347967237001285 -8.047607729909942 0 0 2.891330578364432 -0.1628463394008577 -12.447011220268905 0 0 1.4853241969831288 1.0200371915707365 -7.253109221346676 0 0 1.6090335971675813 0.5713442179840058 0.042227522702887654 0 0 1.9640316059812903 2.960801352513954 -12.973695080494508 0 0 1.6690558791160583 2.4902269473532215 -5.1122147652786225 0 0 0.27629637345671654 0.7686738495249301 -0.10369803407229483 0 1 2.405954229645431 0.8290781952673569 -11.397456294391304 1 0 -0.6726533370092511 2.173701773979701 1.0706088605802506 0 0 2.0888415556401014 2.736002931604162 -6.542607881361619 0 0 -2.6795736607164145 0.8978566762525588 -5.970886063063517 0 0 1.4604656277224422 2.2127028121612966 -5.025133369490504 0 0 1.379637838806957 -0.4033320777816698 1.2567281380761415 0 0 -0.2347958916798234 0.294536154018715 -1.7942438579630107 0 0 | 1 6
COLL 30 2.019651659298688 0.5487229934893548 1.55 1.029292450239882 | -1.882812556810677 0.014412666787393391 -10.49063238920644 0 0 -2.6661247867159545 0.0912224743515253 -13.179775902070105 0 0 -2.567584295757115 2.1236115186475217 -5.335204481612891 0 0 -1.1773115149699152 -0.0756250893464312 -8.827482881490141 1 0 1.7956957323476672 2.1633349183248356 -12.23650281294249 1 0 -2.69250436546281 2.2780296622077003 -11.304232088848948 0 0 -2.198782289866358 0.24219136976171285 -13.605398734565824 0 0 -2.5726021165028214 1.5194173775380477 -4.153878065291792 0 0 0.2789224237203598 0.9734287260798737 1.9411999208386987 0 0 1.2737520555965602 1.1168200914980844 2.732610311359167 0 0 0.8376407031901181 0.9233812672318891 -10.015427739126608 0 0 -0.3898177072405815 2.487631370779127 -9.871726816520095 0 0 1.7313338918611407 -0.35299994167871773 -8.699416227871552 0 0 -2.1691743903793395 0.4375280779786408 -2.192818779964 0 0 1.4606811739504337 -0.3975626965984702 -8.997163607738912 1 1 0.8016220740973949 2.895544364466332 -13.738103181822225 0 0 2.7349563888274133 0.6409354018978775 -8.236674770480022 0 0 -0.8911686376668513 -0.16149433166719973 -10.417968591442332 0 0 0.04902024194598198 1.5651716083521023 -13.465360150439665 0 1 1.4267678610049188 0.6355714378878474 -4.797669100342318 0 0 2.184330564457923 2.8700612041866407 -11.260041378438473 0 0 -1.1784532670862973 0.9401689409278333 -1.4059806088916957 0 0 1.0297668655402958 -0.10499893792439252 0.897520944243297 0 0 1.549396307207644 2.459714974043891 -11.315816400572658 0 0 0.9170149373821914 2.052058046218008 -6.820559898857027 0 0 2.498379865195602 0.4742792199831456 -11.45721138920635 0 0 2.4643613691441715 2.868569328216836 -8.958853137213737 0 0 0.6128226444125175 2.2732692380668595 -5.125426133861765 0 0 1.5079534691758454 1.0236113723367453 -5.55737813632004 0 0 -2.0504140499979258 1.9510048448573798 -12.650032161036506 0 0 | 0
COLL 17 -2.2 0.46670094165019693 1.55 1.6853414913173765 | 1.51570107601583 0.480246098828502 -11.377658889628947 0 0 2.2778452690690756 0.6968327783979475 -8.009094738168642 0 0 0.5529332379810512 1.4803535947576165 -1.9355516808573157 1 0 0.2547299461439252 0.5079339368967339 0.6464356028009206 0 0 2.4601830588653684 -0.3908761063357815 -3.353609637590125 0 0 1.1877760961651802 2.672625325038098 -12.212036468088627 1 0 -0.4855447984300554 0.08491029893048108 -2.1345334502402693 0 1 0.15373427281156182 1.0564001842867583 -11.73891922016628 0 0 -0.29569981014356017 2.8883211202919483 1.3579082814976573 0 1 1.0958909578621387 -0.44818727602250874 -4.38085877080448 0 0 0.6076467367820442 1.1690868915757164 -12.254052100004628 0 0 -0.8234817953780293 2.6064036660827696 -13.418963507981971 0 0 1.2989898500964046 0.9862967382650822 -11.807674523908645 0 0 -1.9143369882367551 2.9125983368139714 -7.157274262979627 0 0 0.6186801558360457 2.7654667663155124 1.3968507214449346 0 0 0.2148725143633783 -0.06935103854630142 0.34375833976082504 0 0 -0.6792841097339988 -0.27266139013227075 -7.941676475806162 0 0 | 0
COLL 29 0 0 0.75 1.2947620087768883 | 0.36703352630138397 1.5470534779597074 -2.3477828642353415 0 0 -0.9657961428165436 0.9679950223071501 -1.4253363348543644 0 0 -1.4516619010828435 -0.26902330678422004 -8.66897566546686 1 0 -2.226044555660337 -0.2036359115736559 -11.823194905882701 1 0 2.6300760651938617 2.5382554702227935 -6.021888660034165 0 0 1.1945178410969675 0.39913569891359657 -1.478701245272532 0 0 -2.7106679300777614 1.5217046339530498 -10.845465443795547 0 0 2.451259419322014 -0.12268747773487121 -9.259218861581758 0 0 2.611570217180997 1.5422142832539976 -4.092605814803392 0 0 -2.296410975046456 0.3009254978969693 -13.60508315754123 0 0 0.4400322390720248 0.5550774517469108 1.7849344222340733 0 0 2.422802015673369 0.26284126134123653 -10.678945233579725 0 0 1.4066454721614718 2.808557748212479 -6.974124169908464 0 0 -0.22728768596425653 1.9692491742316633 0.10463857208378613 0 0 0.6294621108099818 0.2077753118937835 2.6186398840509355 0 0 -0.28010351210832596 1.0641493924194947 -11.601421199506149 0 0 -2.0269423434510827 -0.10483046970330179 1.4783590196166188 0 0 2.017012516502291 0.9772052955813706 -9.19694977416657 0 0 2.2710511218756437 2.9647236339515075 1.0561306478921324 0 0 0.8837588410824537 1.9113640995929018 -9.060180795844644 0 0 2.6374793448485434 2.388750937883742 -3.9153881850652397 0 0 0.5145011055283248 2.0406952638877556 -3.9727136506699026 0 0 -2.3869075714610517 0.030785719747655094 -7.9071698386687785 0 0 -1.5369662172161043 1.679077677661553 -12.61066887783818 0 0 -2.6378948343917727 -0.16821534850168973 -3.771172144683078 0 0 0.36691438453271985 0.2300857921363786 -7.342451317701489 0 1 0.8126326454803348 -0.4611242065439001 -11.939826939953491 0 1 2.380931327585131 2.762202739249915 -10.659741503419355 0 0 -2.330460748169571 0.2603083217982203 -5.470911389216781 1 0 | 0
COLL 10 2.2 0.7647197402548045 0.75 1.6013781290501357 | 2.3566673509776592 1.386432207422331 -6.880627875216305 0 1 -1.597214575856924 1.7552154157310724 -5.473517851438373 1 0 1.365435620304197 1.2325352361658588 -7.776507108937949 0 0 -1.9309788742102683 0.17108346009626985 -2.605989894364029 0 0 -1.1548838135786355 2.7864352328469977 -5.246537292376161 0 0 0.3644111012108624 1.8209899644134566 -0.48630764964036644 0 0 -2.9596588108688593 1.830691612092778 -13.116868112469092 0 0 1.5091789956204593 0.565875114640221 -13.271854473045096 0 0 2.1761049390770495 0.016053464612923563 -0.4983777296729386 0 0 0.28044220665469766 1.746445141849108 -10.181808073306456 0 0 | 0
COLL 30 -0.9196218475699425 0 1.55 1.777712023537606 | -2.4864519755356014 2.174980056239292 -11.365972763160244 0 0 0.4747986509464681 -0.1290926137007773 -13.049936176510528 0 0 2.8221950526349247 0.7667716718278825 -10.367520079948008 0 0 2.4407902574166656 0.6311136214062572 -13.024823909858242 0 0 2.6225195908918977 0.1484642717987299 0.37701539415866137 0 0 -2.1062807659618556 2.726074033183977 -11.586586383869871 0 0 -2.7680740817449987 1.00131999514997 -6.749658347573131 0 0 1.1318541406653821 1.5359089554985985 -10.920787836192176 0 0 0.662511785980314 -0.32851988170295954 -8.655782939633355 1 0 -2.1630302304401994 0.14647798507940024 2.008935446385294 0 0 0.9709480558522046 1.0326917249476537 0.2813419192098081 0 0 1.5672149467281997 2.8665194396162406 -11.010272017214447 0 0 -1.173212251625955 0.5439278890844434 -0.40617954824119806 0 0 2.2650043917819858 -0.4185937724541873 -12.019360005157068 0 0 2.8072190824896097 1.2611214434728026 -7.1480009239166975 0 0 1.4255060995928943 -0.018193920492194593 -5.229407205944881 0 0 2.5334388012997806 0.19327932933811098 -3.272119657602161 0 0 0.6245099860243499 0.019100072793662548 -0.054005432641133666 0 0 2.364540777169168 0.4642183342948556 -13.411957455798984 0 0 2.645198391750455 -0.45039803138934076 -6.209605375770479 0 0 -0.7666273405775428 1.0319860714953393 1.5295862874481827 0 0 2.956694960128516 -0.11176123225595802 -9.183464598609135 0 0 2.3948048735037446 -0.38397031417116523 2.482111729681492 0 0 1.1815520050004125 -0.4664528052089736 -7.001930210972205 0 0 -1.9950344720855355 2.8802754546049982 -13.970359148224816 0 0 0.27244689501821995 0.8332481319084764 -11.801832753000781 1 0 -1.5120088965632021 -0.16170479776337743 -5.917622326174751 0 0 -1.6848668488673866 1.8050287533551455 -12.0179979049135 0 0 -2.661952026654035 2.195546632516198 -2.525059818290174 0 0 -2.3297343542799354 2.87967678217683 -2.191687418380752 0 0 | 2 12 20
COLL 17 -2.2 0 0.75 1.7896962142083794 | 2.149708435870707 1.42704110161867 -7.54599872417748 0 0 1.1574334320612252 2.5167584385490045 -2.2435783403925598 0 0 2.1395363230258226 0.7166885721962899 -12.190512740751728 0 0 0.6408734209835529 2.54624369146768 -3.747684176079929 0 0 -0.16374238952994347 2.2744813514873385 -2.4625598655547947 0 0 0.7652570111677051 2.863877261755988 2.0412754081189632 0 0 0.5590751487761736 0.8651470431359485 -13.079700489994138 0 0 2.9131654780358076 -0.05904288962483406 -0.07942014327272773 0 0 1.1702467733994126 1.5552324453601614 -8.412655530963093 0 0 -1.7705147517845035 -0.20855338056571782 -9.51407011365518 0 0 1.0931885526515543 2.2598820191342384 -10.844218980055302 0 0 0.5020147492177784 -0.3736726335482672 -10.33132352703251 0 1 1.7430456667207181 1.3159979832125828 -9.387006796197966 0 0 0.09875265788286924 0.479316875571385 -1.4462573155760765 0 1 2.554963970091194 0.2868329033954069 -0.9263610073830932 0 0 -0.7627687817439437 0.3551406466867775 2.6033997093327343 1 0 2.524588060565293 1.5415576407685876 -5.731736922170967 0 0 | 0
COLL 5 0 0.14417494260706007 1.55 1.52531668539159 | 0.8391308253630996 0.4355927229626104 -8.594685436226428 0 0 2.24349869415164 2.1682715001516044 -12.421547563513741 0 0 0.7367597194388509 -0.12639934360049665 -13.120467504952103 0 0 -0.47772698337212205 0.9814603003906086 -9.243320265319198 0 0 2.9507007258944213 2.6309895743615925 -0.5057606780901551 0 0 | 0
COLL 5 2.2 0 0.75 0.8627971638459713 | -0.2566318572498858 2.527492889901623 -7.335433600936085 0 0 0.0034056329168379307 2.692809413187206 0.162181829335168 0 0 2.1875839065760374 0.5902733318507671 2.883608401985839 0 0 0.6840473511256278 2.0039968080818653 -4.776521778432652 0 0 1.5767329763621092 2.730663132853806 0.723946052370593 0 0 | 0
COLL 18 -0.49858094472438097 1.7103362043388188 0.75 0.9800542653072626 | 1.663576619233936 1.3874648220371455 -4.067860109731555 0 0 2.295234435237944 0.5408996749902144 -12.05404266784899 1 0 1.9758673547767103 -0.11664641625247896 -7.639919958775863 0 0 -1.8937165942043066 2.9064330109395087 0.6160869875457138 0 0 1.9850598759949207 1.4777678500395268 2.2727080101612955 0 0 2.2165183648467064 1.0278419274836779 -10.817340912530199 0 0 2.0165255405008793 1.1080841732909903 -2.5245245101395994 0 0 -1.9054242074489594 0.1867878254270181 -10.311812820844352 0 0 -1.1345726517029107 1.4804202346131206 -0.2198520062956959 0 0 -1.6745529379695654 0.12947662232909352 -13.811533062020317 0 0 1.0338639006949961 1.4404028041753918 -9.679724326590076 1 0 1.9517585774883628 2.4080412545008585 -6.116534776985645 0 0 -0.7465340313501656 1.9313946795882657 -12.252970278263092 1 0 0.41634858632460237 0.6179451227653772 1.161859167041257 0 0 -1.712819495704025 0.4235461780335754 -4.130565904546529 0 0 -1.084925358183682 0.20233815943356603 -6.861447470262647 0 0 0.48161218129098415 1.246310430811718 -5.632984591182321 0 0 0.9628434050828218 0.6563587782438844 -13.59902948862873 0 0 | 1 8
COLL 24 -2.2 0 1.55 1.5320932913571597 | 1.2319395183585584 0.905589958652854 -12.248755124863237 0 0 1.894579800311476 -0.4236236750148237 -13.980228311149403 0 0 -0.8210322009399533 0.5084988028975204 0.06466272217221558 0 0 1.4060720913112164 0.37207613803911954 1.8762413179501891 1 0 -2.7616268629208207 1.5269795872736722 -12.04016956873238 0 0 0.4434511042200029 -0.19484507269226015 -6.267243857495487 0 0 -0.05909932404756546 1.0891439905390143 -7.900110613089055 0 0 -0.28478008741512895 2.596013203379698 -0.6895270466338843 0 0 0.08196691190823913 0.2309891787590459 -3.161006740294397 1 0 -0.1615425799973309 0.1900812421226874 -2.0103112244978547 0 0 0.2697615302167833 1.7425106123555452 0.2117776032537222 0 0 0.6095662582665682 2.174810574273579 -3.8481254254002124 0 0 1.0787209100089967 2.0120035635773093 -13.695749589707702 0 0 2.914191805757582 0.7410996804246679 0.7944324957206845 0 0 1.6673395154066384 1.1267107528401539 -11.902464106911793 0 0 2.0667989691719413 2.3472359132720158 1.2786584594286978 0 0 -2.300563849043101 1.323736852617003 -5.739698488498107 0 0 0.49751531006768346 1.944340958725661 -9.823872809763998 0 0 -2.166523585561663 1.366221695090644 -8.639565920457244 0 0 -1.6175604639574885 1.8563608711119741 -5.517191856866702 0 0 2.3599622477777302 -0.4604324521496892 -9.184489075094461 0 0 0.919818899128586 -0.10562190599739552 -2.8116719748359174 0 0 2.2614245200529695 0.6460092947818339 -8.073719050036743 0 0 -1.5759251872077584 0.23162270721513778 -2.9116682403255254 0 0 | 0
COLL 8 0 0 1.55 1.3400923565030098 | -0.8315592454746366 2.8853057654341683 -12.810257466742769 0 0 1.8540884633548558 -0.4599679949460551 -1.6545242627616972 0 0 -2.8575585200451314 2.596099295071326 -4.47122711292468 0 0 2.779725678730756 1.0888658879557624 -5.7291336779017 0 0 2.3572614323347807 0.685109204845503 2.171282162424177 0 0 -0.5794977354817092 -0.07839365280233324 -3.436648165108636 0 0 -2.717590714339167 2.1083052281755954 -12.037363921990618 0 0 1.8260663277469575 0.5734269995009527 -11.358411410357803 0 0 | 0
COLL 10 2.2 0.8837922977283598 1.55 1.7089747434481979 | -0.5243381671607494 -0.17388589528854936 -0.9424131787382066 0 0 1.5480535472743213 0.889838847797364 -8.099457867443562 0 0 -0.4700839016586542 1.2574991269502789 -1.804548358777538 0 0 -1.9707594872452319 -0.01747256296221167 -8.444112447788939 0 0 0.30720596853643656 0.6856441384879872 -11.694415644044057 0 0 1.3375243339687586 2.642876588157378 -7.038468844490126 0 0 -0.3210138254798949 0.3660868272418156 -3.636752584250644 0 0 -1.8098682691343129 -0.048645848175510764 -0.5430118208751082 0 0 2.051586436573416 -0.25135351391509175 -3.617779379012063 0 0 1.697154832072556 0.27471467677969486 -2.935211701784283 0 0 | 0
COLL 28 1.3757112147286534 0 0.75 0.878057874692604 | 2.8160479771904647 0.0410756008932367 -12.247868545353413 0 1 -0.9355869772844017 0.6338064416777343 1.3262213503476232 0 0 2.374047418590635 1.7874574681045488 -11.93949082819745 0 0 -1.3797537633217871 1.0238742190413177 -2.5540707944892347 0 0 -0.7845903486013412 2.8089198995148763 -12.124321531504393 0 0 -1.4652942018583417 0.7765021240338683 -3.749531534034759 0 0 0.7647790904156864 0.10812844894826412 -10.125133160501719 1 0 1.3963069366291165 0.1826908759539947 -4.481082129525021 0 0 -1.0834703841246665 1.8820732599124312 -10.488779264269397 0 0 -2.8721761065535247 1.581847079913132 0.9946734344121069 1 0 -2.6893796967342496 1.3830011618556455 -5.6580331162549555 1 0 -0.5556970057077706 -0.24171841889619827 -12.82856178516522 0 0 -2.8637162600643933 2.9800172892864794 -9.661520580062643 0 0 -2.58948907116428 0.005997371394187212 -5.364857045467943 0 0 -1.041517290752381 1.9524028761079535 -12.127471657469869 0 0 -1.8184244851581752 1.5187807988841087 -0.725712176412344 0 0 1.9935840242542326 1.6758812471525744 -6.321100770263001 0 0 0.5557836997322738 0.29859749937895685 -0.28612702479586005 0 0 0.4844227144494653 1.7913543896283954 -0.9388148193247616 0 0 -1.8223970113322139 2.638186297379434 -2.000609870068729 1 0 1.8249745555222034 1.6652595488121733 -3.503870611311868 0 0 0.9549135281704366 1.9884249621536583 1.127814418869093 0 0 1.4036299134604633 0.1204084224300459 -12.16027898620814 1 0 -0.5744511815719306 2.9769911491312087 -1.507295023649931 0 0 -2.3162661558017135 2.883322823094204 1.2331875106319785 0 0 0.6285610632039607 1.9416402273345739 -3.3886310481466353 0 0 -1.1125219389796257 0.8690364976646379 -0.25105664040893316 0 0 0.4531639153137803 0.5008178057614714 -3.7254132030066103 0 1 | 0
COLL 14 -2.2 0 1.55 1.2110893523320556 | 0.1720412028953433 -0.26417750399559736 -6.5461418381892145 0 0 1.517252292484045 1.612925679422915 -9.947620595339686 0 0 -2.117376521229744 2.719548735069111 -1.2653626350220293 0 0 1.9434159295633435 2.2023557090433314 -2.209727175999433 0 0 2.334230335894972 1.3102429069112986 -11.945050119888037 0 0 1.1666000462137163 2.3153852624818683 -6.834114491939545 0 0 -0.1857887813821435 2.7805612118681893 -12.147501047700644 0 0 0.8690774976275861 -0.49502683128230274 0.04243904468603432 0 0 -2.771353342104703 1.7655959153780714 -3.8089784178882837 0 0 2.816650408320129 -0.4637524283025414 -7.560469998279586 0 0 -1.9089801362715662 -0.41005488333757967 1.7934933679644018 0 0 -0.3394197318702936 0.644711819011718 -4.399259683210403 0 0 0.6429025093093514 2.6549821111839265 -4.912793466355652 0 0 2.789334013592452 1.5424756427528337 -8.01868443400599 1 0 | 0
COLL 13 0 0 1.55 1.1192934328690172 | 0.5955793429166079 2.513456651940942 0.37400761409662664 0 0 0.9245612234808505 1.88603805587627 1.3758984913583845 0 0 1.1325595239177346 1.9049801006913185 -1.8481793869286776 0 0 0.8321701842360198 2.819051834521815 -3.7697968520224094 0 0 0.5246320059522986 1.518672271980904 -11.313841678202152 0 0 1.2359110708348453 1.3964482381707057 -3.2822402126621455 0 0 -1.7143407734110951 2.9037678135791793 -5.830681471386924 0 0 0.9261071118526161 -0.13519695191644132 -4.903972643427551 0 0 -0.6185941644944251 1.3899772063596174 -7.593872667988762 0 0 1.7561271381564438 1.143650564015843 2.4539283213671297 0 0 1.0675736744888127 1.3243895517662168 -4.423214187612757 0 0 1.5038231327198446 2.840333527768962 -6.206149180186912 0 0 0.7521858117543161 0.03248625190462917 1.1671366128139198 0 0 | 0
COLL 3 2.2 1.4230223353486509 1.55 1.202373392134905 | 2.3436973015777767 2.167015640065074 -12.92128399014473 0 0 -1.270457939710468 2.317311431863345 0.4559740489348769 0 1 -0.6153662181459367 0.3589037669589743 0.6530992260668427 0 0 | 0
COLL 15 -0.9003478023223579 0.45627223094925284 1.55 1.5136885842774064 | -0.38933999044820666 1.484757031663321 -11.520341724157333 0 0 -0.8854833128862083 2.081564683932811 -2.0225436151959 0 0 1.0966927791014314 -0.2344168572453782 -7.898045107256621 0 0 -1.29606350697577 0.17207975022029132 -4.9782220961060375 0 0 1.061449977569282 0.5234180425759405 -10.64706083573401 0 1 -2.0533730993047357 1.4779987287474796 -4.007431239821017 0 0 -0.5589206940494478 2.7555087382206693 1.6637404756620526 1 0 -2.563776534050703 0.19408949872013181 1.3820571533869952 0 0 -1.1577239991165698 1.4097547674318776 -8.742998476140201 0 0 0.5855446611531079 0.03485691570676863 -0.7451505123171955 0 0 -0.9477884089574218 0.09636766265612096 -7.263531860196963 1 0 1.3364838338457048 2.916813525254838 2.3776471137534827 1 0 0.0779595784842968 1.28872557671275 -13.928037383360788 0 0 2.3096000687219203 -0.12951512436848134 2.192561254138127 0 0 -2.184828315395862 2.642965047969483 -1.4144925638101995 0 0 | 0
COLL 24 -2.2 0 0.75 1.0692762049846352 | 1.1501201139762998 0.770847529056482 -13.122487345943227 1 0 1.4938551583327353 0.6350895318901166 -2.0930504547432065 0 1 2.8871947545558214 -0.22902547486592084 0.0000625785905867815 0 0 0.0390435210429132 0.10495057550724596 -5.026979591464624 0 0 0.5649922890588641 -0.0673112254589796 2.202280515106395 0 0 1.9654834493994713 0.9535790897207335 -5.484660207293928 0 0 -2.0127283232286572 -0.23552876967005432 -13.283455800730735 0 0 -2.537954170256853 1.8376589949475601 -11.473726047202945 1 0 1.783164038322866 1.081107720732689 2.4054515794850886 0 0 -0.44020149344578385 1.1960402089171112 -0.6736666620709002 0 0 -1.4052811302244663 2.170945982565172 -7.318600496277213 0 0 1.867982318624854 0.24377673596609384 -1.4925290001556277 0 0 -1.5342295579612255 2.354487959528342 -2.655542623717338 0 0 0.3021447057835758 1.0319500069599599 -1.3069587734062225 0 0 -1.784190027974546 0.2667927881702781 2.3523119534365833 0 1 2.2589103025384247 1.3890465708682314 1.1465345062315464 0 0 -2.81543767824769 1.7930330162635073 -6.784425737801939 0 0 -0.31360739562660456 2.0658152868272737 -3.568462470546365 0 0 2.447017377242446 2.235683466424234 0.57475968869403 0 0 -2.8389237597584724 1.9920999461319298 -4.626445941859856 0 0 1.9342235284857452 2.5309742380632088 -3.640772622078657 0 0 -2.14441758999601 0.8719184570945799 -2.6598426708951592 0 0 1.2915246072225273 1.618130980990827 -13.64187886705622 0 0 -2.2006770889274776 2.2034608829999343 -9.526710103731602 0 0 | 0
COLL 2 0 0.32515504164621234 1.55 1.333582653850317 | 1.3541590184904635 1.2226412524469197 0.1745740924961865 0 0 0.006198460701853037 0.1307637202553451 -2.472831601044163 1 0 | 0
COLL 30 2.2 0.2009707905817777 1.55 1.5476532221771777 | 2.9637128901667893 2.388160231988877 -13.543696184875444 0 0 -0.9844689918681979 2.367085842997767 -2.767287102760747 0 0 0.1324870828539133 1.6894950265996158 -7.394120319746435 0 0 2.4545193621888757 0.6673827661434188 -8.071346101118252 0 0 1.2298962185159326 2.7947561774635687 1.223049535881728 0 0 2.4135874123312533 0.7905738658737391 2.586360196582973 0 0 -1.0307167572900653 -0.022718604188412428 1.7675635672640055 0 0 0.7610762645490468 0.7842673230916262 -7.587333729490638 0 1 0.15396336279809475 1.709955558180809 2.4836863414384425 0 0 -0.3945505181327462 -0.17402991221752018 -5.487735148752108 0 1 -0.8076875600963831 0.47924695000983775 -3.2575593455694616 0 0 -0.4199656443670392 0.7590363920899108 -2.7583985088858753 0 0 -0.6166049307212234 2.7535469117574394 -6.795632056891918 0 0 2.4044852759689093 0.4903440432390198 -2.3639556276611984 0 0 2.1248321388848126 2.1281768433982506 -8.12532730679959 0 0 0.9411654677242041 1.381558657856658 -0.002308470429852605 1 0 -1.9008760498836637 0.11035470140632242 -2.759186479728669 0 0 -1.1459491797722876 1.2313634044257924 1.7597892438061535 0 0 1.2450069012120366 2.586988347582519 -2.6347306615207344 0 0 1.1032945644110441 2.083467800403014 -2.878321395954117 0 0 2.466937495395541 2.4059021865250543 -11.154635176993906 0 0 -1.0524626020342112 -0.3267042259685695 -4.754399373428896 0 0 2.6685007489286363 0.34164957026951015 -7.57659960235469 0 0 -2.743469094391912 -0.21083990763872862 1.224759238306433 0 0 -2.5764809595420957 2.0536386721068993 -10.558298034127802 0 0 -1.4639716800302267 0.7237340427236632 -1.1252915309742093 0 0 1.9121434008702636 1.308224190142937 -2.3478631547186524 1 0 2.1332321176305413 1.200453144381754 2.9250770572107285 0 0 -2.735551316756755 1.6558874333277345 -6.797896517673507 0 0 2.923410507850349 2.1914556432748213 -1.38678866205737 0 0 | 0
COLL 11 -1.4746110294945538 0.11072362242266535 1.55 1.1649763250723482 | -2.677044154610485 0.8669154407689348 0.8639961704611778 0 0 -2.8141264356672764 2.302781050442718 -13.463160729501396 0 0 2.4117862503044307 0.6341145108453929 -8.76941643585451 0 1 -1.309789849910885 1.4739416608354077 -7.476264205062762 1 0 -2.8244033558294177 2.022921206895262 -1.0237485663965344 0 0 0.7674205927178264 0.833449874422513 -9.454635701840743 1 0 0.7530457391403615 1.6681262197671458 -13.690043491311371 0 0 -0.1401730072684586 -0.17055479646660388 1.7743407133966684 0 0 -1.9766527265310287 2.3822845665272325 -4.054395773680881 0 0 2.2419574898667634 1.9112400609301403 -2.7636900811921805 0 0 -2.852045064792037 2.813615830265917 -7.784418229013681 0 0 | 0
COLL 8 -2.2 0 1.55 1.5233496210537851 | 0.4966077762655914 -0.004686103435233235 0.563701078761369 0 0 1.0548040992580354 0.3444906621007249 2.2872619496192783 0 0 -2.6898662731982768 0.2493294756859541 -9.041960377711803 1 0 -0.2989118127152324 1.7090348287019879 -11.916590446606278 0 0 -2.7106885663233697 1.9529049893608317 -4.594832544680685 0 0 -0.2705395161174238 1.5753618247108534 1.7336152982898057 0 0 2.1686169588938355 2.9580619105836377 -7.705169649794698 0 0 -0.20482550142332911 2.3279438535682857 -10.718794629443437 0 0 | 0
COLL 29 0 1.3523329531308264 1.55 1.5902423527557403 | 0.5681659919209778 1.891282260301523 -6.248967938590795 0 0 0.39284504391252995 1.20431796181947 -5.222265726653859 0 0 -0.748718767426908 -0.0049556364538148046 2.2190612419508398 0 0 1.2012567026540637 1.0616750911576673 -0.535164897562936 1 0 -0.020463333930820227 0.8927766389679164 -2.332575268810615 0 0 0.632593518588692 -0.16474490461405367 -2.291104325791821 1 0 2.1688498626463115 -0.48161342612002045 -9.891240400262177 0 0 0.7531291977502406 0.685093347565271 -9.945573403732851 0 0 1.1538912481628358 1.733260660432279 -1.8971575237810612 0 0 1.0898987716063857 -0.3524182046530768 -3.32489185128361 0 0 -1.9297743109054863 1.056421356392093 1.6708573116920888 0 0 2.638546777423471 0.4049355397000909 -13.3228482354898 0 1 -0.128245672211051 -0.26779906428419054 -13.492871117545292 0 0 -1.6329676788300276 1.3866407430032268 -8.744551733834669 1 0 1.112882278393954 1.7572667768690735 -11.58129125321284 0 0 0.1459609237499535 0.0636291109258309 1.0389272451866418 0 0 -0.10599625669419765 1.691876624012366 -8.075327444355935 0 0 -1.150629504583776 1.8090406729606912 2.813771201297641 0 0 -2.9962762626819313 1.7145280630793422 -5.008489585714415 0 0 2.734953962266445 1.4048521321965382 -1.73580610495992 0 0 2.7596741002053022 1.7155287496279925 -10.294615956954658 0 0 2.1459340984001756 -0.3541615552967414 -13.253250089474022 0 0 1.9730351837351918 1.916934811277315 1.7943340293131769 1 0 1.541157763916999 2.967381964903325 -11.968503268901259 1 0 -0.6402416322380304 0.3849698695121333 -1.5309005484450608 1 0 2.1892520617693663 1.6698080172063783 -10.17854249686934 0 0 -1.0438229930587113 0.452986222342588 -6.314808478113264 0 0 2.3683568593114614 2.2785467526409775 -2.5653930944390595 0 0 1.3849729062058032 0.5015586509834975 -7.632365461438894 0 0 | 0
COLL 12 2.2 0 1.55 1.2022781753446907 | -0.47429349878802896 1.9165779813192785 -13.413232552586123 0 0 1.9757126066833735 2.76946752902586 1.1411196503322572 0 1 -0.9196178410202265 0.8466078249039128 -7.140047982335091 0 0 -1.9016722328960896 2.289231914328411 -3.792468818370253 0 0 0.8030249113216996 0.35099403269123286 -0.6817047586664557 0 0 -2.310267669148743 2.5038585716392845 -0.6956486725248396 0 0 -0.8116700872778893 1.8774937093257904 -4.108087688218802 0 0 -2.2852628650143743 0.7661454441258684 -8.662285871105269 0 0 -0.36904832487925887 0.6002940491307527 -10.984412251506 0 0 -2.4394672214984894 2.013418805669062 -8.050763353705406 0 0 -2.8328528995625675 -0.2591407374711707 -6.5879267829004675 0 0 -2.6647755336016417 0.712889559334144 -0.3269971804693341 0 0 | 0
COLL 0 2.7445324952714145 0 1.55 1.5410979317501188 | | 0
COLL 14 -2.2 0.46055856691673397 0.75 1.47154187313281 | 1.0062211314216256 0.7597465568687767 -5.102753743994981 0 0 1.2865309864282608 1.3149795862846076 0.22332035470753908 1 0 2.6877612280659378 -0.4479545515496284 -1.810181362554431 0 0 -0.746515806298703 1.6764953816309571 -5.3146276159677655 0 0 2.5762500995770097 0.23349880462046713 -5.325814813375473 0 0 -2.652667086571455 2.4759841026971117 -6.066267674090341 0 0 -1.1076823873445392 1.2209023414179683 -5.398577437503263 0 0 -0.9725545719265938 2.4044182061916217 -8.170653613982722 0 0 2.3892569015733898 0.3763013913994655 -10.811040268745273 1 0 2.8416181574575603 0.1340707263443619 -10.05127043207176 0 0 -0.017924667801707983 2.2014194319490343 -13.664903988828883 0 0 -1.9719784827902913 0.2361963684670627 -9.181373266037554 1 0 -2.538806403055787 -0.22994547500275075 0.9984422225970775 0 0 -1.8493392951786518 0.2812071838416159 -6.442434117896482 0 0 | 0
COLL 7 0 0.4837481795344502 1.55 1.5625415059737862 | 0.44459049962460995 2.053564117057249 -1.4002213727217168 0 0 1.266255326103419 -0.05435511446557939 -11.17822630610317 0 0 0.5745622795075178 2.818376049865037 1.690737132448703 0 0 -2.1700019440613687 0.7589799679117277 -12.548480714205652 0 0 1.3161071953363717 2.258977720630355 0.234862215584144 0 0 0.0573076237924397 0.33224758598953485 -3.206263736821711 0 0 1.6149277780205011 2.8814395170193166 -3.901027405867353 0 0 | 1 0
COLL 22 2.2 0 1.55 1.1069798008073122 | 1.371595140080899 1.7268448434770107 -10.507112532388419 0 0 -0.8161866730079055 -0.17121901107020676 -2.218241137685254 0 0 -1.7419500472024083 -0.024006208172068 -5.616134502226487 0 0 -0.9522880017757416 1.5320115393260494 -9.78125132014975 0 0 -1.015735347289592 0.25492009799927473 -12.360782712465152 0 0 -2.6344078173860908 0.10662627418059856 -10.201604904141277 0 0 2.345183713361621 0.200106140691787 -8.71487502544187 0 0 2.520687874406576 1.3453902625478804 -4.700162342516705 0 0 0.16158753354102373 -0.1524177569663152 1.8048824770376086 0 0 -0.5075877900235355 2.9896867114584893 -9.093219999223948 0 0 -2.727026278618723 1.8414336249697953 0.12484096782281995 0 0 2.9116071020253003 0.009117216104641557 -11.66725733364001 0 0 1.8954256908036768 0.3891294136410579 -10.35257178498432 0 0 -0.593438673298806 0.23210236814338714 -10.023793516680598 0 0 0.5914509734138846 2.487921533174813 -0.64924381300807 0 0 2.7834067563526332 1.416997276013717 -12.148986118845642 0 0 -2.64344873232767 2.346034550922923 -4.021955426083878 0 0 -1.6799071999266744 2.39679000119213 -12.808423332870007 0 0 2.161787223536521 0.267140673706308 -10.62765775877051 0 0 0.8983787759207189 0.3528721201000735 -6.564710048492998 0 0 -0.42782460199669003 0.2240384843898937 -9.84983788523823 0 0 0.015757081098854542 1.163300953921862 -9.982429807074368 0 0 | 0
COLL 21 1.9717587665654719 0 0.75 0.8894065857864917 | 2.190919954329729 2.627616075100377 -13.92848978866823 0 0 -2.240470390766859 1.1047352907480672 -0.33156689442694187 0 0 -2.932137956377119 -0.36561272817198187 0.34416214330121875 0 0 2.5359874586574733 2.6448085678275675 -9.366743552265689 0 0 2.553760812152177 0.5592363415053114 -11.219651382416487 0 0 1.437132299412042 1.1677102100802585 -5.413394892821088 0 0 -1.2142767026089132 1.7057604710571468 -3.7013787049800158 0 0 -0.35138549096882343 2.442356224753894 -4.076531280064955 0 0 1.4018330220133066 0.35985816922038794 -4.804544194135815 0 0 0.7938358238898218 1.0978963315719739 -3.335622285492718 0 1 1.9981137122958899 1.2717442109715194 -0.3844273027498275 0 0 1.4026198899373412 1.8805820912821218 -13.645295889116824 0 0 -1.76017795689404 2.2862309222109616 -13.554057876579463 0 0 2.0649130870588124 2.97068918205332 -4.939807831775397 0 0 2.6513225650414824 0.13407060247845948 -10.213409952353686 0 0 0.5761874201707542 0.2798655458027497 0.5620560757815838 0 0 1.5318596391007304 1.0026129718171433 -13.286594780627638 0 0 -0.8734302911907434 0.5346078445436433 2.3679342966061085 0 0 -2.853154440410435 1.1378588103689253 0.47560716001316905 0 0 1.027415913529694 1.0111985388211906 -5.433922590687871 0 0 1.3655867194756866 2.7536810552701354 -13.353871156228706 1 0 | 0
COLL 24 -2.2 1.056519092945382 0.75 1.5531527322717011 | 0.015237510669976473 2.6328939653467387 0.9969678383786231 0 0 -0.25668366998434067 -0.2842746089445427 -6.905690700979903 0 0 -1.8333230121061206 -0.3463605736615136 -3.215202780906111 0 0 -1.3273245049640536 -0.05770884489174932 -0.9321067067794502 0 0 -0.7085649333894253 1.5867908337386325 -0.5336157048586756 0 0 0.00016351696103811264 1.6599627657560632 -11.060413267696276 0 0 2.975137658882886 1.5015272891614586 -3.4342709097545594 1 0 0.08241865178570151 1.5977382325800136 -2.567243155790493 0 0 0.9493508404120803 0.6469529728638008 -7.181267651962116 1 0 1.9558344036340714 0.6627460579620674 -11.429378832690418 0 0 1.1864893706515431 1.5713017310481519 -4.2420075160916895 0 0 2.462812452111393 1.8818223646376282 -0.0002208426594734192 0 0 2.065554143395275 1.352632510359399 -1.281324450392276 0 0 0.009439415764063597 -0.42101770429871976 -1.0202180333435535 0 0 -1.904007385019213 0.24392837390769273 -10.194111884338781 0 0 -2.606121704913676 -0.481414282345213 -3.155356095172465 0 0 2.0556304324418306 0.8530449101235718 -7.133527013706043 0 0 1.7716462654061615 0.18672537337988615 -2.535169939743355 0 0 -0.3747365134768188 1.896439831936732 -6.325320677366108 1 0 2.7202240331098437 -0.22814339317847043 -1.5531451366841793 0 0 -2.743919515516609 1.7749106736155227 -12.577949716243893 0 0 0.6885226042941213 -0.013378664501942694 -2.104352726601064 0 0 -2.738441486377269 2.467836122959852 -9.533433838980272 0 0 2.4381272653117776 0.6514309688936919 1.2863055253401399 0 0 | 0
COLL 13 0 1.4154981397558004 1.55 1.5531092972494662 | -0.35932166408747435 2.95965038810391 -10.71066884859465 0 0 0.25248677283525467 0.26873884617816657 -8.789558284217492 0 0 1.4107800973579288 2.9075625237310305 1.7577444072812796 1 0 2.573327571619302 0.4049316542223096 0.8068361582700163 0 0 -1.722086414694786 2.1917820445960388 -0.5810568321030587 0 0 0.6694188038818538 1.8680090820416808 -2.8475857952143997 0 0 -2.9120264053344727 2.218782890588045 -2.1990778911858797 0 0 0.37924962351098657 2.829270740505308 -8.861343355383724 0 0 0.80057452339679 0.48801313957665116 -1.3383778466377407 0 0 2.7544482755474746 0.6789628874976188 -2.3313387201633304 0 0 0.06061997590586543 1.5041044683894143 -5.303513481514528 0 0 1.900940302759409 2.1498598996549845 -11.707335884915665 0 0 -0.25015323143452406 -0.3732431505341083 -8.554971206234768 1 0 | 0
COLL 21 2.2 0.9269997051917017 1.55 1.7343763280194253 | 0.4955735052935779 0.3896076949313283 -9.418717891676351 1 0 2.0133108347654343 0.7384630040032789 -5.523569323820993 0 0 2.029692394193262 1.857448882306926 -13.476643937872723 0 0 2.137784988619387 0.2609004774130881 -12.519571386510506 0 0 -0.40280057676136494 2.589114742935635 2.1076504443772137 0 0 1.2662935182452202 1.8242826436180621 -13.634968146216124 0 0 -2.0639672758989036 2.1518830658169463 -6.94719303981401 0 0 0.21807771502062678 2.7083260067738593 2.016372118378058 0 1 -0.27234361600130796 2.8011406196746975 -4.160894400672987 1 0 0.4027119311504066 1.7189703295007348 -8.5830963391345 0 0 -2.857379598543048 0.6470798237714916 -2.131060804706067 0 0 -1.4331804388202727 0.4690198696916923 -5.9759841822087765 0 0 0.4916073102504015 1.5817198834847659 -1.644469202728942 0 0 -0.6875083912163973 0.06467936909757555 -11.3097453515511 1 0 1.2059952928684652 2.8504167060600594 -1.188748846296221 0 0 0.7179772015661001 2.709496889146976 -6.769525640876964 0 0 -0.1875050626695156 1.9243050019722432 -4.38968391995877 0 0 -1.6550623546354473 0.867607086780481 -6.381914191413671 0 0 0.06308021675795317 2.794126469292678 -3.286726240068674 0 1 1.888374569825828 2.454085113131441 -13.18501058430411 0 0 0.35911857476457953 -0.20946413150522858 -12.19571602717042 0 0 | 0
COLL 8 -2.629510387312621 0.045827087480574846 1.55 0.8578570028301329 | -1.4885336235165596 -0.2625052205985412 -12.490154778119177 0 0 -0.6948808506131172 0.7281011054292321 -1.510660210158676 0 0 0.9478537528775632 2.459599870024249 -13.72650338592939 0 0 -2.575270486995578 -0.45235747180413455 -1.6678692852146924 0 0 0.5364078492857516 0.13669507973827422 -3.8461523139849305 0 0 -1.199432595167309 1.098115941742435 -8.839564550900832 0 0 -0.9532450879923999 0.09156255226116627 0.7817835840396583 0 0 -0.43350708950310946 -0.35495050612371415 0.017391271656379104 0 1 | 0
COLL 30 -2.2 1.5451140136923642 0.75 1.263045291369781 | 0.2550051296129823 1.7435236528981477 -12.608755355933681 0 0 -1.3878068458288908 0.2728996607474983 2.1693201772868633 0 0 2.7469485006295145 2.360859694890678 -4.56940741231665 0 0 -2.7997737410478294 1.2094103213166818 -0.8608972295187414 0 0 -2.4777004471980035 0.7870931647485122 -13.97316223802045 0 1 2.6811519591137767 0.44732448225840926 -8.618174770381302 0 0 1.7283591725863516 -0.1003135871142149 -12.4650349910371 0 0 -2.5183119904249907 0.9520654997322708 -2.1580446490552276 0 0 -1.1373823340982199 2.037525357794948 -5.222096243873239 0 0 -2.2837319816462696 -0.43774272548034787 0.08380262367427349 0 0 -0.20508926594629884 2.7772003762656823 -11.070246427552775 1 0 -1.0672883070074022 1.7060250885551795 -2.4037253584247082 0 0 -0.42613404616713524 -0.22991866862867028 1.810127406846732 0 0 -0.9473287998698652 1.7305185097502545 -6.250892966752872 0 0 2.2046286994591355 1.7300330768339336 1.5554375471547246 0 0 -1.5481207421980798 0.7809502496384084 -10.408883611438796 0 0 0.6765732974745333 0.4962163724703714 -13.846135018626228 0 0 2.072986193932593 1.7013675105990842 -8.463548527564853 0 0 1.333699682727456 1.0270532194990665 -11.885118659120053 1 0 -1.190697175450623 -0.4472875116625801 -13.265323181636631 0 0 1.17572533339262 1.4678161554038525 -2.5243950716685504 0 0 -2.530739556066692 0.975497611798346 -2.6828683072235435 0 0 2.5908992495387793 0.6286912859650329 -1.1324710596818477 1 0 -1.0429873187094927 2.8546403988730162 -9.171323323855177 0 0 1.5374760353006423 1.2801019584294409 -11.530945450998843 0 0 2.089720199815929 1.5081897549098358 -5.950673910556361 1 0 1.8622996103949845 1.5466977000469342 -6.24243097519502 0 0 2.5417700009420514 1.6753982418449596 -9.14289975259453 0 0 -0.9776714583858848 0.7270429491763934 2.7894433431793004 0 0 0.4888775576837361 -0.1946715438971296 1.6431937273591757 1 0 | 1 3
COLL 12 0 0 1.55 1.311739551089704 | 0.4989785277284682 2.316194506944157 0.29955766280181706 1 0 2.6340948091819882 2.308164565707557 -7.4834826975129545 0 0 -1.7219887990504503 0.02599750808440149 -5.172784037655219 1 0 2.378259766381234 1.5416261948412284 0.9393731453455985 0 0 1.5866755563765764 -0.3486776010831818 -4.520739489234984 0 0 -2.6713248006999493 -0.3988597388379276 -6.995143885957077 0 0 -0.3193125813268125 0.20378468337003142 -8.010340465698391 0 0 -1.8993448354303837 0.9393652541330084 -8.471909278305247 0 0 1.724121387116611 2.9016614184947684 -2.4384879434946924 1 0 -1.9469180353917181 1.7640753929736093 -6.4394438683521 0 0 -2.161109581589699 1.8159031226532534 -11.812524654902518 0 0 2.8934069462120533 -0.4600929080042988 -1.1641806431580335 0 0 | 0
COLL 22 2.2 0 1.55 0.8349175408482552 | -0.8863643207587302 2.6738198421662673 -0.4754354474134743 0 0 2.428919882979244 1.194344015326351 -0.4716610584873706 0 0 -0.7609872724860907 1.7649124942254275 -10.797619626391679 0 0 1.9494750103913248 2.186914459336549 2.4242330850102007 1 0 1.1541093662381172 2.6473865195875987 -8.380976765416563 0 0 -1.5384403048083186 2.8568842419190332 -3.141465651569888 0 0 1.3394119888544083 2.760309990029782 -5.727397424401715 0 0 1.7006222857162356 0.8363035549409688 -10.234061840223148 0 0 -2.0212569320574403 1.921423106919974 -7.523274486884475 0 0 -1.7736716251820326 2.9509428563760594 1.461332394508645 0 0 -0.8383964113891125 1.0673239214811474 -3.9198646061122417 1 0 2.5051974174566567 0.8909420276759192 -7.148422772530466 0 0 -2.8650165419094265 1.1101621330017224 -12.121972810244188 0 0 -0.9705630694516003 0.10238785191904753 -4.295455060200766 0 0 1.1160709680989385 1.0481570633128285 -4.720848155440763 0 0 -2.5961644761264324 2.1147238712292165 2.97056419076398 0 0 -0.3683401015587151 1.5661938834236935 -13.929847424151376 0 0 0.7344831889495254 1.8319854908622801 -7.476261446252465 0 0 0.4626272488385439 0.29107011551968753 -9.24046212201938 1 0 -0.16015938995406032 1.4659850848838687 -12.36293520592153 0 0 1.3150370763614774 -0.2113832934992388 0.0932667797897011 0 0 1.4410817516036332 0.5788847805233672 -10.152541564777493 0 1 | 1 1
COLL 13 -2.307406831998378 0.9483754731249064 1.55 1.3506118456833065 | 1.0469873235560954 2.4489577867789194 2.772821784252301 0 0 -2.358223737683147 2.7221536627039313 2.5637631178833544 1 0 -2.199466399848461 0.3862453028559685 -9.116614975733683 0 0 0.40556311793625355 0.6048803552985191 1.0702469339594245 0 0 -2.451923780143261 0.8868008719291538 -11.702886854065582 0 0 0.37382581969723105 1.783431654330343 -0.008838016306981444 0 0 -1.0555349816568196 -0.02203019824810326 0.5345643332693726 1 0 -1.3405574415810406 -0.3828754732385278 -8.357065471820533 0 0 1.743422624655068 1.5724654234945774 -1.3787858362775296 0 0 1.2727372264489532 1.1264831247972324 -5.349041937850416 0 0 1.7595232841558754 0.4085707113845274 2.7641683977562934 0 0 -0.4134409837424755 0.7419153716182336 -3.3975492804311216 1 0 0.8491223570890725 2.3220905059715733 2.167420524638146 0 0 | 0
COLL 3 -2.2 1.6693291822448373 1.55 1.3958385430276394 | -1.7399185881949961 0.15350728295743465 -0.08533908170647919 0 0 -2.3633123617619276 1.1765460880706087 -8.665387066779658 1 0 2.6801651869900525 2.515296443598345 -9.6454577811528 1 0 | 0
COLL 28 0 0 1.55 0.8902882691007108 | 1.1076528732664883 -0.4993139491416514 2.526002774713561 0 0 1.4213460911996663 0.301615804200992 2.3294213365297765 1 0 -1.502065921202302 0.6243612575344741 -13.244770804885775 0 0 0.43621253594756126 0.2790206247009337 -10.6176391846966 0 0 -0.5033974936231971 1.9294958201935515 2.8136313252616674 0 0 1.3395020398311317 2.954542683903128 -3.3351527177728713 0 0 -2.7534689493477345 2.4794246566016227 -2.936221196781844 1 0 1.720694275572896 2.8050065209390596 -13.059896677033976 0 0 -1.8148426548577845 -0.24436136928852648 2.39522168925032 0 0 -1.091608393471688 -0.32152266590856016 -1.9866042293142527 0 0 2.2870566146448255 0.5396295385435224 1.33872355427593 0 0 -1.7001729235053062 -0.00172427820507437 -6.9025563560426235 0 0 0.9979021972976625 1.3027498819865286 -6.591019492363557 0 0 1.6346189710311592 0.06716520944610238 -0.7066661457065493 0 0 1.945381520781666 1.8101153392344713 1.3154503097757697 0 0 -2.701086624059826 0.16415948246140033 -0.6355169347953051 0 0 2.199965880252421 0.16155899607110769 2.1627587804105133 0 0 -1.3211844130419195 -0.42585490900091827 -6.2100819097831845 0 0 -1.517788012046367 2.0474772749003023 0.06987298675812781 0 0 -0.9808984589762986 2.258494036504999 2.6701494292356074 0 0 -2.598649679683149 1.4094595550559461 2.4816646084655076 0 1 1.8706591953523457 1.2485344056040049 -11.315268212696537 0 0 0.5546024506911635 1.7750430243322626 -7.71684400876984 0 0 -2.3122559278272092 2.0072798477485776 0.5293218456208706 0 0 2.466464890167117 0.3147159394575283 -5.755714288679883 0 0 -0.8132045329548419 2.3143266604747623 -7.023700671736151 0 0 -1.1360931009985507 0.15962859650608152 -0.011527207214385271 0 0 0.6782929161563516 -0.3398596086772159 -4.361874162219465 0 0 | 0
COLL 26 2.2 0 1.55 0.8833587779197842 | 0.30002769408747554 2.547069692052901 -2.544504689052701 0 0 2.839786288328469 2.0518965772353113 -2.911949183791876 1 1 2.26707049459219 0.9652577969245613 -0.662500977050513 0 0 -2.2982370774261653 2.963599506067112 -10.774400631897151 0 1 0.9233239497989416 0.5568238468840718 -9.88894972880371 0 0 -1.4895848804153502 1.2117092137923464 -2.4427531354594976 0 0 -0.1990767396055162 1.281325561227277 -3.252880700165406 0 1 2.8063622661866248 0.4850169668206945 0.6187490376178175 0 0 -0.4220212013460696 1.2787790534785017 -12.058446869021282 1 1 -2.232330526225269 2.4877986842766404 -8.438888828502968 0 0 0.551545946393162 -0.42899717669934034 -6.45687926444225 1 0 1.3689001598395407 2.5517281444044784 -0.9500272537115961 0 0 0.61766735650599 2.331337958574295 -5.299039823235944 0 0 -1.4535347535274923 -0.18962354876566678 -11.902798864990473 0 0 -0.06104583805426955 1.8377264325972646 0.5565539195667952 0 0 2.4800149239599705 0.7950505189364776 -2.229429332539439 0 0 -1.761971830856055 2.044656422920525 -6.7152659497223794 0 0 0.6434994558803737 1.3753706131828949 0.2965588478837162 0 0 -1.8951280871406198 2.456286061089486 -5.809692814713344 0 0 -0.5816024844534695 -0.2858268361305818 -5.461361896013841 0 0 1.8672968884930015 0.20250365894753486 -8.922681409632787 0 0 -2.8198595833964646 1.1066932488465682 -1.2175312568433583 0 0 -0.44075898081064224 -0.29739650629926473 -9.326896285871044 0 0 -2.7199177276343107 2.692146653193049 2.708225416718051 0 0 1.7668682257644832 0.7658407429698855 -9.151081137126312 0 0 -0.769652281422168 2.8080879419576377 -13.84198215813376 0 0 | 2 2 7
COLL 11 -2.189353359863162 0 1.55 0.914282209193334 | 2.810648011509329 0.9206584453349933 -7.886287382338196 0 0 -2.983136046677828 2.5351155470125377 -6.157938792137429 0 0 -1.2600385453552008 2.104105086182244 -7.036915226606652 0 0 0.45140545489266515 1.6630948837846518 -3.2852184888906777 0 0 0.8827093346044421 -0.3752689879620448 2.496189990080893 0 0 -0.8691935506649315 -0.06544129201211035 -9.184745399048552 0 0 -0.6258892114274204 2.183546405285597 -9.486235008109361 0 0 1.882714002393186 0.6661995297763497 -10.386680690338835 0 0 2.599114241078496 1.5061772135086358 -7.1575268663000315 0 0 -0.05243181623518467 1.5300207290565595 -7.551135438960046 0 0 0.14529354125261307 2.6636929742526263 2.793782156193629 0 0 | 0
COLL 27 -2.2 0 1.55 1.070828785840422 | 1.4908210225403309 2.3125569524709135 -10.315302177565172 0 0 0.23660007119178772 2.885581089183688 -13.328081544255838 0 0 1.5330305770039558 2.4220505451085046 -1.9163941023871303 0 0 -1.0402166317217052 2.5124016689369455 -8.445120082469657 0 0 -0.9355348516255617 0.15252488374244422 -7.5063638149295 1 0 -1.5209592268802226 2.907766019925475 -12.225106100318953 0 0 -0.4375758203677833 0.630353479180485 -11.679090001620352 0 0 1.239951150957495 1.4770504358457401 -7.740008420776576 0 0 -2.412090549711138 1.8714962885715067 -2.6858803145587444 0 0 2.292477139737457 2.9471814123680815 0.7299671221990138 0 0 0.8456602399237454 2.241956185665913 -1.8552377773448825 0 0 0.2751604034565389 1.7232028428697959 -6.2127070860005915 0 0 -2.1050974493846297 2.4455446406500414 -9.304547120118514 0 0 0.918719750829041 0.8234742956701666 -11.712216885294765 0 0 -0.3204712928272784 0.1330994995078072 -11.465085160452873 0 0 -1.4773172498680651 1.6935890024760738 0.8756180487107486 0 0 -0.26840707333758473 1.0356666123261675 1.3847832854371518 0 0 0.8274990264326334 2.9816747731529176 -9.174201305257156 0 0 -2.4866349762305617 -0.47874351672362536 1.018450231058523 0 0 2.947885114699602 1.4343044506385922 -8.370484546758235 0 0 -1.427741602063179 1.4289968619123101 -8.325510112568736 0 0 -1.8908228022046387 -0.2777511476306245 -11.420266573317349 0 0 -2.5877146222628653 2.326428387663327 -0.6560262273997068 0 0 1.528782554436475 0.11745994130615145 -13.10590096283704 0 0 0.05637224670499563 2.261298083467409 -4.757490147370845 0 0 2.4016177277080715 0.9883508105995134 -4.65410499018617 0 0 0.9653076454997063 1.5357766773086041 -0.7440746831707656 0 0 | 1 15
COLL 12 0 0 1.55 1.5592439502477646 | -1.9688476854935288 0.1921079596504569 -9.76493758824654 0 0 2.73047911003232 -0.21355619642417878 0.7365350143518299 0 0 -1.0537394089624286 -0.2115320417797193 -8.068127590697259 0 0 -2.8681949651800096 2.6314488992793486 -13.810617425944656 0 0 2.7483641719445586 2.7698828978464007 2.0106854781042784 0 0 0.23695101588964462 2.1486391025828198 -11.484236259479076 0 0 -2.9779845192097127 2.3295188737101853 -1.4935126367490739 0 0 2.8579885913059115 1.9305850855307654 0.6065498634707183 0 0 -2.902581190690398 2.255610859603621 -0.4826718543190509 1 0 0.7538626785390079 -0.06011793075595051 0.8285923183429986 0 1 1.0667630801908672 2.8683294178918004 2.2132976320572197 0 0 -2.684758137445897 2.7071413891389966 -8.199227581964806 0 0 | 0
COLL 1 2.2 0 1.55 1.6511573178693653 | -0.8634940618649125 0.9593027570517734 0.9599409587681293 0 0 | 0
COLL 15 -1.8992043938487768 0 0.75 1.6588636426720769 | -2.538282339926809 2.170005511958152 -11.258003999013454 0 0 1.7192845344543457 0.2615778030594811 -3.8429220479447395 0 0 0.19988657254725695 0.7644245205447078 -4.40706553705968 0 0 -2.3820725069381297 0.6851376687409356 -3.183372300583869 0 0 -1.3935090727172792 -0.1655462208436802 -0.8888223941903561 1 0 2.0094715082086623 2.5257547106593847 -7.805183885153383 0 0 1.606500264722854 0.10408429487142712 -2.4415418079588562 0 0 2.2709673810750246 0.49548359238542616 -8.591662524268031 0 0 1.5440469095483422 1.8800832164706662 -4.7723640613257885 0 1 2.291850504465401 1.2885224235942587 -2.2050562370568514 0 0 -1.8872669669799507 1.4150654218392447 -8.997501421486959 1 0 -2.0968392323702574 0.7060792148113251 2.0013217988889664 1 0 -0.47202089382335544 1.4591301266336814 -7.544998788041994 0 0 0.869001972489059 0.3181879658950493 -2.8700040737167 0 0 -2.911761144641787 0.22368831059429795 -6.386102469172329 0 0 | 1 4
COLL 19 -2.2 1.5710287309717388 1.55 1.4816961427684874 | 2.0221430654637516 0.37226056458894163 -5.305575559614226 0 0 -0.9045538078062236 2.986182128661312 -3.8082152961287647 0 0 1.28540563210845 0.6847502740565687 -1.2523479454685003 0 0 -1.5789796840399504 2.3592989649623632 -13.554193117655814 0 0 1.3983841985464096 2.491753389243968 0.48183982307091355 0 0 1.6284433188848197 2.8107619313523173 -1.2041223463602364 0 0 -0.601656504906714 -0.10413994255941361 -10.3636429104954 0 0 0.18209717189893126 -0.24462554999627173 1.1431325289886445 0 0 2.3878380255773664 0.6486788282636553 -8.207620710134506 0 0 0.5611587669700384 -0.0015375267248600721 2.546216490678489 1 0 0.13338395906612277 1.426164801698178 -10.670335121219978 0 1 -0.8122350429184735 -0.14750518393702805 -6.885149581125006 0 0 -1.8099459931254387 2.9024231489747763 0.29752419400028884 0 0 1.1476353113539517 2.0449240303132683 -11.916956948814914 0 0 1.4685492063872516 1.2550601323600858 -3.1959245787002146 0 0 -2.096490022726357 1.5332689746282995 -7.823867043247446 0 0 -2.285848881583661 0.8339073486858979 -12.481798064662144 0 0 -0.39229970751330256 2.2958376861643046 1.6110297238919884 0 0 -1.871233052574098 1.3209235556423664 -10.890198175329715 0 0 | 1 12
COLL 16 0 0 1.55 1.4837456712964923 | 1.0219673607498407 2.628166174981743 -4.998041456565261 0 0 -0.2649576966650784 -0.30446794303134084 -6.836469914298505 0 0 0.4379593189805746 1.4506205717334524 1.4830365052912384 0 0 -2.6539275739341974 1.1103520267643034 -6.36295014526695 0 0 -1.1100658429786563 0.7666873362613842 -1.7811209771316499 0 0 -2.767486095428467 2.7963013671105728 -1.5879373364150524 0 0 -2.6242829114198685 2.109174854005687 -11.299959887051955 0 0 -2.3219297057949007 -0.11318097345065325 0.9724555595312268 0 0 1.001923258882016 2.0320938493823633 -7.010706425877288 0 1 -0.9304021834395826 2.9257806522073224 2.5364716523326933 0 0 0.3126802062615752 2.9312048272695392 -13.80766530497931 0 0 2.962662327568978 1.357653939514421 -3.601346305804327 0 0 -1.2613686276599765 0.2504617298254743 -11.609114203369245 0 0 2.951654216274619 -0.4940978769445792 0.0032092886976897717 0 0 2.702549607027322 0.5193433172535151 0.011301694670692086 0 0 2.9296149713918567 0.6137495955917984 -7.644860425963998 0 0 | 1 2
COLL 19 2.2 0 0.75 1.3893618548288942 | 0.7597661814652383 0.4888175214873627 -3.6785221872851253 0 0 2.098647273145616 2.9839547353331 -6.963241613237187 0 0 0.9293485041707754 0.6855555694783106 -6.258487745886669 0 0 0.9659859230741858 2.9308971875580028 -1.8192144792992622 0 0 -1.1540642213076353 2.7532482523238286 -4.327650926541537 0 0 -1.8671736298128963 0.8813161052530631 0.9333562711253762 0 0 0.13357696495950222 0.4060383382020518 -12.359105660580099 0 0 -1.798127431422472 0.1899138829903677 1.6471482820343226 0 0 -2.707897210959345 1.162696061306633 2.417376325232908 0 1 -0.5070270001888275 0.318058650707826 -0.7077432770747691 0 0 -2.359146075323224 2.546989909373224 1.2633122387342155 0 0 2.8255647607147694 2.8058826285414398 -3.4436155543662608 0 0 0.40979044418781996 0.29731971421279013 -1.3623375440947711 1 0 1.0454605626873672 1.3520399554399773 -11.646105309482664 0 0 2.399563549552113 1.6000853683799505 -13.474737275391817 0 0 1.8521648095920682 1.8776259842561558 -13.18665220704861 0 0 -1.4691648962907493 0.45909577514976263 2.3908919205423445 0 0 1.9725830191746354 -0.10051495721563697 -13.90198497986421 0 0 0.3179820477962494 2.1312548206187785 -12.626908022910357 0 0 | 0
COLL 28 1.3614969053305686 0.11543998271226884 1.55 1.253973065596074 | -0.4030346106737852 0.05330626270733774 -3.758417234523222 0 0 -2.923835957888514 0.18242253188509494 -13.366078567225486 0 0 -2.9794489410705864 2.785001222626306 -0.5276796317193657 0 0 2.5999562996439636 0.1460671544773504 -1.2843064155895263 0 0 -2.654242391232401 1.7523014736361802 -12.15559384948574 0 0 -0.21606368478387594 1.7842623479664326 -6.9420536572579294 1 0 0.308234837371856 -0.4678104455815628 1.9225537276361138 0 0 0.4144247998483479 -0.37171675998251885 -8.32491623214446 0 0 2.7417181651107967 0.5772568786051124 -9.507135394727811 0 0 -2.243497639428824 2.55879984353669 -3.153395645786077 0 0 -0.9302219585515559 0.4563703862950206 -12.995181209640577 0 0 2.131600257474929 2.420895234798081 2.655844309134409 0 0 0.4935108348727226 0.08871420449577272 -13.411595081910491 0 0 -1.3834181469865143 1.2282210674602538 -5.587918684817851 0 0 1.1267621917650104 0.05197630310431123 -0.7718548618722707 0 0 1.8213849174790084 0.18562065495643765 -13.52648448990658 0 0 0.22794359223917127 1.3513600938022137 1.2266261572949588 1 0 -2.8836795603856444 0.6588844064390287 -0.4855536394752562 1 0 2.5162957655265927 1.994031977141276 -1.852855657460168 0 0 -2.029311614111066 0.6178641796577722 -13.66494586179033 0 0 -2.2822543499059975 2.8100162830669433 -6.662099855719134 0 0 2.3854321371763945 1.838418981526047 -7.352692290674895 0 0 -2.7670413949526846 0.3055101775098592 -6.975327011197805 0 0 -0.2158216740936041 0.8154801516793668 -2.695062608923763 0 0 -0.4704355406574905 2.9864793937886134 -12.830336966784671 0 0 -2.5597387100569904 -0.08261937962379307 -10.741291761631146 0 0 -2.427723668050021 1.0077808332862332 -5.111364141339436 0 0 -0.5718065248802304 2.066568788373843 -6.934800499584526 0 0 | 1 14
COLL 9 -2.2 0.4630759411957115 1.55 1.3146124886814505 | 1.3013250986114144 0.31976417743135244 -12.122557871975005 0 0 0.10597108164802194 0.5087104155682027 -11.203726951498538 0 0 -2.9306382900103927 1.6119701794814318 -12.871639155317098 0 1 0.4825630676932633 0.7410516783129424 -7.390505229355767 0 0 -2.7127480837516487 1.4677876743953675 -11.78504414553754 0 0 -0.18005147762596607 0.25695712899323553 -3.3658987244125456 0 0 -2.3869583504274487 0.9828870774945244 -3.633333974983543 0 0 -1.7762235472910106 2.8611257086740807 -10.351233180146664 0 0 2.8224810124374926 0.46952036779839545 -0.6337803369387984 0 0 | 0
COLL 25 0 0.21637632208876312 1.55 1.223972134711221 | -1.635140981990844 1.5812642232049257 0.3968148729763925 1 0 -1.5732126566581428 2.5756946734618396 -7.746286606183276 0 0 -1.6551699112169445 1.968184903729707 -13.763753907289356 0 0 1.3403724082745612 0.630794680560939 -11.484541446436197 0 0 -0.005896860267966986 0.021026978036388755 -7.449053417891264 0 0 2.6633397680707276 1.390395518625155 -10.017938680015504 0 0 1.6416594525799155 0.7689850797178224 -10.939037940232083 0 0 1.3621126511134207 2.4717926810262725 -6.635789446067065 0 0 2.6001117238774896 1.8144374076509848 2.9719540057703853 0 0 -1.546425220090896 2.1943270586198196 -7.699898204533383 0 0 -2.3793127443641424 -0.15011714259162545 -7.216225415933877 0 0 -1.1004518810659647 1.0674408215563744 -10.646490276558325 0 0 0.6121888887137175 2.980948739685118 -8.511672121938318 0 0 0.05345183936879039 0.9327180222608149 -13.010394184151664 0 0 2.4282431714236736 2.458921432844363 -7.6058716957923025 0 0 0.26441572699695826 1.665599893196486 -8.21029805042781 0 0 1.3064841767773032 1.7290251416852698 0.4802072485908866 0 0 -0.37906160904094577 0.9538739533163607 -6.604189791483805 0 0 0.6162693444639444 1.4329791490454227 -2.003111121477559 0 0 2.039121181704104 1.9576662332983688 -7.58309734868817 0 0 1.4296852787956595 0.3077949060825631 -3.496444321470335 0 0 -2.946992989629507 2.948052749503404 -10.893380243331194 0 0 2.2517795925959945 0.5406958234962076 -9.208411483094096 0 0 2.797644449863583 0.7036547255702317 -0.6758427855093032 0 0 -1.6429901258088648 0.9627262288704515 -13.472487887134776 0 0 | 0
COLL 2 2.2 1.3753790436778217 1.55 0.9667676616925747 | 1.3929222808219492 1.807517642271705 -9.394256811123341 0 0 -0.5503610735759139 1.9249058298300952 -5.8610854567959905 0 0 | 0
COLL 13 1.3981671016663313 0.31070690243504945 1.55 1.7930487179663033 | -0.7703506825491786 0.600703775533475 0.1576686294283718 0 0 0.01082621980458498 0.4781353537691757 -5.839686505263671 0 0 -1.9539690976962447 0.8037316631525755 -4.818891947157681 0 0 0.7166900862939656 0.8626839134376496 0.025214414577931166 0 0 -0.9053996047005057 2.531489436281845 -7.851232620654628 0 0 0.9909396227449179 2.1816281584324315 -4.410864581121132 0 0 0.6630721315741539 0.6734674773178995 -0.6513477561529726 0 0 2.3734297757036984 1.0687747473130003 -5.816289502196014 0 0 -0.7565733762457967 0.822951601119712 -1.2270681157242507 0 0 2.3144279569387436 1.7557458396768197 2.9780733042862266 0 0 2.18880060268566 0.047675386420451105 -13.676583236083388 0 0 0.0740883001126349 0.24022931919898838 -4.050134223187342 0 0 -1.642668489832431 1.3401191115844995 -5.631470111198723 0 0 | 2 3 6
COLL 29 -2.2 0 1.55 1.1600873446557671 | -1.3687526830472052 1.4215241721831262 -1.8611424625851214 0 0 0.6711151767522097 0.3077625868609175 2.039988567586988 0 0 -1.970610000193119 1.676899494137615 -9.616683896398172 0 0 -2.1148041179403663 2.226014159969054 -4.645189057569951 0 0 1.5272077512927353 1.1441894572926685 0.8142271495889872 0 0 0.10870291013270617 0.2632958989124745 -0.39795978576876223 0 0 1.194487351924181 2.1434005862101912 0.27877204585820436 0 0 0.5791899366304278 1.1165242271963507 -1.102598428260535 0 0 -0.09691716358065605 0.2025797663955018 -11.204033602960408 0 0 -1.7918056449852884 -0.424544669338502 -8.202397379791364 1 0 -2.2198417810723186 1.3125594233861193 1.7866719502490014 0 0 -0.7027677576988935 2.19439283630345 -6.844028967432678 0 0 -2.48548229271546 0.4888933771289885 -1.6059952578507364 0 0 -0.18210498243570328 1.5315063237212598 -2.073732457589358 1 0 2.3700637402944267 -0.4782580316532403 -1.2708882431033999 0 0 2.9477709545753896 2.587598585174419 -2.1400086199864745 0 0 1.8359838193282485 2.6357324918499216 0.1546660780441016 0 0 -2.113038018811494 1.5421948990551755 -10.00157455727458 0 0 -1.1213733041658998 2.407471814425662 -1.0404816018417478 0 0 2.729819686152041 2.153300642617978 -12.533782564569265 0 0 2.159925717394799 2.2047158906934783 -5.596998004708439 0 0 -0.6869621397927403 -0.28837438859045506 0.22918510250747204 0 0 -1.744895896408707 1.0763584412634373 -13.66511899791658 1 0 2.4026046032086015 -0.3851405690656975 -12.619174507679418 0 0 2.4015329321846366 0.8006877539446577 -2.756748803658411 0 0 -2.353806171566248 1.461056714062579 -8.296470218338072 0 0 0.3918690327554941 1.4062725758412853 -2.4118598985951394 0 0 1.4091862379573286 1.0743888984434307 1.4382952360901982 0 0 -2.963321268092841 1.729194423998706 -5.273951356764883 0 0 | 0
COLL 21 0 0 1.55 1.1780065642204136 | -1.6505673886276782 2.936599127831869 -6.963826045626774 0 0 -0.98777433950454 2.320765836746432 -1.859541311627254 0 0 0.38348781131207943 2.5069005992263556 -0.6582910246215761 0 0 -2.977241259533912 0.6637576919747517 -8.044197761220858 0 1 0.9316552961245179 2.985885589616373 -13.199195100460202 0 0 -2.3020715438760817 2.0040050451643765 -10.686163674574345 0 0 1.8149685091339052 0.4455057078739628 -11.371880527818576 0 0 0.8050957513041794 2.941523038665764 -5.435276770731434 0 0 -1.0559397493489087 -0.2930403038626537 -7.556645539123565 0 0 2.7478842535056174 1.0422936850227416 -3.9672779275570065 1 0 -1.3831897149793804 -0.017253646277822554 -6.326105513377115 0 0 1.4358862121589482 1.9172832631738856 -11.56044636736624 0 0 0.31386556662619114 0.7153491474455222 -9.108008607756346 0 0 0.8184162466786802 1.9129006332950667 -10.686552742030472 0 0 1.4643150921911001 2.3588324900483713 -12.376551474444568 0 0 -0.21514723962172866 2.984354867017828 -6.512253605993465 0 0 -1.5952115985564888 0.8208837087731808 -13.965925300726667 1 0 -0.8910899455659091 1.5297787366434932 -9.778997538378462 1 0 0.39391285507008433 -0.34738218132406473 -4.919478946365416 0 0 -2.6969625502824783 2.215462153311819 0.5676423974800855 0 0 1.331271770875901 0.03213823109399527 -9.264952544122934 0 0 | 0
COLL 30 2.2 0 1.55 1.309541854960844 | -2.379569965414703 0.5541841039666906 -11.885016412939876 0 0 0.1744278548285365 1.484226692467928 -3.242585188243538 0 0 1.5703921685926616 2.177673004451208 1.825278959237039 0 0 0.6723300302401185 1.0469369523925707 -12.94088381738402 0 0 0.7606672975234687 0.17239330697339028 -0.7798745888285339 0 0 1.6947733727283776 2.6832704095868394 -11.433091063285246 0 0 0.21849792636930943 1.6936040741857141 -0.7167826318182051 0 0 1.1242610500194132 -0.14086137793492526 -12.287651357706636 0 0 1.3416783409193158 1.6092690023360774 -4.018622142029926 0 0 1.9426350085996091 2.3753758488455787 -11.52154097147286 0 1 1.477103095036 1.212324456544593 -11.79781352658756 1 0 -1.6398085397668183 2.312798771308735 -10.140951074426994 0 0 2.041416426189244 2.4920500048901886 1.9426139080896974 0 0 1.2545789061114192 1.4412865686463192 -5.287509112386033 0 1 -1.172129665967077 1.4032708910526708 1.5576534655410796 0 0 -2.9297313960269094 2.0241802035598084 -6.587256760103628 0 0 1.8655721442773938 -0.3466733896639198 -8.376447566784918 0 0 0.2455407357774675 0.12022576585877687 1.9712660133372992 1 0 -1.5439671068452299 -0.3672186341136694 1.90143490023911 0 0 2.519222747068852 1.5465555631089956 -1.2845069102477282 0 0 -2.9448203374631703 2.25732653029263 -9.489337941398844 0 0 -0.06601575063541532 2.1181514501804486 -2.9188445629552007 0 0 -2.925607762299478 2.2389051378704607 -12.664031508378685 0 0 -0.8563985098153353 2.7550898710032925 -8.733126194216311 0 0 1.873537786770612 0.10813685064204037 -2.842115794774145 0 0 -0.8591995616443455 0.07186716236174107 -2.0722065861336887 0 0 0.9681796780787408 -0.3684120698599145 -6.421489507192746 0 0 2.97770516294986 1.2175238801864907 -2.674019290599972 0 0 0.15484850574284792 0.6176379948155954 -3.0776927552651614 0 0 -1.837516566272825 1.2876583366887644 -6.1784228715114295 0 0 | 1 19
COLL 21 -0.5331110469996929 0 0.75 1.527735195774585 | -0.30517789581790566 2.7018043268471956 -13.548299907008186 0 0 -2.7701047277078032 1.53727702179458 0.8375487227458507 0 0 -1.9778452296741307 0.6404973476892337 -11.906091898912564 0 0 -2.2783509199507535 2.4729508467717096 -5.733519224449992 0 0 -1.835163675248623 -0.09177333465777338 -2.8895046946126968 0 1 -0.002658591605722904 -0.4269697110867128 -3.97982019954361 0 0 2.723821086343378 -0.26033117598854005 -11.907627396518365 0 0 1.738022569566965 0.06509491638280451 -13.659808074356988 0 0 2.7898219632916152 0.1704026572406292 -10.63090629549697 0 0 1.0477079981938004 0.5545688689453527 -0.9280367768369615 0 0 -1.0394938755780458 0.48840019933413714 -8.55506238155067 0 0 1.900467149913311 1.6323878990951926 0.33485198579728603 0 0 0.11717728385701776 0.9606400516349822 1.1756656509824097 0 0 -1.2530179861932993 2.600990999955684 -9.25211718515493 0 0 -0.9907021005637944 0.1420624207239598 -7.2831498314626515 1 0 -1.6667801630683243 0.12554116628598422 -5.738562753191218 0 0 1.0794761488214135 2.1221760008484125 -8.055775387678295 0 1 -2.0243504815734923 2.2980510744964704 -6.899444152833894 0 0 -1.534843670669943 0.09548069071024656 1.023946818197146 0 0 1.1523771174252033 2.71767321950756 -5.199188591213897 0 0 -2.6390093718655407 2.4427876024274155 -9.604971495922655 0 0 | 1 12
COLL 0 -2.2 0 1.55 1.6911888923030347 | | 0
COLL 5 0 1.1285330865997822 1.55 1.402211101911962 | 2.6641119914129376 1.1182713337475434 -2.3342516992706805 0 0 -1.765910329297185 0.8475690267514437 -1.7619627970270813 0 0 -0.22593968035653234 1.946865106234327 2.8405311822425574 0 0 1.5610953723080456 2.0117017023731023 -1.876931692007929 1 0 0.29999191174283624 0.7459694162243977 -5.400042064953595 0 0 | 0
COLL 16 2.2 1.1096828141715378 1.55 1.5940833074972034 | -1.2639049370773137 1.1394715525675565 -7.781718869693577 0 0 0.24593807570636272 0.3607551082968712 -7.758651819545776 0 0 -2.673129442613572 2.281893518869765 -4.30388151970692 0 0 2.9373747655190527 2.854604792315513 -0.5716017361264676 0 0 -1.9966476350091398 2.016046691685915 -0.06632644566707313 1 0 1.3777045612223446 0.18083850049879402 -11.366239916533232 0 0 0.302030892111361 1.7094017064664513 -1.8070100448094308 1 0 -0.29890754632651806 1.1320616783341393 2.4310133303515613 0 0 -1.978035869076848 0.39924135571345687 -7.1804405867587775 0 0 2.8988423659466207 0.2596680100541562 -11.8869024773594 0 0 1.319536631461233 0.45418113633058965 -11.819048607954755 1 0 2.948576490394771 2.28742585494183 2.440792992245406 0 0 -1.950361154973507 2.1975730803096667 -11.2636343666818 0 0 2.5529607329517603 0.74833249731455 -13.206580095225945 0 0 -2.2458888203836977 0.04055358516052365 -6.8594189926516265 0 1 2.363374520558864 2.532996793044731 0.31733804079703987 0 0 | 2 3 15
COLL 21 2.0395921538583934 0.6405114721041173 1.55 1.773313479917124 | 2.135717762634158 1.7052635699510574 -6.7336760093458 0 0 -1.8360662846826017 0.032208458171226084 0.2793965423479676 0 0 -2.258075044490397 -0.050053601269610226 -11.162544444669038 1 0 1.3856582958251238 1.0298378936713561 -11.945748316589743 0 0 -0.028718991670757532 0.6004115310497582 -11.383089680923149 0 0 0.4065459771081805 2.7208337810589 1.1193588552996516 0 0 -1.606617535930127 2.841708977939561 -1.3989604618400335 0 0 2.577383501920849 0.23346465022768825 -13.579488071380183 1 0 2.041534282732755 1.5483592274831608 1.1053368239663541 0 0 2.5978386355564 1.511431331280619 0.13617718848399818 0 0 -0.6895766453817487 1.6923644128255546 -3.4026475024875253 0 0 1.6951255244202912 1.269451850792393 -1.072745781391859 0 0 1.8566368273459375 1.1290852735983208 0.8675893605686724 0 0 2.84180553490296 1.9416128708980978 -1.584357334766537 0 1 -1.1571083483286202 1.6043989307945594 -13.654042255831882 0 0 0.12170667015016079 1.1757095246575773 2.199528021970764 0 0 0.7266036020591855 2.0550756379961967 -5.901997445849702 1 0 -0.8885798407718539 1.3692031587706879 -5.240143466508016 0 0 0.9455784726887941 0.6042552758008242 -13.13667367096059 1 0 -2.1944095767103136 0.47987289901357144 -13.444382418179885 0 0 -0.2329422365874052 2.4810300964163616 -1.235510973725468 0 0 | 4 8 9 11 12
COLL 30 -2.2 0.8113499758299441 0.75 1.2627706345636398 | -0.3534752056002617 0.8158841191325337 2.639912298414856 0 0 -1.8355436786077917 -0.4183194689685479 -11.055165856145322 0 0 2.428231805562973 0.775003086659126 -9.583272518822923 0 1 -2.1023138766177 2.271969258086756 0.7711655762977898 0 1 -1.217451050877571 2.279065925977193 -5.5001308436039835 0 0 0.23344271024689078 0.5107011011568829 -10.951803434407339 0 0 -0.45005440805107355 1.7076442514080554 -6.734758254606277 0 0 2.3633595393039286 1.1531177164288238 2.367590783163905 0 0 -0.9843978588469326 -0.24899718759115785 -4.803447857964784 0 0 -2.743508665356785 -0.03536465356592089 2.5522492963355035 0 0 -1.1191299674101174 0.1124076385749504 -3.396854444174096 0 0 1.8506838572211564 0.3794200390111655 -11.88787083956413 0 0 -2.030001256149262 2.1021899661282077 -5.961679548956454 1 0 -1.9285265039652586 -0.22304050426464528 -7.046553441090509 1 0 -1.5394699908792973 1.0288957899902016 -9.437575167510659 0 0 0.28128156065940857 0.8951394218020141 -9.343479743925855 0 0 0.5532054374925792 2.1470254696905613 0.13048771023750305 1 0 -0.7098595867864788 0.7514926880830899 -1.7918037476483732 0 0 2.2079298505559564 1.1754949669120833 -13.609777081292123 0 0 -1.413181237410754 1.5648123980499804 -9.21035632560961 0 0 1.0624154806137085 0.1423308055382222 1.1208142563700676 0 0 0.30961943976581097 2.7066950130974874 -10.694755757693201 1 0 0.8816976388916373 0.11299184232484549 -5.528319512261078 0 0 0.34248148184269667 2.9243788674939424 -2.3815535402391106 0 1 1.3545842869207263 0.4568594708107412 -9.672445136355236 0 0 2.1760206297039986 1.0687203872948885 0.9736562001053244 1 0 0.2978006419725716 1.5951722909230739 -4.9504127183463424 0 0 0.30628718342632055 2.62046743161045 -7.121031740447506 1 0 1.631924848537892 1.4254673975519836 -4.24673126032576 0 0 2.2431489676237106 -0.04947581980377436 -10.263438182650134 1 0 | 0
COLL 6 0 0 1.55 1.0911430154927075 | 0.2857596860267222 0.016997181810438633 -1.4001139889005572 0 0 1.3831541575491428 0.39483709493651986 -1.0710020114202052 0 0 -2.8723167004063725 1.0060089429607615 -9.893441301537678 0 0 -2.6468227221630514 0.6722326907329261 -6.8398025571368635 0 0 2.6722517204470932 0.43828318652231246 -13.763954188209027 0 0 1.0414088009856641 0.03582160372752696 2.965091419639066 0 0 | 0
COLL 14 2.2 0 1.55 0.8174395893700421 | -2.636974012479186 1.672479369561188 -6.634627610910684 0 0 1.4924897840246558 0.09164884849451482 2.231015950674191 0 0 -2.945608325768262 0.8640798332635313 -3.432022043969482 0 0 -1.0453372565098107 1.2394580044783652 -2.8949398358818144 0 0 -1.1919848774559796 -0.4947699545882642 -4.891336255241185 0 0 0.3711738931015134 0.8946338264504448 -10.446383027359843 0 0 -2.5584723902866244 0.3700004454003647 -13.136506135575473 0 0 -2.3497768733650446 -0.39648025773931295 -0.3356108353473246 0 1 1.625908613204956 1.4545318494783714 2.825673599494621 0 0 -2.9261264302767813 0.13899933674838394 -4.238354388158768 0 0 0.11523771844804287 1.6756428916705772 -2.8305396921932697 0 0 -1.6152676823548973 0.023566196439787745 -2.613347051665187 0 1 2.173411935567856 2.8405584486899897 -1.802210098830983 0 0 -1.4886848414316773 0.8131959829479456 0.9015864965040237 0 0 | 0
COLL 30 -0.33455507922917604 0 1.55 1.2342469384428114 | 0.5735547915101051 1.2129330333555117 -8.229044205974787 0 0 0.0714170434512198 -0.028163191047497094 1.4295961768366396 0 0 -1.4275047141127288 1.3197757620364428 -7.415118602570146 0 0 -0.9247191050089896 0.7732551643857732 -5.69714485690929 0 1 2.08005892066285 -0.07311847130768001 -6.808973469538614 0 0 0.8366084494628012 -0.2639835471054539 -6.91443029535003 0 0 2.549644512590021 2.1749848992330953 -5.393558274954557 0 0 -1.3504621339961886 2.2575120520778 -10.542912354925647 0 0 -1.3056359295733273 2.937304612598382 1.8702036635950208 0 0 -1.4872275637462735 0.06025907746516168 -12.545068426057696 0 0 -1.1460353611037135 -0.16167880385182798 -5.534111830405891 0 0 -2.488007860723883 2.614555826294236 -2.7529778780881315 0 0 1.4589435090310872 2.105427960981615 -9.059361923951656 1 0 2.11049297824502 2.1957141562597826 -1.5059355832636356 0 0 1.0423138746991754 0.7463935819687322 -0.8840222186408937 0 0 -1.826711035799235 0.7471069974126294 0.9893823806196451 1 0 -1.9805166721343994 0.42777073301840574 0.13232167391106486 0 0 0.9073911407031119 -0.24728554906323552 -1.043889571679756 0 0 0.41284784534946084 1.5512908620294183 -8.8782334451098 0 0 -2.1183500750921667 2.88619731226936 2.952033163048327 0 0 0.746491483412683 2.625822623143904 -5.030260248342529 0 0 0.4266995466314256 1.4044283836847171 2.6507441436406225 0 0 1.7726545231416821 1.3794923179084435 -6.508953063515946 1 0 -0.1841577091254294 2.70484715141356 -13.601798217976466 1 0 -0.888101467397064 0.07928823423571885 -13.069085161900148 0 0 -1.437238906044513 1.9806929640471935 -5.437713987659663 0 0 -1.4241739329881966 0.4793872745940462 -4.632356061600149 0 0 0.8427620432339609 1.8802374987863004 -0.8545079238247126 0 0 -2.851925456430763 1.6606762268347666 -3.7317370928358287 0 1 2.237450354732573 0.794106558081694 -11.583171641686931 1 0 | 0
COLL 28 -2.2 0 1.55 0.8475166332907975 | 1.6083610667847097 2.9398773082066327 -11.459920802153647 0 0 1.391084906179458 2.866280769580044 -3.5837504554074258 0 0 1.223915086593479 1.5361924992175773 -5.4703208731953055 0 0 1.1993157765828073 0.46448251663241535 2.005510709946975 0 0 -0.8499397616833448 0.15670263208448887 0.4066906420048326 0 1 -1.4563473737798631 2.4209992699325085 -5.940592908998951 1 0 -2.218523371964693 2.321681988076307 -5.510196938877925 0 0 -2.5351504306308925 0.644011321477592 2.5529317436739802 0 0 0.5027468553744256 -0.3674898996250704 0.7540578374173492 0 0 1.5740108583122492 0.37434937560465187 2.9580190570559353 0 0 0.7555198199115694 -0.43491300649475306 -11.022236320422962 0 0 -0.7591987657360733 2.202426834963262 -6.917775299400091 0 0 0.629635157994926 0.45785086741670966 -12.96129420446232 0 0 -0.8752157636918128 0.30896919313818216 -9.051952432375401 0 0 -1.248377229552716 -0.49014403496403247 -10.297015979420394 0 0 1.9895289335399866 2.316797310952097 -2.4082626870367676 0 0 2.9182843705639243 2.242761271656491 -7.241310692159459 0 0 -1.660368853714317 1.1351521814940497 -2.5754791228100657 0 0 1.1910540936514735 0.23717015981674194 -11.424583866028115 0 0 1.3207306838594377 -0.21139003604184836 -8.584793850546703 0 0 -2.5267526395618916 2.340360696427524 -13.779731527436525 0 0 -2.5308140013366938 -0.49483808735385537 -5.0456391393672675 0 0 -2.7086649807170033 2.4850855654804036 -4.144818773493171 0 0 -2.9652619175612926 2.906394131714478 -11.753811776870862 0 0 -2.645247965119779 2.7261189150158316 -3.0062407481018454 0 0 1.9179777237586677 2.986701183835976 -10.723448208067566 0 0 2.4585339445620775 2.11143601546064 -13.246536787832156 0 0 1.3633570410311222 0.9626020858995616 -13.657974815228954 0 0 | 0
COLL 30 0 0 0.75 1.2709699840750546 | 0.10224156081676483 1.5679277428425848 -7.580822731368244 1 0 -2.592850682325661 1.2464400784811005 -5.707721890183166 0 0 -0.09073833469301462 1.0375106463907287 -10.750170147512108 1 0 -2.858655324205756 0.5395134973805398 -13.713354896055534 0 0 -2.8191015464253724 1.6759169058641419 1.565740195568651 0 0 1.8160790987312794 0.7536952405935153 1.8557387224864215 0 0 2.162378439679742 2.281325020827353 -9.973781486973166 0 0 -0.3418014859780669 1.1489482271717861 -6.166872995439917 0 0 0.49885013652965426 0.3313263561576605 -4.894914032425731 0 0 1.8970473683439195 1.5695347032742575 -13.89649016992189 0 0 2.6255608247593045 1.9675998288439587 -8.476722092134878 0 0 -2.3199226981960237 0.18912253226153553 -3.9751771811861545 0 0 -0.1780396713875234 2.3150873543927446 -2.363141600508243 0 0 -0.11347375251352787 0.5613181435037404 -13.589954483089969 0 0 -1.6717885402031243 0.15481602237559855 1.9019200352486223 0 0 1.6481235399842262 1.8693399030016735 0.8795944165904075 1 0 -1.9529773048125207 0.14633090572897345 -12.094525089953095 0 0 -0.7883048839867115 0.5079415652435273 -8.804519253084436 0 0 -2.2766627613455057 0.5380379741545767 1.9162225786130875 0 0 1.3432109076529741 2.0315167516237125 1.7947904798202217 1 0 0.8804894853383303 -0.24188245320692658 1.234186979709193 0 1 1.0375795955769718 -0.33682587114162743 1.6599053414538503 0 0 1.8792558959685266 2.713698995881714 1.214015789795667 0 0 2.6052301288582385 0.24461518914904445 -8.875780862756073 1 0 -0.35246912436559796 2.3261667918413877 -0.4329493730328977 0 0 2.016402626875788 2.5810122195398435 -12.483731476124376 0 0 2.794161820784211 0.12070586765184999 -5.373474994907156 0 0 1.4477038909681141 2.0376738200429827 -5.87236971128732 0 0 -1.205303080379963 -0.45183225674554706 -7.612378569552675 0 0 -2.5566102834418416 2.7578434507595375 2.191384029807523 0 0 | 0
COLL 21 2.2 0.0029462100472301246 1.55 1.0213266228791327 | -0.52246054681018 1.8572464463068172 0.5646594862919301 0 0 -0.5771611668169498 -0.41108897619415075 -5.2106519744265825 0 0 -1.2506770142354071 0.8141502988291904 -11.486028088955209 0 0 -0.1334666982293129 0.23495193501003087 -12.193935913732275 0 0 1.3775030951946974 0.011582535458728671 -9.044577602064237 0 0 -0.6259459652937949 1.8622673294739798 2.8754249988123775 0 0 1.5397960511036217 -0.21158276486676186 -8.858544116839767 1 0 2.6567058535292745 1.8532527447678149 -9.510507080471143 0 0 2.2960219932720065 1.9294506865553558 -5.80483335047029 0 0 1.8302820031531155 2.133805762277916 -1.1712641676422209 0 0 2.5225277664139867 0.8618237177142873 -11.742973543237895 0 0 -1.5664263074286282 -0.1117638872237876 -12.324308430077508 0 0 2.8422136050648987 1.106017979211174 0.48648474528454244 0 0 -0.3580161351710558 0.7932421223958954 2.9142132620327175 0 0 -1.4695768374949694 2.401190770906396 -12.610430515836924 0 0 2.8418067740276456 2.077225250657648 -1.0879811628255993 0 0 0.2325796619988978 2.007488043513149 -11.761575714219362 0 0 -2.09939171327278 0.9151028803316876 -6.148993177572265 0 0 -0.5557033773511648 2.4040319768246263 -9.412260098615661 0 1 -1.839876964688301 0.8998693333705887 -13.690447346307337 0 0 2.680704449303448 1.0827374961227179 0.5149248575326055 0 0 | 2 12 20
COLL 8 -1.879891297314316 1.1506481325253846 1.55 1.6879039648454637 | -0.47733707819133997 1.391373545047827 -5.002441561082378 0 0 -1.6042699702084064 1.3734135294798762 -13.713186873821542 1 0 0.1676399577409029 2.297319644712843 -5.600173969287425 0 0 2.4788279249332845 -0.1508102440275252 0.05431184405460954 0 0 0.44316512206569314 2.827525515574962 -11.579859585035592 0 0 -0.752408791333437 2.4452364256139845 -3.678365813801065 0 0 1.7877987446263433 1.8276036041788757 -5.172237001592293 0 0 -0.7703625960275531 2.3700521795544773 -3.4098655555862933 0 0 | 0
COLL 17 -2.2 0.55061877630651 0.75 1.1615926010534168 | -2.725781631655991 2.3864679279504344 -10.481090234359726 0 0 1.768625476397574 -0.33907708909828216 -13.203030460281298 0 0 0.12216021493077278 1.8387222019955516 -6.554864764912054 0 0 -0.024892198853194714 2.371507334173657 -3.42940760217607 0 0 -1.2704987763427198 0.03759860759600997 -2.1476171971298754 1 0 1.5528680621646345 1.0807751179672778 -2.177147585665807 0 0 1.4900614307262003 2.6340547086438164 -6.8350389981642365 0 0 2.3389422954060137 -0.3971650153398514 -6.7990918583236635 0 0 -1.8307357029989362 1.431126315612346 0.23572591319680214 0 1 0.39689850015565753 1.8181740613654256 -13.923011753242463 1 0 -0.8238580240868032 2.9003127836622298 0.6024382901377976 1 0 2.207637936808169 -0.10106409795116633 -3.8365685949102044 0 0 2.3714640852995217 0.5792885442497209 -6.916962661547586 1 0 -2.863167998380959 0.009357642265968025 -1.3304435557220131 0 0 0.6861845450475812 0.2556809907546267 -8.442777900025249 0 0 -0.3749121939763427 2.025043005356565 -1.122413775185123 0 0 -0.10647089034318924 1.2929095142753795 -8.631999912904575 0 0 | 0
COLL 21 0 0 1.55 1.33689479874447 | -2.1734706577844918 1.8241859613917768 2.011624166276306 0 0 2.7280972874723375 2.454795980360359 -12.563971406314522 0 0 -2.9880922827869654 -0.2355035295477137 -9.7546014462132 1 1 -0.02211509132757783 1.5520724843954667 1.3191712799016386 1 0 2.442720741033554 2.4375916877761483 -9.934274258790538 0 0 -0.9370321123860776 1.3882509655086324 -3.559097536606714 0 0 0.3945939322002232 0.715774571406655 -2.284273507539183 0 0 -0.8758978452533484 0.8849676916142926 1.2607537528965622 0 0 2.9246831322088838 -0.22409163764677942 -9.13090938120149 0 0 -2.4694810593500733 0.14023959869518876 -2.6025956789962947 0 0 -1.55819026613608 1.6995228612795472 1.0590450202580541 1 0 0.939636702183634 -0.1350552688818425 0.7025332632474601 1 0 1.5932768862694502 1.9384634206071496 -11.475287043023854 0 0 -2.3184976559132338 1.4624616663204506 -10.45150554832071 0 0 2.9925750475376844 0.5926041018683463 -0.23554537794552743 0 0 0.6998929004184902 1.1621412740787491 -3.3933399533852935 0 0 -0.14856016729027033 0.05175886629149318 -5.069938677130267 0 0 0.8686493318527937 -0.003214772092178464 -10.756556793348864 0 0 -1.482869946397841 0.7142910205293447 -10.768196669174358 0 0 1.0729102855548263 2.536542883142829 2.5152641313616186 0 0 2.7281486615538597 -0.28275925223715603 -6.456947819096968 0 0 | 2 3 11
COLL 10 2.2 0 1.55 1.219984818669036 | 0.3900646981783211 0.30020708055235445 -1.7746200524270535 0 0 0.4949387046508491 2.1926824511028826 -5.747458400437608 1 0 2.1302526583895087 0.15014019864611328 -12.951953320065513 0 0 0.8609837251715362 0.475089265499264 -6.912291833432391 0 0 2.723760705906898 0.5724752416135743 -10.10416732239537 0 0 -1.0708924429491162 0.3019318806473166 -0.819167627254501 0 0 2.6225993167608976 2.0078799299662933 -6.719778741942719 0 0 2.677074030507356 1.3894086341606453 1.9677120838314295 0 0 -1.3544821562245488 2.7155560480896384 -12.760017872788012 1 0 2.2731215287931263 0.7993247376289219 -2.993214671034366 0 0 | 0
COLL 3 1.0224392591044307 0 1.55 1.2792195486370475 | 0.026989225298166275 0.6202944873366505 -6.813362107379362 0 0 -2.066318068653345 0.3175710974028334 -5.814176221843809 0 0 2.0443519768305123 -0.26683700922876596 -13.034395030234009 0 0 | 0
COLL 13 -2.2 0.5344393495470285 0.75 1.65817417409271 | 2.4426307948306203 2.18783170345705 -3.05272007570602 0 0 1.0176579114049673 1.4721665711840615 -4.579725837800652 0 0 -2.418812833260745 2.8706055940128863 -3.925628477241844 0 0 0.11344498302787542 1.27050673274789 -1.6107943092938513 0 0 -1.5672373613342643 2.7964958691736683 -3.5000200800132006 0 1 -2.5241867336444557 1.692886484786868 -9.268816608237103 0 0 1.982586310710758 0.030651011504232883 -11.610436318675056 0 0 0.4769189329817891 2.558369799866341 0.5696482979692519 1 0 2.7984069739468396 1.6555697498843074 -12.833412474254146 1 0 2.66891151946038 2.0166692979400977 2.767684649908915 0 0 -1.5862198434770107 -0.30126306926831603 2.5939902029931545 0 0 -1.0246800212189555 0.1435817142482847 -1.3282053135335445 0 0 -2.9038949059322476 0.6663805149728432 1.2162058181129396 0 0 | 1 12
COLL 21 0 0.07875985535793006 1.55 1.092315423488617 | -0.5674282601103187 1.1085622541140765 -1.5813024451490492 0 1 0.965667627286166 0.6426661524455994 0.901909023988992 0 0 2.4419276020489633 1.5284963187295943 -10.996864844346419 0 0 2.7420185543596745 0.1790434888098389 -6.826518390793353 0 0 1.4220147575251758 0.9604895985685289 -5.818443472031504 1 0 -2.2578758960589767 0.15796183003112674 -13.799167421180755 0 0 -1.7322955392301083 2.8973060871940106 -10.678398613119498 0 0 -2.396970821544528 2.181514206691645 0.33167788945138454 0 0 -1.2805795054882765 0.6955159306526184 -4.3360597882419825 0 0 -0.06267716735601425 0.1050233964342624 -4.7708439766429365 0 0 -1.6164811695925891 1.047515177167952 -5.692880250746384 0 0 0.24288329109549522 2.6683101980015635 -1.73440261464566 0 0 1.3673770758323371 1.276030758395791 2.5047582611441612 0 0 -2.404708892572671 0.7394654165254906 0.12438199599273503 0 0 -0.45464746886864305 1.589064181316644 -9.169485299149528 0 0 0.5201947926543653 2.19338162522763 -1.053668327163905 0 0 -1.9413358429446816 0.7524692175211385 -3.733167031314224 0 0 -1.6961867474019527 1.5798642410663888 -0.5694766209926456 0 0 1.7127292770892382 2.3659533207537606 1.413196652662009 0 0 -0.6410493082366884 -0.2577568831620738 -9.51098853442818 0 0 1.1271431688219309 2.9602664751000702 -8.102268279762939 0 0 | 0
COLL 1 2.2 0.207839587982744 1.55 1.4176295136101544 | 2.1628527604043484 0.1043057304341346 -1.8184872220735997 0 0 | 0
COLL 3 -0.2539221066981554 0 1.55 1.3327487310860306 | 2.1746613336727023 -0.47821643797215074 -9.60855111759156 1 0 1.1928084190003574 2.6020581845659763 2.9890271071344614 0 0 -2.41220487607643 1.6320211704587564 -5.826863586669788 0 0 | 0
COLL 4 -2.2 0 1.55 1.7777565824333579 | 2.751230317633599 -0.1758604277856648 -10.448893204331398 0 0 0.8142066705040634 0.9182180988136679 2.6451235881540924 0 0 0.6634758613072336 1.194267372484319 -10.585118538700044 0 0 -0.2175663448870182 0.195639269775711 -6.62719467934221 0 0 | 0
COLL 15 0 0 1.55 1.6150543023366482 | 2.1683657211251557 1.6708225914044306 -8.350779603701085 0 0 -0.08987528644502163 2.929764863336459 -1.287500536069274 1 1 -2.3032599999569356 2.7033078119857237 -6.412804336985573 0 0 1.5723666180856526 2.3813513420755044 -0.2979677317198366 0 0 2.382416251581162 2.139513762202114 -12.483362135943025 0 0 0.25150772323831916 0.20793535967823118 -3.9688843744806945 0 0 -1.5505303354002535 2.3336854015942663 -5.790761522017419 0 0 -1.202286898624152 2.673771595582366 -4.342006611637771 0 0 0.5568725620396435 -0.10848410637117922 -13.434436665615067 0 0 -2.0944989058189094 0.5829172708326951 -2.7691234967205673 0 0 -0.2089283186942339 2.6132224082248285 -11.31894638761878 0 0 -0.36409763619303703 2.2461155708879232 1.945902457460761 0 0 -1.0017427168786526 1.3303768676705658 -12.967535650590435 0 0 0.8060881993733346 2.9611607282422483 -9.65754600125365 0 0 1.0135150495916605 -0.05999181652441621 -11.81242795009166 0 0 | 0
COLL 21 2.2 0.11262542428448796 0.75 1.4656134803779424 | -2.9173143301159143 -0.4965233375551179 -8.808066596277058 0 0 2.309125148691237 0.32187111931852996 -2.9271842485759407 0 0 2.220405508764088 0.8388939038850367 -9.663024357287213 0 0 0.13423056062310934 2.690775680122897 -8.106831209501252 0 0 0.3713597157038748 1.3514572527492419 1.1874216857831925 0 0 -2.7889068787917495 2.3954997821711004 -8.86775605357252 0 0 -0.4194167945533991 1.481041111634113 0.7259768929798156 0 0 0.18411670625209808 0.20070489135105163 -0.19952652091160417 0 0 -1.6941367127001286 0.2745344176655635 -1.598558886675164 0 0 -2.2777647972106934 -0.017656338401138783 -13.424622773891315 0 0 -2.3019106001593173 0.4705466905143112 -6.322507165838033 0 0 -1.5987951066344976 2.306024218327366 -1.3226682269014418 0 0 -0.8956258683465421 2.3275125647196546 -10.680126740597188 0 0 0.8476531896740198 2.9625156549736857 -6.940364790381864 0 0 2.870523752644658 1.5401420702692121 -12.952244614018127 0 0 1.6750719803385437 -0.02664339472539723 -13.693279187893495 0 0 -2.004005878698081 -0.10107679502107203 -2.8576509365811944 0 0 0.7316738641820848 2.383166832383722 -4.6699699820019305 0 0 2.017271008808166 2.141991469776258 -5.351324451621622 0 0 -1.9272253531962633 -0.14755344518925995 -7.057149279396981 0 0 1.1751208724454045 0.4943926597479731 -7.391650424571708 0 0 | 0
COLL 24 2.605264623183757 0.8469298920594156 1.55 1.200062905624509 | -2.879367521032691 1.5636754321167246 -2.952495632460341 0 0 0.34419853426516056 2.7018886778969318 -6.9060056447051466 0 0 -1.676217027939856 1.760879633948207 -0.40060780430212617 0 0 2.084067353513092 2.959043217008002 -12.517742291325703 0 0 -1.137814225628972 -0.44942067319061607 -8.045438691508025 0 0 -1.2857870226725936 -0.3070522380294278 -11.688934228383005 0 0 -1.3634846708737314 2.7572231229860336 -5.032185130054131 0 0 1.5310602206736803 1.3843863803194836 -6.156814289977774 1 0 2.260723527520895 2.3206993639469147 -5.221857869997621 1 0 1.292877625208348 2.235821222420782 2.4806570331566036 0 0 0.2570876148529351 1.292515782872215 -10.166832570219412 0 0 0.7816635905764997 2.426911298185587 -12.793470612727106 0 0 1.0200357106514275 0.8284150147810578 -13.632935983594507 0 0 -2.0898717641830444 0.38342629256658256 2.379929263377562 0 0 -0.294633402954787 2.5880498139886186 -2.0353196538053453 0 0 -0.3145190547220409 2.1315162836108357 -5.384319292381406 0 0 2.136468450073153 2.905827851034701 1.2215730578172952 0 0 2.0980479125864804 1.2124551195884123 -10.20391748379916 0 0 -2.660665338858962 0.5775064129848033 -13.056030044099316 1 0 1.2540780524723232 2.018058458925225 -8.916988460114226 0 0 -0.609600892290473 0.5148243737639859 -0.006188462022691965 1 0 -0.09510541800409555 2.6174939026823267 -11.753443050198257 0 1 -1.9646694352850318 1.0816468902630731 -8.191914862487465 0 0 1.5086418162100017 1.551557287806645 -3.8647557555232197 0 0 | 0
COLL 28 -2.2 0 1.55 1.4670368707273156 | -0.8449318357743323 -0.14296548964921385 -1.8957698540762067 0 0 0.6794240693561733 2.523499879403971 -10.079654687317088 0 0 2.4647198114544153 1.77618040505331 2.692555192159489 0 0 2.8940804628655314 2.0212325846077874 -8.347741939825937 0 0 -1.5360525115393102 2.5826136524556205 -2.8553598495200276 0 0 -1.8803854049183428 2.227873818250373 1.7556354848202318 0 0 -2.655060195364058 1.4015720905736089 -8.199213130865246 0 0 -2.0011467542499304 0.12419012910686433 -2.6948404712602496 1 0 -1.6188949886709452 1.830186043633148 0.9207933654543012 0 0 -0.5647502448409796 2.4673035664018244 -11.544082363368943 0 0 1.7316810409538448 2.716823072405532 -9.83800771087408 0 0 0.6280134399421513 2.593294799909927 -1.0003796382807195 0 0 1.385681755375117 1.0041267003398389 -2.814271866576746 0 0 -1.1560057969763875 0.9176872470416129 2.6990097435191274 0 0 -0.3961817119270563 -0.18640881055034697 -9.627378173172474 0 0 -2.7556168315932155 1.88824480434414 -0.05919853085651994 0 0 -0.49409287981688976 1.4854387227678671 -8.856339680962265 0 0 2.1268982514739037 2.9420433577615768 2.943282917374745 0 0 -0.33851559553295374 1.568175504799001 -13.64618768543005 1 0 1.5473552914336324 2.542168770567514 -7.698718621162698 0 0 1.2594313197769225 2.751257913885638 -9.895765696186572 1 0 1.4518531230278313 0.13577529473695904 -3.936629021540284 0 0 -2.851130043156445 1.9954258531797677 -1.2108093581628054 0 0 1.317330391611904 0.1281944700749591 -6.131258800858632 0 0 -2.9468855489976704 0.6623473890358582 -2.7964442840311676 1 0 2.359020429197699 1.3289635927649215 -0.17689524800516665 0 0 2.8595587592571974 2.96086813416332 -11.419511201558635 0 0 -0.4618665645830333 0.33640068012755364 -0.8873139305505902 0 0 | 2 8 15
COLL 3 0 1.580518355872482 1.55 1.3674250551965088 | 2.0257720523513854 1.54812957032118 -5.239856178173795 0 0 -1.636235082987696 0.564408305217512 2.945609967922792 0 0 2.719834982883185 0.9367735231062397 -9.049995386973023 0 0 | 0
COLL 29 2.2 0 1.55 1.0795052567962558 | -1.5387227218598127 2.913060887949541 -11.42726075113751 1 0 -2.885409981943667 1.0195963218575343 -12.27262534108013 0 0 -1.5348063027486205 2.5448320928262547 -12.303819509921595 0 0 0.6430144663900137 1.6916336260037497 -3.586013325024396 0 0 -1.1587576791644096 0.9968379368074238 -10.896169736981392 0 0 -0.744176178239286 2.6453718170523643 -11.52194934268482 0 0 -1.5035110325552523 0.9479363288264722 -8.127708203624934 0 0 -1.7426766199059784 0.8217452466487885 -3.19992538401857 0 0 0.060003974474966526 1.7228343434398994 -10.237160007935017 0 0 -2.1045380397699773 0.1354221343062818 -2.954148310236633 1 0 -1.1774001773446798 -0.16443037730641663 2.186502301134169 0 0 2.5346974921412766 0.428224356030114 -0.8818257425446063 0 0 -1.2049341900274158 1.6534573415992782 -9.97328847530298 1 0 1.3204857409000397 1.9411691465647891 -10.11712379194796 0 0 -1.4862899165600538 2.7073199222795665 -4.575262870406732 1 0 -0.7115722107701004 2.3047506609000266 0.1805982100777328 0 0 2.141468304209411 0.5447771471226588 -3.0246639961842448 0 0 -2.288521402515471 0.5335118097718805 -5.911676547722891 1 0 1.1573628229089081 0.4695878649363294 -5.481584327761084 0 0 -1.1252942285500467 -0.33102259470615536 -12.335212324978784 0 0 -2.1374694854021072 1.4912436078302562 -1.5614902172237635 0 0 2.1512060863897204 -0.07490975561086088 -4.568245153641328 0 0 -0.15934200631454587 -0.2338105629896745 -8.383600160479546 0 0 2.6164672784507275 1.0488433301215991 -1.2428626925684512 0 0 1.5812891302630305 2.1607205198379233 -6.703433020506054 1 0 -2.9875396275892854 1.0904412682866678 -11.385772946523502 0 0 -1.5966724092140794 -0.22643794387113303 -4.781770021189004 0 0 0.6110476325266063 1.3168122475035489 -7.158518981188536 0 0 -2.767548333853483 1.6455790994223207 0.00010218750685453415 0 0 | 1 11
COLL 19 1.5976770739071071 1.5646144808270037 0.75 1.1511942406184972 | 0.5721722119487822 0.21293720742687583 0.4019035955425352 0 0 1.392853554803878 2.3445374546572566 2.7790138844866306 0 0 -1.58867517253384 2.780194850754924 -6.747795968549326 0 0 -2.8701685974374413 1.6358185828430578 -10.511523949215189 0 0 2.949525013100356 2.639473089715466 -7.64455394865945 0 0 1.0861629657447338 1.9465671248035505 -11.93026437307708 0 0 2.89684027293697 0.5698477304540575 -9.04942348995246 0 0 -0.3916026600636542 0.5464764911448583 -0.44656674982979894 0 0 1.3206265750341117 1.7566739636240527 1.8089681800920516 0 0 1.192367627285421 0.45321401336696 2.6084615364670753 0 0 1.421610290184617 2.2534369518980384 -0.3563336250372231 0 0 0.9779929127544165 2.97447079338599 1.0621155761182308 0 0 0.6371430563740432 -0.020289581618271768 2.3920033767353743 0 0 1.9165237876586616 0.9677782700164244 -7.412672198843211 0 0 -0.9991313572973013 0.9797475878149271 -12.806668119970709 0 0 2.0219354331493378 0.24457613308914006 -10.094403595896438 0 0 -0.9284337130375206 0.0512456523720175 -9.615142275579274 0 0 0.20032560266554356 0.37681109306868166 0.6678793919272721 0 0 -0.8299666726961732 0.10459447489120066 -3.014725779881701 1 0 | 1 10
COLL 28 -2.2 0 1.55 1.258292831433937 | 1.909689947962761 -0.4498290427727625 -2.543912312714383 0 0 2.1536212381906807 2.7182017251616344 -11.640610531205311 0 0 -1.4722381392493844 0.9844241522951052 -8.992252497933805 0 0 2.8976401635445654 0.890019093058072 -2.532967336475849 0 0 -1.574635368771851 1.6644176640547812 -5.308713217498735 0 1 -2.530028612818569 0.8633358262013644 -6.742208186304197 0 0 2.4021343924105167 0.4500499452697113 -7.7238499105442315 0 0 0.8222481873817742 2.882917320355773 -7.994341756682843 0 0 1.0819890405982733 2.991822160431184 -1.9057374594267458 0 0 -1.9790804469957948 -0.1623765176627785 -7.733711074106395 0 0 1.9560135891661048 1.7973680042196065 -7.452713567530736 0 0 1.6702532563358545 0.027695307042449713 -3.965815235627815 0 0 -1.3194249412044883 0.5308227926725522 -8.882162125548348 0 0 -0.5779565731063485 2.4682675193762407 -2.4938692711293697 0 0 -1.4187902645207942 2.4363325810991228 2.6408234380651265 0 0 0.1786044160835445 2.8642044877633452 -10.072460735216737 0 0 1.6900823484174907 1.6611583178164437 -13.355056712403893 0 0 -0.766639984678477 -0.32187868340406567 -2.2451535458676517 0 0 -0.4905993095599115 0.3988466643495485 -1.915256071370095 0 0 2.02434783289209 2.758260498289019 -10.456454909406602 0 0 1.9881665837019682 1.6612938776379451 -1.130372871644795 0 0 -2.292431083973497 2.5795815887395293 -7.861382184782997 0 1 -0.16911119408905506 -0.25566681718919426 1.5273368081543595 0 0 0.34907619981095195 1.5740005808183923 -10.821183674037457 0 0 -1.3736342070624232 0.8203631191281602 2.6454331567510962 0 0 -2.424626334104687 2.7709908400429413 -6.604997667716816 0 0 -2.6970955948345363 -0.14652529871091247 -0.08505258499644697 0 0 2.7285499102436006 0.18991619488224387 -10.100921532604843 0 0 | 1 26
COLL 7 0 0 1.55 1.2938113614916802 | -1.2261184165254235 2.5548977326834574 -3.377891858574003 0 0 2.2451268061995506 0.9274433166719973 -7.38336145831272 0 0 -1.2935601426288486 2.8402934750774875 -13.12582727568224 0 0 -2.4236588557250798 0.6654173019342124 -4.533567640464753 0 0 -2.940478117670864 1.6235151848522946 -6.965135803679004 0 0 1.1066196388565004 0.7771010270807892 -6.008361298823729 0 0 2.44950181664899 2.180830294964835 -5.639001295203343 0 0 | 0
COLL 9 2.2 1.6857660193461925 1.55 1.2028222367633135 | 0.40063153440132737 1.563439135090448 1.3347838860936463 0 0 -2.190022923052311 2.571201454149559 -12.910931184422225 0 0 1.5690239681862295 -0.20734152954537421 0.5597922285087407 0 0 1.2249730643816292 1.6995878493180498 -2.4748845279682428 0 1 -0.6099911509081721 2.645323537872173 -2.7021557555999607 0 0 0.30341255525127053 -0.12919700902421027 -11.957587499637157 0 0 -1.2132464381866157 0.3252928708679974 -12.229883196065202 0 1 -0.8182010762393475 -0.036738385912030935 -0.08139615203253925 0 0 -0.4365594545379281 0.715307864244096 -1.3578621363267303 0 0 | 0
COLL 0 1.4331218213774264 0.498692048387602 1.55 1.7408765432890505 | | 0
COLL 11 -2.2 0 1.55 0.8369872085284442 | -2.711130321957171 -0.36500452377367765 -11.122873338405043 0 0 -1.6270662769675255 1.3697763107484207 -1.079492014599964 0 0 -2.3284039883874357 -0.4765449189580977 -6.796365718357265 1 0 2.42258492577821 2.884556853445247 -8.96426977426745 0 0 -0.6168884611688554 2.4340723739005625 -3.397278746822849 0 0 0.8552036331966519 2.5926205317955464 -11.716539367102087 0 0 -2.6464017019607127 2.457043753704056 -5.536819082219154 0 0 0.06762976152822375 0.4158761356957257 -9.997962570050731 0 0 -1.7012778706848621 2.6061180802062154 -5.959690921707079 0 0 -1.4767543924972415 1.2241227489430457 -13.64513773447834 0 0 -1.9683997104875743 1.6327895367285237 -8.58720509428531 0 0 | 0
COLL 4 0 1.3401688909158112 1.55 1.5077115960419178 | 2.871471564285457 1.9029242062242702 -4.995305088814348 0 0 -2.9401555750519037 0.40956290252506733 -9.470220522023737 0 0 -2.689421782270074 2.7973976789508015 -6.4687708648853 0 0 2.0111795612610877 0.43705897661857307 -4.885254871565849 0 0 | 0
COLL 26 2.2 0 1.55 1.600147245405242 | 1.4243516083806753 0.5610342982690781 -10.43507379712537 0 0 2.892305171582848 2.559258398367092 -5.789329659892246 0 0 0.25181308714672923 2.833196324761957 -2.3763151017483324 0 0 2.668084308039397 1.1661016809521243 -0.4649186013266444 0 0 2.6834979741834104 1.9592577064177021 2.016923603368923 0 1 -2.020752510521561 -0.18217650579754263 -5.6997384710703045 0 0 -0.9151957249268889 0.4904673598939553 -9.025331607088447 0 0 -1.1303396243602037 2.009075286448933 -3.5982272510882467 0 0 -0.547297126147896 1.3168185410322621 1.1627923375926912 1 0 -0.9111439338885248 -0.42602662625722587 2.0050603430718184 0 0 1.259567242115736 2.747846888145432 -2.909044378204271 0 1 -2.770968202035874 -0.38570227893069386 -10.654375055339187 0 0 1.8577896980568767 1.9793120874091983 -11.460009186994284 0 0 -2.59107702691108 1.056781111867167 -1.815278955269605 0 0 -2.9584796740673482 1.3306039350572973 -4.889236487913877 0 0 -2.2767940904013813 2.867741467198357 -7.848235444398597 1 0 -0.7182901832275093 0.9935421805130318 -0.6656800883356482 0 0 1.242523126769811 2.2596830701222643 -9.143691558856517 0 0 1.0531841050833464 1.5139502584934235 -7.765961325028911 0 0 -0.15781038533896208 2.784652933711186 0.7787358982022852 1 0 1.3944738786667585 0.39139839983545244 -10.768167454283684 0 0 2.2153590666130185 0.28714123903773725 -0.15508562955074012 0 0 2.6769651132635772 -0.0052913130493834615 -4.285762195941061 1 0 -2.3103204206563532 1.622275352361612 -7.422300700098276 1 0 0.4781032707542181 1.1817809561034665 -0.3229187563993037 1 0 2.6775236860848963 2.243369995150715 -7.246161159593612 0 0 | 2 3 21
COLL 10 -2.6157227684743702 0.30167782078497113 1.55 1.1297437611036003 | 0.5086043081246316 -0.34758620557840914 -7.890642633428797 0 0 0.9114318285137415 -0.4664197354577482 -0.2869913438335061 0 0 2.834554980508983 0.8524644150165841 2.0323515830095857 0 0 -0.8298551109619439 0.009967426769435406 -1.3809217847883701 0 0 -1.8781746975146234 0.23486094002146274 -2.3266739202663302 1 0 -1.005890832748264 1.6507818698883057 0.3660787735134363 0 0 0.9284126730635762 0.21520162851084024 -11.441889455541968 0 0 2.756174278445542 0.5021646852837875 -2.7748837501276284 0 0 -0.5795944626443088 -0.4007907275808975 -9.675370211480185 0 0 -0.6435851915739477 2.7003894384251907 -1.5560548345092684 0 0 | 0
COLL 23 -2.2 0.21061262036673725 1.55 1.2840444519650192 | -0.42251873575150967 -0.22749676264356822 -1.7488105667289346 0 0 -2.8936110734939575 2.5684741869335994 -7.43215787387453 0 0 -1.2603953070938587 0.646161001175642 2.7357588224112988 0 0 2.9577007116749883 2.742430647020228 -12.62114997417666 0 0 2.046629616525024 2.8519649744266644 -1.3855807583313435 0 0 0.5407918891869485 1.7943865038687363 1.7185956027824432 0 0 1.292555212508887 -0.3020090361824259 -5.010237685870379 0 0 -2.585719304624945 1.9982645182171836 -5.038370731053874 0 0 -0.807943198364228 0.8433502250118181 -1.350161338923499 0 0 -1.4364014700986445 0.9305772413499653 1.5920498175546527 0 0 2.843094720505178 1.7012313021114096 -0.06991144642233849 0 0 -2.5659710518084466 2.474744485341944 -10.663166315061972 0 0 -1.2974370340816677 2.353519127704203 -2.6412253007292747 0 0 0.7330479263328016 2.8777206722879782 -3.255408071214333 0 0 2.9783427002839744 1.967436802573502 -0.9562024211045355 0 0 -1.0307558979839087 2.7593338509323075 -12.776432315120474 0 0 -1.0029630647040904 1.4227739978814498 -13.805660770041868 0 0 -2.2585079572163522 2.1469135128427297 1.9557033982127905 0 0 1.0863246554508805 0.9631590521894395 -2.2005600451957434 0 0 1.81564671266824 0.4535772354574874 -8.362343107583001 0 0 -0.9223656202666461 2.548325950629078 -2.284490677760914 0 0 2.6890508285723627 2.0536243118112907 -13.48196719889529 0 0 2.745367279741913 2.715148512972519 0.48630560864694417 1 1 | 0
COLL 2 0 0 1.55 1.4179227810353041 | 2.0106497635133564 2.905669540632516 -11.66518458048813 0 0 -1.7735411217436194 2.876311034313403 -1.2944208909757435 0 0 | 0
COLL 27 2.2 0 1.55 1.1795998748391867 | -1.3699161470867693 -0.10667144623585045 -1.570903099840507 0 0 -1.6290803155861795 2.3919337675906718 -5.102090382715687 0 0 -1.885258095804602 2.806091510457918 -5.939446443226188 0 1 2.654773104004562 1.9213303427677602 -3.0862540006637573 0 0 1.231207778211683 1.006164802936837 -0.5023737377487123 0 0 -2.0056427135132253 2.661144625628367 -2.0852534908335656 0 0 0.7732472391799092 1.8758360176580027 -0.3060797897633165 0 0 -2.1456366972997785 0.8721810462884605 -7.766049563419074 0 0 -1.7055945759639144 2.8437408733880147 -8.628817239310592 0 0 1.9724319144152105 1.3907638998935 -8.856704793870449 0 0 -2.313365166541189 0.387464951723814 1.64471050305292 0 0 -1.9302508109249175 -0.3986189638962969 1.1429306133650243 0 0 0.3540156316012144 -0.15904894820414484 -2.9773298767395318 0 0 -0.6433681477792561 1.9409515728475526 -0.34898464917205274 0 0 -0.7091223103925586 0.8199116833275184 -10.381112389964983 1 0 0.37156065087765455 1.2884362422628328 1.0250897691585124 0 0 0.9465884487144649 2.4560718138236552 -4.605173456249759 0 0 1.0278858826495707 2.075698320637457 -0.6924199580680579 0 0 -0.04995563579723239 0.9568661737721413 -12.26026538014412 0 0 -2.353528305888176 -0.3835467123426497 -2.3138205043505877 0 0 2.131001649890095 2.5845647791866213 1.6668121041730046 0 0 0.30316882068291306 0.7299637870164588 -3.6661025260109454 0 0 2.8610585345886648 1.1697342041879892 -11.537965008290485 0 0 -0.7910654819570482 1.7569451973540708 0.7764358420390636 0 0 1.3928215708583593 0.173054329585284 0.8139483553823084 0 0 -0.49379049707204103 -0.3040248730685562 -9.34833206771873 0 0 0.3073819032870233 0.30779233505018055 -2.7520332171116024 0 0 | 0
COLL 7 -0.6263249083422124 0 0.75 0.9424253357108683 | -0.8886438170447946 -0.007916915696114302 -2.2671732930466533 0 0 0.4271298134699464 1.027331875404343 -0.7723632825072855 0 0 1.101483765989542 -0.14427301404066384 -3.9546552028041333 0 0 -2.3415070613846183 1.0069233373505995 -7.659826417686418 0 0 1.0740944864228368 1.467162412358448 -11.031515287933871 0 0 -0.31558030704036355 -0.21157566702459008 0.4165642340667546 0 0 -0.8561113080941141 2.208263062988408 -3.084805589634925 0 0 | 1 5
COLL 27 -2.2 0 0.75 1.6178321255836636 | -0.03434436209499836 2.296111841336824 0.40319805149920285 0 0 -1.5811348026618361 2.104278831742704 2.267150179017335 0 1 -0.02518569678068161 1.7050306735327467 -5.226851752027869 0 0 -1.2988037075847387 1.460788720403798 -4.888858273625374 0 0 1.5303837563842535 2.7718130504945293 0.8357676949817687 0 0 1.3518030974082649 -0.37884847132954746 -4.859620073577389 0 0 0.7440793449059129 2.3487919053295627 -1.7924428337719291 0 0 2.067527982406318 1.8863605888327584 -7.871668783016503 0 0 1.6554760267026722 1.4388360822340474 -2.280631917528808 0 0 -2.8616082980297506 0.0263704463141039 -0.6491084531880915 0 0 -2.7097061430104077 2.9028070705244318 -13.088818920077756 1 0 0.20751852309331298 0.7046639433829114 -5.35378305031918 1 0 1.1750627900473773 2.707160013844259 1.3530510179698467 0 0 2.007453768979758 0.49589924805331975 -4.540670539950952 0 0 2.4070441662333906 -0.39750790467951447 -6.546581961447373 0 0 1.896187531761825 1.5109108198666945 -3.7412849948741496 0 0 -1.2593376925215125 0.007057012408040464 2.5503756802063435 0 0 -2.3043436193838716 2.4122032376471907 -9.039608929306269 0 0 -0.2406837148591876 2.9735827759141102 -6.416675767162815 0 0 1.8936323686502874 1.9922076116781682 -7.88894934928976 0 0 -2.8567855870351195 1.0118735134601593 -2.98587050428614 0 0 -0.9105980638414621 1.6111270242836326 -11.706390412524343 0 0 1.2213604836724699 1.8261731257662177 -12.099867761600763 0 0 -0.5544456238858402 1.1846616703551263 -8.990640945034102 0 0 -0.3241618392057717 1.1584852146916091 -10.945211872691289 0 0 -1.0475568361580372 -0.31509652570821345 -4.510883494978771 0 0 2.6701340270228684 2.0774275228613988 -6.813899873523042 0 0 | 1 9
COLL 18 0 1.5594445359427482 0.75 1.700809494080022 | 0.026045741513371468 2.4739908892661333 1.8126776637509465 0 0 2.345108184032142 2.67742121394258 -5.944365188246593 0 0 -1.2211552038788795 0.9534573458367959 -1.3356427573598921 0 0 -0.08498619636520743 2.644077357253991 -2.7040654658339918 0 0 2.1662371773272753 1.8480123663321137 -6.221142653143033 0 0 -2.522036054637283 1.6365266753127798 -4.7711960594169796 0 0 -2.25037750415504 -0.10029052931349725 -1.5789994006045163 0 0 -2.995482580270618 1.0666574446950108 -13.262236251030117 0 0 -2.618953188881278 0.9486436960287392 -12.024063400691375 0 0 2.8625999218784273 0.36606600880622864 -11.962976568378508 0 0 0.6707801311276853 -0.31977108551654965 -2.8145837704651058 0 0 -1.412979909684509 -0.3092006603255868 -2.5739281331188977 0 0 1.274119614623487 2.2135732064489275 -1.3919624129775912 0 0 -1.875411902088672 1.6942273812601343 -0.20552417845465243 0 0 -1.5922910668887198 2.9720885342685506 -4.293563117971644 1 0 2.659259350039065 2.253658323083073 -4.456152193713933 0 0 -0.5805454440414906 0.5106991649372503 -8.958060187054798 0 0 -2.7238904926925898 2.5748598392819986 -2.65937872370705 0 0 | 0
COLL 18 2.2 0.994263379694894 1.55 1.587897611502558 | -0.4731449307873845 -0.19337550399359316 -0.13177723693661392 0 0 -2.1085053621791303 0.24425965815316886 -1.2190996108110994 0 0 -1.5530862710438669 1.8950413557467982 2.2612732520792633 0 0 -0.5333878453820944 -0.1163273841375485 2.3753976938314736 0 0 0.5719443946145475 2.3480187881505117 -3.5139609342440963 0 0 2.750674112699926 -0.4770497605204582 -6.8006388819776475 1 0 -0.40521127497777343 1.0929999018553644 -4.070961962454021 0 0 -1.3661872814409435 -0.11659542913548648 -2.8466609525494277 0 0 0.5369149083271623 1.0477621299214661 -9.170407042605802 0 0 -2.122900349088013 -0.2550810056272894 -6.563167331274599 0 0 2.1368214706890285 2.575325139099732 -6.6352701326832175 0 0 -1.6166686196811497 0.4493919125525281 -11.455069843912497 0 0 -0.16405919333919883 1.2071386785246432 -4.712559862062335 1 0 -0.29919151263311505 1.4120928797638044 1.5366294984705746 0 0 2.2349606221541762 1.7980210545938462 -0.029542060336098075 0 0 2.5390041726641357 0.2719689584337175 -0.6338984472677112 0 1 0.40441285679116845 1.2615318462485448 -0.13954658899456263 0 1 1.7832842669449747 0.9382529546273872 -2.025568209355697 0 0 | 1 14
COLL 5 1.2179240696132183 0.7280900422018022 0.75 0.9137793930247426 | 0.23753612861037254 1.2804753236705437 -12.029950096271932 0 0 -2.4807449178770185 2.1230489735025913 2.292412826558575 0 0 1.5319940010085702 1.5044138120720163 -4.4281228156760335 0 1 -2.867152785882354 2.9903610048349947 -7.0914095235057175 0 0 0.22570106014609337 1.4977071669418365 -1.185367657104507 0 1 | 0
COLL 6 -2.2 1.007741944352165 1.55 1.634123550215736 | -1.9518027598969638 2.8810113704530522 -4.089464396703988 0 0 -0.12277352437376976 1.4202678916044533 -9.671857505803928 0 0 1.635167034342885 1.1500819204375148 -13.84957312559709 0 0 1.684334667865187 0.013162019662559032 -6.057931669522077 0 0 2.901635685469955 0.6561406552791595 -10.467361385002732 0 0 -1.218045067973435 2.8644788010278717 -9.17876360961236 0 0 | 0
COLL 7 0 0 0.75 1.6320904509164393 | 0.3505592253059149 2.5019487044773996 -11.84507457120344 0 0 1.2009867131710052 1.2881557520013303 -8.087775726802647 0 0 2.9151099496521056 1.0370630691759288 -5.137482368387282 0 0 -0.5317739616148174 2.1779039866523817 -13.890227836789563 0 0 -2.1235096896998584 0.48962416395079345 -11.188816745532677 0 0 0.9997692592442036 1.0163625400746241 -7.623623468447477 0 0 0.9387653460726142 0.7490528712514788 -3.0909078049007803 1 0 | 0
COLL 17 2.2 1.7766973192803561 0.75 1.7202512491028756 | -0.36809434136375785 1.7272837484488264 -7.752948353299871 0 0 -2.9833015613257885 0.5126412771642208 -10.249183734413236 0 0 -1.1313998904079199 1.6000363370403647 2.8025325483176857 0 0 2.200668466743082 0.9220281593734398 -9.006205840036273 0 0 -0.6623856383375823 0.885150459012948 -3.2834306412842125 0 0 1.2551269386895 2.9403662028489634 -7.351774556795135 0 0 1.6831016675569117 -0.20064979477319866 0.8058564837556332 0 0 -1.1348515623249114 1.763641376630403 2.650448982603848 0 0 1.7587243113666773 0.4157968655927107 2.7958092563785613 0 0 0.09034823812544346 2.965945206815377 -7.778972151456401 0 0 -1.477292615454644 0.4706253958866 -7.2317945619579405 0 0 2.6253781733103096 2.800320790382102 -11.76340588601306 0 0 -1.0533000924624503 0.5379838830558583 -5.931539020035416 0 0 0.2159616225399077 2.811876440071501 -0.8985094360541552 0 0 1.025296947453171 2.7143422681838274 -8.390671731438488 0 0 -2.3913008412346244 0.5658317281631753 -2.5301265337038785 0 0 -2.728909724391997 0.43225390289444476 2.72849303833209 0 0 | 0
COLL 15 2.6311549181118608 0 1.55 1.0509466700721533 | -2.287474265322089 2.0978821374010295 -12.741999081335962 0 0 -1.4226185674779117 0.6559529128717259 -1.911432055523619 0 0 -0.2427906459197402 -0.2373852066230029 -1.5562431935686618 1 0 0.36910870112478733 -0.19347887579351664 -7.8650526374112815 0 0 2.821637090295553 2.0305361949140206 -2.325706911738962 0 0 -1.6624890491366386 1.2501655655214563 -5.1124418545514345 0 0 2.101975122001022 2.015804880182259 -2.6668688422068954 0 0 -1.6454081595875323 1.2206246413988993 -10.922628647414967 0 0 2.778729001991451 0.46453066705726087 -2.6420774604193866 0 0 1.7785912323743105 0.36415101995225996 -11.028031246969476 0 0 -1.341284568887204 0.585515349986963 -11.402352042729035 0 0 0.49155392311513424 1.1515274143312126 -6.052832267945632 0 1 0.16766294231638312 2.234262004145421 -13.111476451158524 0 0 2.87898185569793 2.234327564248815 -2.7137628700584173 0 0 -1.3029060484841466 1.122301344294101 -11.213719128863886 0 0 | 0
COLL 21 -2.2 0.7856893379241229 1.55 1.0849696814082563 | -2.4138957490213215 0.5171193563146517 0.4900947732385248 0 0 2.5878169862553477 0.9739559392910451 -10.68623045599088 0 0 -0.6145023247227073 2.469736846862361 -11.033948404248804 0 0 -0.7508587734773755 -0.3878719157073647 -8.931863791076466 0 0 2.046672386582941 0.01648483658209443 -3.937864940846339 0 0 -2.5147184911184013 0.6730554683599621 -3.036393935093656 0 0 -1.7827416476793587 0.98342574830167 1.3653743425384164 0 0 -0.664931686129421 1.2907508225180209 -4.009600294055417 0 1 2.1825325582176447 2.3696551632601768 -12.94662448996678 0 0 1.5008425014093518 0.05203495849855244 -8.725308204768226 0 0 -1.5685147535987198 0.8166075180051848 -8.58340517943725 0 0 -2.0890422742813826 0.9004811461782083 1.2418259750120342 0 0 1.8066360242664814 2.6627536363666877 -6.016413118224591 0 0 1.5874867290258408 1.6408260689349845 2.7386673248838633 0 0 1.7570096491836011 1.6766433451557532 -10.440623541828245 0 0 -1.2938850112259388 1.1257784533081576 1.8987053444143385 0 0 -0.11978350533172488 2.2084480493795127 -9.217179223662242 0 0 1.2379880114458501 2.770213963696733 -9.138362989993766 0 0 -0.11784519022330642 1.197345260065049 -5.832244074204937 0 0 2.664221527520567 2.4198814681731164 -9.048117199214175 1 0 -2.8562443843111396 0.4161713782232255 0.10434455098584294 0 1 | 1 0
COLL 6 0 0 0.75 1.5740741975139827 | -2.647453921381384 0.3847180036827922 -10.529876232147217 0 0 -1.1950223031453788 0.016472079209052026 -4.140842856839299 0 0 -2.294301931746304 0.2316911284578964 -5.561266938690096 0 0 2.1123669049702585 0.32558234711177647 -8.25810375623405 1 0 -1.7142575955949724 0.9696671321289614 -8.37458862341009 0 0 -2.074521343689412 1.5961563574383035 -13.74905870645307 1 0 | 0
COLL 26 2.2 1.6511849342845382 1.55 1.102708636270836 | -1.6827840562909842 0.44170198240317404 -12.196052332874388 0 0 0.06832257332280278 1.5897991217207164 -4.548026715638116 0 0 2.7948146830312908 1.6256664267275482 -6.0721366056241095 0 0 1.6969417864456773 1.7454502378823236 0.8084360861685127 0 0 1.2895819363184273 0.6477123417425901 -0.2476293034851551 0 0 1.1153133697807789 0.6476824786514044 -7.287014449713752 0 0 -1.1339905299246311 0.25356910238042474 -12.660447615897283 0 0 1.3519484968855977 2.449037364916876 -3.8603936173021793 0 0 1.8004667200148106 2.962035241886042 2.945386753650382 0 0 -2.4975383444689214 0.7865390481892973 -10.806613213382661 0 0 2.319105540867895 1.7270209555281326 -6.344490157905966 0 0 -0.7379428027197719 2.340725580928847 -3.0405006636865437 0 0 0.956589640583843 1.8053746268851683 -0.9742009192705154 0 0 2.709582293406129 1.4652914309408516 -6.9291894000489265 0 0 2.2516075135208666 2.6759753859369084 -7.25504692341201 0 0 2.4632827481254935 1.451160280732438 -13.770665348507464 0 0 0.801535630133003 -0.1561589651973918 1.909164983779192 0 0 -2.005543769337237 2.353045978699811 -9.229946502950042 0 0 -2.186937751248479 0.6775034301681444 -7.04011611151509 0 0 0.45136750023812056 0.20255841745529324 -8.183471434516832 0 0 0.3352555241435766 1.0610553990118206 -2.674817980034277 0 0 -0.6539100199006498 2.7120886152843013 -9.360176313202828 1 0 -2.696399002801627 1.4949030588613823 -8.960132342530414 0 0 2.8208170258440077 2.238934278138913 -12.783955194987357 1 0 -2.5814921585842967 1.897102770395577 -10.697526153409854 0 0 -0.7793439771048725 1.5780646707862616 -0.6700148205272853 0 0 | 1 3
COLL 12 -2.0242823814041913 1.0235072736628354 0.75 1.1069727774709464 | 2.057610666844994 -0.1154527417384088 -5.935865349136293 0 0 0.06384034221991897 2.2129786101868376 -4.2793575406540185 0 0 1.0801415015012026 1.9909273508237675 -6.448926409939304 0 0 2.0853766542859375 1.2940076278755441 2.7657263458240777 1 0 2.449577967636287 0.22040209686383605 -7.34030428645201 0 0 0.3197503457777202 1.9468999427044764 -8.331718670669943 0 0 -2.61129831103608 -0.20002897479571402 0.9841774238739163 0 0 -0.02750744903460145 2.9413148722378537 -1.507982576964423 0 0 -2.791370927821845 2.695585601730272 -9.48734973766841 0 0 1.498717775568366 1.311678744154051 1.407501082867384 0 0 -2.03258601995185 -0.06104548345319927 -2.0369844157248735 0 0 -0.5248291217721999 2.695630252128467 -5.6513899366836995 0 0 | 0
COLL 6 -2.2 0 1.55 0.8621672042179853 | 2.7782853338867426 0.5614640428684652 -9.671815791167319 0 0 -0.7763212127611041 1.4805846356321126 -7.852669933112338 0 0 0.4023020463064313 0.08234364504460245 2.4443444083444774 0 0 -2.089878202881664 1.9217551115434617 -4.338757540564984 0 0 -2.689955737441778 2.7861720235086977 0.3675986286252737 0 0 2.9620300917886198 -0.34881167369894683 -13.452453319681808 0 0 | 0
COLL 14 0 0 1.55 1.2329652080778033 | 0.9650820074602962 0.2597243885975331 2.4788180862087756 0 0 0.8150602011010051 1.7993061820743605 -13.318399849813432 0 1 0.21614670054987073 0.01259689126163721 1.8924541929736733 0 0 0.14503346476703882 2.5519439399940893 -11.075638896320015 0 0 0.18948314990848303 1.614123263861984 -1.6429953686892986 0 0 0.04536519153043628 0.44700605724938214 -9.379804290598258 1 0 1.3698962205089629 -0.43744018871802837 -7.266495519084856 0 0 1.2593102836981416 1.155479017761536 -12.549670940963551 0 0 -1.0314021944068372 2.1154212199617177 -8.520370072918013 0 0 -0.008197214920073748 1.6607045587152243 -13.56685459241271 0 0 -0.44095457810908556 0.7771060216473415 0.14962214953266084 0 0 0.5612176973372698 1.9024790932890028 1.1955690898466855 0 0 -1.69313353439793 0.7659749834565446 -4.53830019547604 0 0 0.08100885059684515 -0.009380979696288705 -4.601027981610969 0 0 | 1 10
COLL 10 2.2 0.0638412231579423 1.55 1.1682214519940317 | 1.334686206188053 2.0237187452148646 -6.636214568046853 0 0 2.9803718556649983 0.47824315866455436 -2.340488526271656 0 0 -1.0009967889636755 1.1708552883937955 -0.24989362573251128 0 0 0.04997737426310778 1.0477927500614896 1.521785211050883 0 0 -2.3304139212705195 -0.24801504507195204 -2.5792685565538704 0 0 -0.554947298951447 2.4298153709387407 -9.213499980047345 0 0 -2.2926573995500803 0.7694064845563844 -1.543414614861831 0 0 -0.5367580521851778 2.1471228959271684 -1.0898201572708786 0 0 -2.92390111181885 0.5528495662147179 -13.40680911205709 0 0 -1.1281348359771073 -0.4270920946728438 -2.858063163002953 1 0 | 0
COLL 27 1.4003467331640422 0 1.55 1.25753019512631 | 0.31471232045441866 1.0665737243834883 -11.679859341587871 0 0 1.8560021230950952 2.5441859039710835 -7.107966798590496 0 0 -2.4652707274071872 1.0861836842959747 -12.451980205718428 0 1 1.1436496409587562 -0.2880545847583562 -2.017103668767959 0 0 -1.062674037180841 -0.29257132881321013 -7.125239856308326 0 1 -1.655092071276158 2.216783643583767 -2.0550725772045553 0 0 -0.04952317848801613 2.771290147327818 -2.184607915347442 1 0 0.572668353561312 0.21854500146582723 -3.1798215890303254 0 0 -2.406577242538333 -0.4716927036643028 -11.206973786232993 0 0 2.737492569722235 -0.1408216618001461 -11.087240346707404 0 0 2.6388458856381476 2.7070064616855234 -0.4767973537091166 0 0 2.421244033612311 -0.4353749464498833 -3.3889930460136384 0 0 -0.3736115642823279 0.344899095245637 -6.4411132177338 0 0 -0.7743045520037413 0.5791872154222801 -9.974507350940257 0 0 1.5507044862024486 2.747498067910783 -8.352154496591538 0 0 1.5115037485957146 2.566988772363402 -8.105443278560415 0 0 0.3658603155054152 0.6923943795263767 -12.405663355020806 0 0 1.9283424806781113 2.5566336635965854 2.352510765893385 0 0 1.9920167522504926 -0.4272242245497182 -9.826083384687081 0 0 1.0431861514225602 -0.38189827476162463 1.7888304402586073 0 0 -0.25643385713919997 -0.2963522531790659 -2.7537584393285215 0 0 0.5110904001630843 -0.46827289240900427 -9.471174868522212 1 0 0.2363707018084824 0.3843460726784542 -2.0176402712240815 0 0 1.3339732163585722 2.467219340032898 -3.3381045854184777 0 0 -0.43304464034736156 1.6795353116467595 -7.826723353937268 0 0 -2.6548366178758442 2.804380265530199 -4.5636865145061165 0 0 1.9520530980080366 -0.3068235229002312 -5.968722740188241 0 0 | 0
COLL 1 -2.2 0 0.75 1.3306840499397368 | 0.23669610545039177 1.4047346152365208 -4.425629539880902 0 0 | 0
COLL 15 0 0 0.75 1.3996697093360126 | 2.576581289526075 0.286183005082421 0.20566167309880257 0 1 -1.4179919776506722 0.03784546419046819 -3.0977351123001426 0 0 1.382889240514487 1.6272003022022545 -4.205046048387885 0 0 -1.705829365644604 -0.42939637368544936 2.462337610544637 0 0 1.5496418843977153 1.7672787208575755 1.8811351070180535 1 1 -2.400621031410992 0.23351010004989803 2.096416469896212 0 0 -1.9324873541481793 0.4898572592064738 -13.137038657208905 0 0 -2.1674821455962956 2.0655714453896508 -0.23515678150579333 0 1 2.7229556925594807 1.0797243219567463 0.01918309717439115 0 0 2.355176454875618 2.24180488998536 -0.823158964747563 0 0 -1.6508632279001176 1.7105917090084404 -12.139956600032747 0 0 0.7921706652268767 1.2091621999861673 1.3046420589089394 1 0 2.121939687989652 0.7255814904347062 -12.847768808482215 0 0 -2.756542067974806 2.8677926955278963 -8.312245305394754 0 0 -0.7728577251546085 -0.037906495155766606 -4.792209735373035 0 0 | 0
COLL 0 2.2 0.5652158963028342 1.55 1.019657410401851 | | 0
COLL 17 -0.010707026347517967 0.2768975555431098 0.75 0.9486413702368737 | -2.0588376503437757 0.15021576336584985 -10.416779757943004 0 0 -0.8963755946606398 1.3502672428730875 -12.20677766110748 0 0 2.3653120631352067 -0.4116543425479904 2.9357684603892267 0 0 2.29938677418977 1.0472705200081691 -0.9991634145844728 0 0 0.7893227459862828 0.11775092349853367 -12.466992867644876 0 0 -0.2332689519971609 0.9204966340912506 -3.4776514323893934 0 0 -2.880782213062048 2.427324386080727 -12.062663459219038 1 0 0.6157802338711917 1.9801515412982553 2.4754133382812142 1 1 -2.434122566599399 -0.29175845719873905 -7.599852506071329 0 0 0.5627570087090135 2.9331176126142964 -6.351280108559877 0 0 -1.389720678795129 1.005105997202918 -1.655257508624345 0 0 -1.423525613732636 1.1011070808162913 -5.831527650356293 0 0 0.3265907624736428 -0.05690175830386579 -5.804326703073457 0 0 -1.8707692846655846 0.00039064977318048477 1.0402045545633882 0 0 -2.6701369886286557 1.200766407768242 -8.803078374359757 1 0 2.0670244451612234 0.7909067375585437 -8.346751055913046 0 0 2.065691880416125 2.8257704090792686 -10.819387241266668 0 0 | 0
COLL 7 -2.2 0 1.55 1.1882319943513722 | 2.876303665805608 0.1388096483424306 -6.890476768603548 0 0 -0.05159215070307255 1.86355608003214 -6.6344103931915015 0 0 -0.21362650115042925 1.1763526225695387 -9.31803596089594 0 0 2.5707984608598053 0.39452174538746476 2.5212425920180976 0 0 1.5602182382717729 0.7987008234485984 -9.36154313152656 0 0 0.7589813978411257 1.3616456070449203 -0.3546435746829957 0 0 0.2603245675563812 0.4768639615504071 -2.4609249201603234 0 0 | 0
COLL 26 0 0 1.55 1.0402898736763746 | -1.2369279116392136 2.259010508423671 -6.469001753954217 0 0 -0.989939421415329 0.9457515584072098 1.7301788893528283 0 0 -2.197541629895568 -0.351345322211273 -9.359178296756 0 0 -2.405881639569998 1.0924551681382582 -4.175977030303329 0 0 0.6188202844932675 1.5832776284078136 -6.078911784570664 0 0 1.5273776398971677 1.698913145228289 0.8625189799349755 0 0 1.2132102493196726 0.6334244881290942 -7.6740547304507345 0 0 -1.9851814093999565 2.2868090157862753 -9.808838928351179 0 0 -1.3321789666078985 1.9849176404532045 -9.803232250036672 0 0 -2.5445013376884162 1.6408631423255429 -11.666351121850312 0 0 -2.257582670543343 2.9306447056587785 -7.340331035433337 0 0 -0.43781688809394836 1.2709066052921116 -5.372175975237042 0 0 -1.2500662920065224 2.6247199395438656 2.919456865871325 1 0 1.5153073305264115 2.9397456689039245 -5.712201453978196 0 0 -1.058200580533594 2.1130925621837378 -7.794228237820789 0 0 -1.3762525543570518 1.2862211507745087 2.4446156742051244 0 0 2.16806668555364 0.07355743972584605 -12.118494239402935 0 0 -2.3173784874379635 1.3698048553196713 0.10650946898385882 0 0 -0.9080418306402862 0.4444212211528793 -12.099589462159202 0 0 1.9739948124624789 0.7587851561838761 -9.670044674538076 1 0 -1.7813236000947654 0.8482895913766697 -7.505331691354513 0 0 1.5724067324772477 -0.4226480232318863 -10.05955852754414 1 0 -1.8405348099768162 2.5437499734107405 -2.29893409460783 1 0 0.45447258884087205 0.533422834938392 -6.773948536254466 0 0 0.9397575259208679 -0.11600120039656758 -5.359495671698824 0 0 -2.383840121794492 1.2485298274550587 1.8409630411770195 0 0 | 0
COLL 14 2.2 0.9178651234600693 1.55 1.3336333049926907 | -1.6160264681093395 1.1227195400279015 -7.723930197069421 0 0 -2.319921107031405 0.11357155838049948 0.7696470194496214 0 0 -2.3505449574440718 2.265717356465757 -2.988652212312445 0 0 1.0390854687429965 2.158065961091779 -5.576245580567047 0 0 -2.449344376567751 1.8834859350463375 0.7621877782512456 0 0 -2.2965068011544645 0.4844251632457599 -3.9225706863217056 1 1 -2.458617541473359 1.2857860701624304 -9.524468156741932 0 0 2.4189663771539927 2.8285370509838685 -4.966209966922179 0 0 1.269642323255539 1.3928629950387403 -4.166579232085496 0 0 1.1756898444145918 1.00596207275521 -3.4108588856179267 0 0 -2.091824324335903 2.287317049340345 -11.950460724765435 1 0 2.7357775485143065 1.877939470927231 -10.020715669961646 0 0 0.6599125172942877 -0.09554911614395678 -2.852094486821443 0 0 2.240993353072554 2.583354454487562 1.4392561411950737 0 0 | 0
COLL 26 1.2161123072728515 0 1.55 1.4868295916356147 | 1.1748388046398759 1.2545235306024551 -0.008081916254013777 0 0 2.476118663325906 -0.04405108082573861 1.870367418974638 0 0 2.7682462907396257 0.0348935661604628 -2.5486319840420038 0 0 1.3300482616759837 2.716159647447057 2.0879352933261544 0 0 -2.213647613301873 2.7900077952072024 -6.896148320520297 0 0 -0.18151282472535968 2.2574352177325636 -10.899592882255092 0 0 -2.476358121726662 1.003351349500008 -12.898729239590466 0 0 -1.291028451640159 -0.08522742101922631 0.5968176634050906 1 0 1.6980625949800014 2.3621120924362913 -8.956425249576569 0 0 -0.5721643008291721 1.6041689215926453 2.276108372490853 1 0 0.7064755791798234 1.8269727404695004 0.5105713717639446 0 0 -2.4381304406560957 2.1229054724099115 -9.506429186789319 0 0 2.423950143624097 1.3941225303569809 -13.460064643761143 0 0 0.5140916872769594 2.154116169200279 -7.6064830790273845 1 0 -2.6671729828231037 2.28965761535801 -1.563179444288835 0 0 -1.6663962327875197 2.9701498788781464 -11.660939060384408 0 1 1.1472179652191699 0.548079370521009 -3.748970391228795 0 1 -1.1598839540965855 -0.002450239146128297 -1.5270341450814158 0 0 -2.9960175049491227 1.5481073282426223 -11.081227810587734 0 0 0.7597854514606297 1.1554980735527351 -7.371029758360237 0 0 -2.8387560532428324 0.03458447509910911 -4.804785354528576 0 0 -0.4741842686198652 -0.20656957279425114 -11.920580699574202 0 0 2.4296264816075563 0.6322908046422526 -3.501107767689973 1 0 0.3004021793603897 2.8539836129639298 2.793034142581746 0 0 2.7107503144070506 2.67642849474214 -9.346045726444572 0 0 2.262620769906789 1.7159211193211377 0.10518152336589992 0 0 | 2 0 10
COLL 18 -2.2 0 1.55 1.7646541513502598 | -2.1773475045338273 0.5613883045734838 -4.259175830055028 0 0 0.8050617235712707 0.9628391831647605 2.0421969338785857 0 0 -1.2351160375401378 1.0549559347564355 -2.1677243961021304 0 0 2.2268930822610855 0.3403160405578092 -5.93655851110816 0 0 -0.5321075990796089 2.611976370215416 1.9211693906690925 0 0 1.1291224546730518 -0.36948195344302803 0.31772959395311773 0 0 0.22182311676442623 2.6028671617386863 -2.7383401372935623 0 0 2.4282927461899817 2.1757745891809464 -4.69883121852763 0 0 -2.426162706222385 0.27676069375593215 -10.163834455888718 1 0 -2.334978299215436 0.6428048969246447 -0.12254702555947006 1 0 -0.32286392664536834 2.233444580459036 -1.743854702450335 1 0 1.396825744304806 2.428718395764008 -10.566521311411634 0 0 -2.771120559889823 1.846763745881617 -4.494756625965238 1 1 -2.4424471221864223 -0.34540858597029 -12.515184134012088 0 0 -0.5059200385585427 0.8553217846201733 -5.891250173794106 0 0 -1.273689389694482 0.06477015709970146 -2.103645347058773 0 0 2.422049097251147 -0.13598178094252944 -12.195972576737404 0 0 -2.1457932866178453 0.1637363500194624 -12.78563442779705 0 0 | 1 9
COLL 2 0 0 1.55 1.7521774677559734 | -0.9850059784948826 1.7836431341711432 -1.9742406625300646 0 0 1.8852401110343635 0.41686788434162736 -13.376573536777869 0 0 | 0
COLL 5 2.2 0 1.55 1.298389494838193 | -2.971853215713054 1.3754015568410978 -6.3718628322239965 0 0 0.7798912315629423 1.9330186316510662 -0.9504942249041051 0 0 2.5922937719151378 1.0121269325027242 -10.342162049608305 0 0 -2.0339662679471076 0.6335039684781805 -5.307581036584452 0 0 2.6157684777863324 2.378142249537632 -12.53817421454005 1 0 | 0
COLL 17 -1.9040994378738105 0 1.55 1.3026017464697361 | 1.4119744319468737 2.8024612608132884 -0.5387090742588043 1 0 2.7003016881644726 1.7013569950358942 -10.615642399759963 0 0 1.664891411550343 0.1651913628447801 -5.992442682385445 0 0 1.1110671199858189 2.930129961343482 -13.281683389795944 0 0 2.447928966488689 1.215274364571087 -6.0879969981033355 0 0 0.938479692209512 0.1913991989567876 -1.69135098811239 0 0 1.293363768607378 0.8321626265533268 2.5061717100907117 0 0 0.3826421513222158 -0.2662993660196662 -13.257012030109763 0 0 -0.33770951628685 1.5447724947007373 -9.776555884396657 0 0 -1.6985863535664976 2.061813480220735 -1.4616664070636034 0 0 -0.24406913202255964 1.03131736186333 -8.427979214116931 0 0 -0.9364922773092985 0.35284484026487917 -8.986639763694257 0 0 -1.102957230526954 0.4617990873521194 -1.2536520473659039 0 0 1.5650235945358872 1.9334750660927966 -11.145746583119035 0 0 -0.3998944088816643 2.71215072425548 -7.27808707812801 0 0 -0.07298032287508249 2.2867390429601073 -0.9390309802256525 0 0 -2.943239063490182 2.509833509917371 -1.4711705837398767 0 0 | 0
COLL 24 -2.2 1.6556209760718048 1.55 1.534913311433047 | -0.8428042754530907 2.2078710233327 -12.597721591126174 0 0 0.7971860035322607 -0.1674160931725055 -4.743381274864078 0 0 -1.0345230675302446 0.6065701502375305 -5.878697907552123 0 0 0.749289340339601 1.523714029812254 -13.518814652925357 0 1 -2.7136923135258257 1.5277162838028744 -7.313974137650803 1 0 -1.6936841220594943 1.2707174848765135 -6.026075184345245 0 0 -2.0655643162317574 -0.24339212593622506 -2.522967741591856 0 0 2.94720150064677 1.4829464193899184 -0.9891097834333777 0 0 -1.6040608221665025 0.007416708394885063 -4.980608470970765 1 0 2.1302688773721457 2.542401138925925 -8.006369160255417 1 1 -0.831358702853322 0.4453839159104973 2.9327549014706165 0 1 -0.2662590933032334 0.8272196933394298 -9.060049018124118 0 0 1.3429990634322166 1.941860546474345 -4.194512736517936 0 0 1.5877605783753097 0.25978461105842143 -13.877368752844632 0 0 1.7542353286407888 0.2996112130349502 -5.782761692535132 1 0 2.188602536916733 2.511765872593969 -13.195392707828432 1 0 0.9465899742208421 2.679522048914805 0.8293765170965344 0 0 2.6003556735813618 0.14839472924359143 2.508291553007439 0 0 -0.8566496875137091 0.1746338838711381 2.394852178869769 0 0 -2.8829852817580104 0.0991231338120997 -8.657499552937225 0 0 2.881414905656129 0.41969996003899723 -9.284988821484149 0 0 -0.9793107267469168 0.26826090225949883 -5.911275467369705 0 0 -0.03978618001565337 1.869153776555322 -2.9488361477851868 0 0 -0.7261124392971396 1.0996557293692604 -1.9079308323562145 1 0 | 0
COLL 9 0 0 1.55 1.4962529965676368 | -0.1913914061151445 2.4797028806060553 -6.4587300817947835 0 0 -2.431441987864673 2.902132866787724 1.27511041960679 0 0 -0.2573825139552355 1.3938879674533382 1.6540029479656368 0 0 -0.5100469691678882 -0.4282481041736901 -9.081556481542066 0 0 -2.8551391744986176 -0.12375334626995027 1.9548506527207792 0 0 2.175933879800141 1.7737538418732584 -0.2933579022064805 0 0 -0.20676052663475275 0.8098841656465083 -8.514013908570632 0 0 -0.7451577046886086 0.9499965365976095 -1.7404532912187278 0 0 -1.6358550181612372 1.5899909761501476 2.6814866869244725 0 0 | 0
COLL 24 2.2 0 1.55 0.9471154899336398 | -0.26129591139033437 -0.07432069664355367 -13.457207790808752 0 0 -1.5313997017219663 2.7096727510215715 -10.163702341727912 0 0 2.396881819702685 2.910839316318743 -5.333915163297206 0 0 0.8928709281608462 0.652329548378475 -9.707539700902998 0 0 -0.45751911448314786 -0.15804333391133696 -4.357690305681899 0 0 1.7200492406263947 1.4247588707366958 -9.809360826388001 0 0 0.13769553741440177 0.3130579177523032 2.316633095033467 0 0 -0.01904262648895383 1.6190044262912124 -2.8613844183273613 0 0 -0.49568685656413436 -0.20804086257703602 0.5280648849438876 0 0 1.6282253335230052 0.27177596639376134 1.00066207931377 0 0 -1.5389398438856006 1.4719638385577127 -3.1060193723533303 1 0 -0.18560428451746702 0.3637552773579955 -1.3175766267813742 0 0 -2.9909206205047667 2.2120016920380294 1.4606886259280145 0 0 -2.05959402769804 0.08210254414007068 -6.51853774045594 0 0 1.4511466990225017 2.5243220678530633 -8.286914439639077 0 0 2.9323231768794358 2.56527158676181 -13.155215448932722 0 0 -2.8321879925206304 0.11799451150000095 -9.462104640435427 0 0 -1.5063224066980183 0.6466384031809866 -3.2307734072674066 0 0 -2.0813958942890167 1.6795819536782801 2.352371329208836 0 0 1.094653520733118 2.3081443576375023 2.639118204358965 0 1 0.9122313195839524 2.9310644342331216 0.5230542204808444 1 0 2.728129679337144 1.184424706734717 -12.111442229477689 0 0 -1.282720704562962 2.4901869288878515 1.7420735494233668 0 1 -2.882152810692787 1.4958751796511933 -6.3867648132145405 0 0 | 0
COLL 24 -0.21217471919953823 0 1.55 1.237079640571028 | -0.7345822700299323 2.6328534823842347 -2.201256262836978 0 0 2.0984780858270824 -0.06511244841385633 -8.584204624872655 0 0 2.594910290557891 1.4544143284438178 -6.917029712116346 1 0 0.2913668565452099 2.3780599838355556 -13.02997008454986 0 1 1.5048244488425553 1.584098618128337 -13.522195861907676 1 0 2.854322186205536 2.6177592641906813 0.9571524190250784 0 0 1.580481338314712 -0.4417300707427785 -1.2538572244811803 0 0 -2.6825107424519956 1.5680826420430094 0.4625824762042612 0 0 -0.9144483217969537 -0.14380330557469279 -6.957929244963452 0 0 -1.908081001136452 1.281726744142361 -0.35489620571024716 0 0 2.628768757916987 1.1491466880543157 0.606595971621573 0 0 -0.4810740896500647 1.7609051372855902 -11.174178201239556 0 0 -1.8800637940876186 -0.4639905996154994 -12.646877107210457 0 0 -0.06225894810631871 2.8392901482293382 -2.2656431230716407 0 0 -2.772557947319001 1.9025490758940578 -1.2359532343689352 0 0 -0.8152312366291881 -0.3468985322397202 -9.967035261681303 0 0 2.476939915213734 -0.02538146439474076 -4.840791767230257 0 0 -2.8619093522429466 1.1205853655701503 -2.32800980983302 1 0 1.797031732276082 0.6831425256095827 1.2494131110142916 0 0 0.5268210014328361 0.2844170896569267 -3.934781881282106 0 0 -0.7532607461325824 1.704168361495249 1.655592014780268 0 0 -1.528429123107344 -0.04807881859596819 0.8142855279147625 0 1 -1.6420653308741748 -0.099738136283122 -4.463837221963331 0 1 -0.8081083288416266 1.0560902253491804 -12.564003732288256 0 0 | 0
COLL 25 -2.2 1.6984402968082577 1.55 1.7179886914789677 | 1.4288739552721381 1.9761120142647997 -12.320370416389778 0 0 -0.051513046491891146 0.1953456790652126 0.594517670571804 0 0 -1.8377178758382797 -0.41875845624599606 -9.272603002144024 0 0 -0.7728866608813405 1.0081509951269254 -3.086307007819414 0 0 -1.8512826059013605 0.5136144842253998 -3.5681995721533895 1 0 -0.5582677312195301 0.4234295558417216 -11.68033635453321 0 0 2.0189204695634544 1.5607840213924646 -12.365971725899726 0 0 2.853405475616455 0.04545307077933103 -12.985805343370885 0 0 1.1866441969759762 1.3882011257810518 -1.8931779973208904 0 0 -0.18382559716701508 2.793618038063869 -9.310262262821198 0 0 -0.2850741259753704 0.014696199912577868 1.0796349674928933 0 0 -0.06608294136822224 2.4038344090804458 -1.1745962365530431 1 0 -1.5573922502808273 0.6125028274254873 -12.729035051772371 0 0 1.1294313669204712 0.031017745845019817 -8.74852483230643 0 0 -1.6507198638282716 2.3290194398723543 -11.735026970272884 0 0 2.4980137953534722 2.1838665407849476 -5.150162695674226 0 0 1.7465912662446499 1.4061483489349484 -3.2716492665931582 0 0 -0.5616145608946681 2.825411876779981 -6.611900634597987 0 0 1.7570396312512457 0.7888473381754011 -9.648481975542381 0 0 -0.3945110756903887 0.7342698816210032 -9.351797232404351 0 0 -0.4535179194062948 0.5446180161088705 0.4034444207791239 0 0 -1.224375610705465 0.6583949853666127 -9.623882804065943 0 0 -0.8976235943846405 -0.00628105946816504 -5.378550081746653 0 0 2.0422244863584638 0.4357946162344888 1.4666930716484785 0 0 -1.6483604866079986 1.093793197767809 1.2193977972492576 1 0 | 0
COLL 18 0 1.797964135883376 1.55 1.5463301431853325 | -2.458751523401588 1.3639031478669494 -9.92000052658841 1 0 -2.2649122271686792 0.13797306129708886 0.1833387021906674 0 0 -1.4629626665264368 2.3149145524948835 -1.9760659460444003 0 0 1.2874523852951825 -0.4836745001375675 -0.08766671409830451 0 0 -2.52430132124573 1.115238006110303 -2.8404734674841166 0 0 0.13410209817811847 0.04911138175521046 -4.34754233667627 0 0 1.7703454359434545 0.2182696956442669 -2.8592807522509247 0 0 2.2375548435375094 1.0469483757624403 -11.618904314702377 0 0 -0.10845817672088742 1.5845158457523212 -0.5779915840830654 0 0 2.710900919046253 2.5608460267540067 -12.011898955097422 0 0 -1.3478572284802794 -0.3895946769043803 -9.200277940370142 0 0 -2.963158052880317 2.464985326398164 -8.627651984337717 0 0 2.6423131618648767 0.04735159932170063 -5.049587756861001 0 0 -0.9901587897911668 2.0547792325960472 -0.16013263748027384 0 0 -1.0088466885499656 1.415989340050146 0.5448338007554412 0 0 -1.149685394950211 1.713433935190551 -9.330329231452197 0 0 2.0554010714404285 2.0241547083714977 -5.38276205281727 1 0 -1.6238137478940189 2.577131987316534 -12.588225124869496 1 0 | 1 8
COLL 8 2.2 0 1.55 1.5441875988151879 | 0.7702267505228519 1.6722197906346992 2.4202981665730476 0 0 1.5684715448878706 1.0630246036453173 -1.523177363909781 1 0 2.261543767992407 1.1365719015011564 -6.810423265909776 0 0 -1.3670333004556596 -0.11307252151891589 -13.986334369750693 0 0 -2.2642618766985834 1.5701174173736945 -13.651989004341885 0 0 2.6034363666549325 0.781013893079944 -12.36721949186176 1 0 -2.682780875824392 -0.01704176387283951 -4.257682070834562 0 0 -1.3584330137819052 2.6930242341477424 -8.503262539859861 0 0 | 1 1
COLL 11 -2.347924467176199 1.7549594912678004 1.55 1.6173088042531163 | 2.312561722006649 1.2519959099590778 -8.496555670164526 0 0 1.7785698962397873 -0.40363471722230315 2.101925449911505 0 0 -0.5550911966711283 2.313554651569575 -8.92903296672739 0 0 1.3984244680032134 1.3437675931490958 -10.95424011698924 0 1 2.8318216307088733 1.8937519891187549 -12.317361828871071 0 0 -2.435801755171269 1.1594113893806934 -1.5397271977271885 0 0 -2.2546517746523023 1.287525839288719 -3.415206928970292 1 0 2.1112743937410414 2.8253240273334086 -2.5029969909228384 0 0 -0.691783316899091 2.4483516009058803 -4.726662088884041 0 0 -0.7625909736379981 1.6163015109486878 -1.0020456272177398 0 1 1.4159879134967923 -0.3058567234547809 -8.684570808429271 1 0 | 0
COLL 1 -2.2 1.3970135701820254 1.55 1.3667919251136482 | -1.885076718404889 0.779371564858593 -11.431498881429434 0 0 | 0
COLL 15 0 0 1.55 0.9620698512997479 | 1.2395696877501905 2.641418852726929 -13.374453947180882 0 0 -2.647941523231566 2.693291822797619 1.822319345548749 0 0 2.8944095601327717 2.77026413672138 -6.735010667936876 0 0 1.5281422748230398 -0.4298412837088108 -8.442435562144965 0 0 0.7947121881879866 -0.2577509644906968 -10.85047657135874 1 0 0.04670383455231786 2.9947701550554484 -5.155832672258839 0 0 -0.35027831699699163 1.4042011541314423 -6.666818066500127 0 0 -0.8179637817665935 0.6926648024236783 -1.7631612883415073 0 0 1.1477520475164056 1.9447257212596014 -11.528931194916368 0 0 2.0679666423238814 1.231271363911219 -1.1595039293169975 1 0 -1.653873183298856 2.3499417076818645 -12.113617810653523 0 0 -2.5151835652068257 1.6178222004091367 -6.787980074994266 0 0 -2.2691190973855555 1.949279713910073 -1.5603108634240925 0 1 -2.9018894461914897 2.8660058092791587 -9.731743891490623 1 0 1.7489532348699868 1.4790518154622987 -13.801769968820736 0 0 | 0
COLL 1 2.2 0.4113256091717631 1.55 0.9548090521246195 | -1.0882079266011715 -0.0616694848285988 1.146199201932177 0 0 | 0
COLL 19 0.9983276920393109 0 1.55 1.5873265456873924 | -0.3845937503501773 1.8582177978241816 -0.701150088571012 0 1 1.7076646098867059 0.7306105283787474 -0.1332568775396794 0 0 2.569153441116214 1.5880842097103596 -11.006528818281367 1 0 0.06407700106501579 0.27085572748910636 -0.20680034393444657 0 0 1.4056392693892121 2.115294179180637 -12.766574373468757 0 0 -2.0693751694634557 2.3898780287709087 -2.91563463374041 0 0 -2.0654853265732527 1.701317362836562 -10.554612200241536 0 0 -2.867248593829572 1.0342134191887453 -6.757948889164254 0 0 0.574377927929163 0.5322123056976125 -9.927834336645901 0 0 0.4487384604290128 2.839683470549062 -11.272812362527475 0 0 -0.7875893139280379 1.4409054544521496 -3.571462769759819 1 0 -1.539550933521241 2.863392844214104 -10.869960255455226 0 0 -0.73235570685938 1.412593076354824 -4.855374082457274 0 0 1.858860280830413 -0.3878177643055096 0.7063421551138163 0 0 0.5637777987867594 2.8478238455718383 2.5663966971915215 0 0 -1.9523857003077865 -0.13394100137520581 -1.6114151761867106 0 0 0.880448411218822 0.9807365665910766 -5.3716584865469486 0 0 0.8573072883300483 2.661479815724306 -1.187805337132886 0 0 -1.5078594353981316 -0.2307875936385244 2.3332707001827657 0 1 | 1 1
COLL 25 -2.2 0 1.55 1.126232673600316 | -0.8886931068263948 2.512681005289778 -3.9992383688222617 0 0 1.4958969466388226 1.6393280428601429 -8.424582548672333 0 0 -0.31549665704369545 1.7420714262407273 -11.319507312728092 0 0 2.5781987090595067 -0.28501954418607056 -5.555703566176817 0 0 2.224980203434825 -0.3413713586051017 -10.57047796389088 0 0 -2.3375269691459835 -0.3864844701020047 -2.3560114335268736 0 0 2.3214618558995426 -0.0015896221157163382 -10.845967464148998 0 0 -2.9544462002813816 0.5299570343922824 -4.046541828662157 0 0 1.707339837681502 -0.20514170941896737 1.2615395428147167 0 1 -0.37470385897904634 2.667578667169437 0.1873535430058837 0 0 -1.7022060505114496 0.5524015065748245 2.6562855010852218 0 0 -1.8241385235451162 0.12875352089758962 -1.6668188672047108 0 0 2.008270712569356 0.30094188486691564 1.7896357357967645 1 0 2.026446443516761 -0.2110201659379527 -0.6128479489125311 0 1 -1.1158349406905472 1.9467068675439805 -5.8237878733780235 0 0 1.136506830342114 2.0103831824380904 -3.7353128870017827 0 0 2.396743949968368 -0.009221429820172489 -4.061114011099562 0 0 -1.7787726377137005 2.703343649976887 2.391759698977694 1 0 -0.26279485831037164 1.4440484661608934 -5.30231523164548 0 0 -2.336157296318561 1.0470918222563341 -0.8211952182464302 0 0 1.9790976005606353 0.9913652527611703 0.4306764036882669 0 0 -0.2945712385699153 0.1178934695199132 -3.6980041812639683 0 0 0.7250236105173826 0.9047912159003317 -0.6304647931829095 1 0 1.1680336841382086 0.8373084121849388 -8.649316719733179 0 0 0.05588394636288285 -0.1494009963935241 2.238362626871094 0 0 | 1 19
COLL 20 0 0 1.55 1.677718107542023 | -0.03677515871822834 0.3387861084192991 -13.002142586512491 1 0 -2.0563420448452234 0.42817869188729674 -1.894747621845454 0 0 -1.716014008037746 2.2652723144274205 2.2563148150220513 0 0 -0.47434365190565586 2.390636546886526 -1.5311024561524391 0 0 -0.48401941219344735 2.8912190535338596 1.1945791083853692 0 0 -1.36287812422961 0.3101088523399085 -4.509634553454816 0 0 -2.7312029697932303 1.0481657119235024 -10.532171407947317 0 0 1.6446693451143801 0.22505324927624315 -3.1672772667370737 0 0 1.0718369772657752 0.22931711457204074 -13.963725733337924 0 0 -1.4652279275469482 -0.052805626997724175 -4.356517581734806 0 0 0.8486041179858148 1.5552033034618944 -10.684429985936731 0 0 -1.238173333927989 0.2236646815435961 -7.714246377116069 0 0 1.6300339568406343 2.0580903759691864 -11.235359272453934 0 0 2.655200058594346 1.5525557260261849 -4.268196027493104 0 0 1.2746897991746664 -0.19244109059218317 -2.9642257653176785 0 0 1.9828780735842884 0.5674362593563274 -1.2461377170402557 0 0 2.0405411585234106 1.841817437321879 1.8111606624443084 0 0 -2.9007689924910665 1.2576700105564669 -12.222416272154078 1 0 1.0918208719231188 1.8869510689983144 -11.67136017140001 0 0 -1.0173863880336285 1.663470200728625 -2.460107334656641 1 0 | 0
COLL 7 2.2 0.8807426344603301 0.75 1.4488864531274885 | -2.9590097763575613 -0.025084562716074288 -1.3952055389527231 0 0 -2.031354152597487 0.5657436203910038 0.8544246859382838 0 0 2.896674712188542 2.158484054147266 -10.347674793796614 0 0 -0.6357940379530191 1.8897394795203581 -8.72550182021223 1 0 1.4994546524249017 0.12484051880892366 -3.655169974314049 0 0 1.4102171924896538 -0.3956141172675416 2.1864216544199735 1 1 2.2590631493367255 0.5171911064535379 -12.500011773779988 0 0 | 0
COLL 14 -0.71403289726004 0 0.75 1.6851180046331138 | 0.2116361246444285 2.455235058092512 -11.432950276881456 0 0 0.3961208132095635 1.499236632953398 1.6566035323776305 0 0 2.112663036212325 0.525607394403778 -4.022583900485188 0 0 2.9077808554284275 1.4046529843471944 -11.537862291093916 0 0 -2.18045992590487 2.324761745869182 -7.849767518229783 0 0 0.8411843692883849 0.47444926341995597 2.9648434235714376 0 0 2.5273165348917246 -0.21763604099396616 2.4200842063874006 0 0 1.7086450047791004 2.5136964302510023 -11.445388284046203 0 0 0.0998414852656424 1.1561371751595289 -0.8449552245438099 0 0 -1.4430244560353458 1.3784715088550001 -7.87775109289214 0 0 0.6887994585558772 0.7344056753208861 2.7338822931051254 0 0 1.3076023701578379 -0.14094398100860417 -3.808498523430899 0 0 1.2387751266360283 1.4897769736126065 -6.178700878052041 0 0 -1.1696051429025829 2.121136915870011 -12.577084882650524 0 0 | 0
COLL 1 -2.2 0 1.55 1.3494884089566768 | -0.544807537458837 1.8214878694852814 -5.644758223788813 0 0 | 0
COLL 12 0 0.6445555534679442 1.55 1.4890923993196339 | 1.528498356230557 -0.23334938089828938 -0.028351410059258342 0 0 0.41851852275431156 1.6070592598989606 -9.698659723857418 0 0 2.4183833934366703 0.11408102535642684 -7.56132271210663 0 0 -1.443938361480832 2.490978912799619 -11.167631247546524 0 0 -0.36516635958105326 1.9535095372702926 1.4163934052921832 0 0 -0.1523609566502273 1.482320880284533 -11.622808787273243 1 0 -2.303839744068682 0.8503765770001337 -5.945642545120791 1 0 2.652904339134693 2.6531561590963975 0.9255853437352926 0 0 -2.5877404022030532 -0.14596110745333135 -7.256015531020239 0 0 2.9981730664148927 1.8653640886768699 2.4585515570361167 0 0 -0.6539553995244205 1.3263818215345964 -10.833137492183596 1 0 1.5217166226357222 1.8464028487214819 -1.7098587024956942 0 0 | 1 4
COLL 24 2.2 1.5269478575326503 1.55 1.513021382689476 | 2.9491607174277306 -0.09804827941115946 -13.669581248890609 0 0 -0.8840918247587979 1.379093844559975 -7.076584239024669 0 0 -1.0483691836707294 1.5601409202208742 -2.405079637421295 0 0 0.333139771129936 1.3784627217100933 -2.582335360115394 0 0 -0.908992619253695 -0.24765024695079774 -7.092595954425633 0 0 -2.295033969450742 0.16257179051171988 -4.929235045565292 0 0 -2.8962822826579213 0.9910256629809737 -8.496880445862189 0 0 1.7424572096206248 1.5276571060530841 2.4305347262416035 0 0 1.880961845163256 1.2722932930337265 -11.679986147908494 0 0 2.843918179627508 1.586921287351288 -0.6513901634607464 0 0 -1.4978112266398966 -0.07717009237967432 -8.250082133337855 0 0 2.100025827996433 0.6190483482787386 -4.3685082697775215 0 0 -2.085478310007602 0.9239528700709343 -12.872933646896854 0 0 -0.9146962906233966 0.08156870084349066 -10.286801308160648 0 0 -1.5484488629736006 0.8872798890806735 -10.821649046149105 0 0 -1.564440114889294 -0.495779191958718 -0.6397628546692431 0 0 -0.6947429040446877 0.8228738923789933 -0.9845429984852672 0 0 -0.5846932958811522 0.9272027935367078 -12.496036015450954 1 0 2.4587811632081866 0.18948945484589785 -11.407701431307942 0 0 2.841856033075601 0.5986500283470377 -11.621057651238516 0 0 0.6445422316901386 1.5033905974123627 -8.5029657559935 0 0 -2.6307015493512154 0.014351208112202585 -6.539760935585946 0 0 0.3473774855956435 0.3034462782088667 -8.15216628788039 0 0 2.0380662186071277 2.3898896143073216 -5.386277200654149 0 0 | 1 9
COLL 6 2.566698825918138 0.7937115208245814 0.75 1.5160881888121367 | 1.2143534640781581 2.5204681302420795 -9.952475080266595 1 0 -0.3938107006251812 2.968348889844492 -1.147295398171991 0 0 -1.408535934984684 2.9768463352229446 -10.96618633554317 0 0 1.137421022169292 2.9423685155343264 -11.944601949770004 1 0 1.151336318347603 2.1441787134390324 -5.636446854565293 1 0 0.6033798479475081 1.027637063874863 -6.122315893648192 1 0 | 0
COLL 10 -2.2 0.564098060131073 1.55 1.6104223175905645 | 1.4420241038314998 -0.004849917721003294 -2.742310302797705 0 0 -2.411373750306666 2.6768223606050014 2.679182439111173 1 0 -1.2724272008053958 -0.39291369391139597 -0.3570104755926877 0 0 1.157432178966701 -0.04558702697977424 -8.68228192999959 0 0 -1.992829341441393 1.6796551682054996 -1.3699145670980215 0 0 -2.1137065356597304 0.5028167390264571 -13.382405064068735 0 0 -2.61869408050552 -0.4145324939163402 -3.7663530849386007 0 0 2.7663600356318057 0.08543977432418615 -7.853224450023845 0 0 -1.2918917792849243 -0.21540510363411158 -10.220342458691448 0 0 -1.6649829056113958 0.6138341935584322 -10.156930895289406 0 0 | 1 4
COLL 15 0 0 1.55 1.2632382257841528 | -0.6420154091902077 1.0804489464499056 -0.3621958396397531 0 0 -0.8486272785812616 1.6504197145113721 -1.0857502392027527 0 0 -2.14451870508492 0.329972219071351 -8.768011081265286 0 0 0.5740447039715946 0.1804985358612612 1.1468454443383962 0 0 -2.147169646807015 1.1386233750963584 -0.6681284632068127 0 0 1.9662030218169093 1.4982774292584509 -9.311503082280979 0 0 -2.849896273110062 -0.14006281609181315 -4.912553825881332 1 0 0.13410441856831312 0.24885393166914582 -2.228550669271499 0 0 2.4218803360126913 0.16230243921745569 -9.355810850160196 0 0 1.0339542967267334 2.0374707606388256 -3.450926852878183 0 0 2.0474705658853054 -0.1121378269745037 -6.558766605332494 0 0 0.6252715406008065 2.9577564548235387 -9.346409275894985 0 0 2.0594117282889783 2.8735914492281154 -10.278320444282144 0 0 0.2316640061326325 1.1388242326211184 -7.279030318139121 0 0 0.6049652653746307 -0.2893214827636257 -4.67521632486023 0 0 | 2 0 3
COLL 12 2.2 0 1.55 1.711829638760537 | 0.8845275091007352 0.025349311297759414 -1.8695899040903896 0 0 -1.4380096849054098 2.3552786762593314 -8.979704846860841 0 0 -0.9341839933767915 0.3101593122119084 1.142872100463137 0 0 -1.2069002157077193 0.497954823076725 -5.174489504890516 0 1 -1.0779658751562238 2.4312306431820616 2.8593779967632145 0 0 1.9728150400333107 0.48120756715070456 1.573817572556436 0 0 -2.173269349616021 2.5766668358119205 2.660651965532452 0 0 0.6269646515138447 0.4591083051636815 -0.24754204275086522 0 0 1.5763883697800338 1.5489980055717751 -4.591976507101208 0 0 -2.2506686272099614 0.36357820127159357 -12.356807092670351 0 0 -1.797579116653651 1.2441497433464974 -12.925916582811624 0 0 0.8267413359135389 2.7520779778715223 2.8792470355983824 1 0 | 1 5
COLL 26 2.4481700398027897 0 1.55 1.4601453830953688 | -0.38144192984327674 -0.051087332307361066 -9.337390903150663 0 0 -0.3680918226018548 2.194708578637801 -9.499113906407729 0 0 -2.884659286122769 1.9487038173247129 -10.136231399141252 0 0 -1.0539498254656792 -0.3755186282796785 -13.917061783140525 0 0 1.2601252058520913 2.2038471922278404 -6.270688364747912 0 0 -0.29910253873094916 1.991361751803197 2.8431888823397458 0 0 2.33669769577682 0.09797910507768393 -7.829884602222592 0 0 2.286151552107185 2.883623529574834 -11.998967386083677 0 0 2.596961329691112 1.146687459317036 -8.184454200323671 0 0 -0.6675490038469434 2.444955648505129 2.7095020255073905 0 0 2.290673866868019 0.5834126407280564 0.5359625276178122 0 0 -1.7680466417223215 1.2148259365931153 2.535986097762361 0 0 -0.21775034721940756 0.4459119269158691 -10.338994302088395 0 0 0.26713364012539387 0.8273749144282192 -4.961135695455596 0 0 -1.3175592762418091 0.7788318998645991 -4.496486475225538 0 0 0.265416547190398 2.0313655879581347 -1.577740342123434 0 0 -1.7100346754305065 1.6371911922469735 0.6849135651718825 0 0 -2.547685491386801 -0.15052792511414737 -13.646167328814045 1 0 1.461888193152845 0.7843376650707796 -9.3436701730825 0 0 -2.969605808146298 1.782449904596433 -0.07884002919308841 0 0 0.7800287995487452 1.4156870127189904 -6.633576801046729 0 0 0.25434628408402205 -0.132430057390593 -8.710700743598863 0 0 2.631252800580114 0.39109176653437316 2.1753704936709255 0 0 -0.5130745670758188 0.32102460018359125 -9.565151307033375 0 1 2.7521669883280993 2.9238383900374174 -2.6718337705824524 0 0 0.9470438151620328 0.7500949257519096 -10.895614289911464 0 0 | 1 10
OBS 4 -2.2 0 0.42 0.35 1.55 | -2.1369628378655765 -5.390846532769501 0.68 0.62 0 1.05 -2.0811548664700243 -2.0526364827528596 0.95 0.4 0.98 1.3 0.013085392769426107 -1.6447706939652562 0.68 0.62 0 1.05 -1.9843348524998876 -3.748568043112755 0.68 0.62 0 1.05 | -1
OBS 3 0 0 0.42 0.35 1.55 | -2.3860698433592917 -2.1165850004181266 0.95 0.4 0.98 1.3 -2.1709999026265 -0.45439894031733274 0.68 0.62 0 1.05 2.2233097621705387 1.3276281962171197 0.68 0.62 0 1.05 | -1
OBS 4 2.2 0 0.42 0.35 1.55 | -2.1342774874530734 1.8961839033290744 0.68 0.62 0 1.05 -2.395337903965265 2.0115237943828106 0.95 0.4 0.98 1.3 2.2258789505809546 -7.223748183809221 0.68 0.62 0 1.05 -2.065628966782242 -0.9366833698004484 0.68 0.62 0 1.05 | -1
OBS 4 1.1416085050441325 1.784744213311933 0.42 0.35 0.75 | -2.488281733635813 0.09347585402429104 0.68 0.62 0 1.05 2.2701558662578467 -2.9197698831558228 0.68 0.62 0 1.05 -2.348681005416438 -6.892164374701679 0.68 0.62 0 1.05 2.276931590307504 -7.560573817230761 0.68 0.62 0 1.05 | -1
OBS 0 -2.2 1.003826549439691 0.42 0.35 1.55 | | -1
OBS 5 0 1.4767475084867328 0.42 0.35 1.55 | -2.196003996115178 2.185126635245979 0.68 0.62 0 1.05 2.1489424543455247 -3.963808256201446 0.68 0.62 0 1.05 0.14769620918668808 -0.43073534965515137 0.95 0.4 0.98 1.3 -1.9037121592555197 -4.993207406252623 0.68 0.62 0 1.05 1.9724521375261248 -6.164742271415889 0.68 0.62 0 1.05 | -1
OBS 3 2.2 0.30217073978856207 0.42 0.35 1.55 | 2.381160001643002 -6.917192385531962 0.68 0.62 0 1.05 -2.3874446167144927 1.1803312823176384 0.68 0.62 0 1.05 -2.1176982182078063 -4.846375246532261 0.68 0.62 0 1.05 | -1
OBS 3 0.8629720215685666 1.59249125206843 0.42 0.35 0.75 | 0.01291421796195208 -6.054812180809677 0.68 0.62 0 1.05 2.362274496862665 -5.191488408483565 0.68 0.62 0 1.05 2.204770307056606 1.7317825453355908 0.68 0.62 0 1.05 | -1
OBS 6 -2.2 0 0.42 0.35 1.55 | 2.2336117236875 -1.8862517205998302 0.68 0.62 0 1.05 0.16594251170754432 2.113038937561214 0.68 0.62 0 1.05 -2.08978434256278 -2.5172702949494123 0.95 0.4 0.98 1.3 0.02559297373518349 -7.634199772961438 0.95 0.4 0.98 1.3 1.9567626767326147 -6.6513377679511905 0.95 0.4 0.98 1.3 -2.1679918116424233 0.032180555164813995 0.68 0.62 0 1.05 | 5
OBS 4 0 0 0.42 0.35 0.75 | 2.13573057432659 -5.449803702533245 0.68 0.62 0 1.05 0.2531850905623287 3.9932762552052736 0.68 0.62 0 1.05 -2.45395418019034 -2.6076857335865498 0.68 0.62 0 1.05 -2.2655569856055084 0.9092315770685673 0.68 0.62 0 1.05 | -1
OBS 4 2.2 0 0.42 0.35 0.75 | -0.02625680062919855 -3.9675704315304756 0.95 0.4 0.98 1.3 2.001477057347074 1.1170079121366143 0.68 0.62 0 1.05 -2.3696628729347142 -3.230903748422861 0.68 0.62 0 1.05 -0.22970705833286048 -2.861367947421968 0.95 0.4 0.98 1.3 | -1
OBS 8 1.015955989714712 0 0.42 0.35 0.75 | -2.2344437391962857 0.1739224772900343 0.95 0.4 0.98 1.3 -2.3698102448135616 -1.7399224862456322 0.68 0.62 0 1.05 2.368786158692092 -2.264235222712159 0.68 0.62 0 1.05 -0.23782927324064074 -4.145851438865066 0.95 0.4 0.98 1.3 -0.24513403326272964 0.1808669064193964 0.95 0.4 0.98 1.3 -2.16919154166244 2.565431379713118 0.68 0.62 0 1.05 0.00007953979074953876 -3.90052551869303 0.95 0.4 0.98 1.3 -0.2855090354103595 -6.096905288286507 0.95 0.4 0.98 1.3 | -1
OBS 8 -2.2 1.5166299521690234 0.42 0.35 1.55 | -2.2283670973032716 -1.650083445943892 0.95 0.4 0.98 1.3 -0.021258557913824916 2.975821596570313 0.68 0.62 0 1.05 -2.4029938069172205 2.0845752181485295 0.95 0.4 0.98 1.3 0.08353980956599116 -3.9460670333355665 0.68 0.62 0 1.05 0.14038170939311384 2.4302147133275867 0.95 0.4 0.98 1.3 -2.002991796890274 0.569224301725626 0.68 0.62 0 1.05 -0.27975140721537173 2.1197947124019265 0.95 0.4 0.98 1.3 2.1261948383413256 -6.079116897657514 0.95 0.4 0.98 1.3 | -1
OBS 3 0 0 0.42 0.35 1.55 | 2.151003798469901 -5.2617386896163225 0.95 0.4 0.98 1.3 -2.3058590119704605 2.4265516428276896 0.95 0.4 0.98 1.3 -2.1934633011464033 -7.53377590328455 0.68 0.62 0 1.05 | -1
OBS 3 2.2 0 0.42 0.35 0.75 | 2.0033265065401795 -3.2813936760649085 0.95 0.4 0.98 1.3 2.246287801023573 -2.87932007573545 0.95 0.4 0.98 1.3 0.20270686685107647 -2.1183360163122416 0.68 0.62 0 1.05 | -1
OBS 7 0.12661200016736984 0 0.42 0.35 1.55 | 2.032239145739004 -0.5640486618503928 0.68 0.62 0 1.05 2.3908934545703233 -5.530726658180356 0.68 0.62 0 1.05 2.2705675078090284 -4.4324548207223415 0.95 0.4 0.98 1.3 2.3087964342907075 3.209275363944471 0.68 0.62 0 1.05 -2.0297712130937726 3.7961836280301213 0.95 0.4 0.98 1.3 -0.030793802998960007 -3.5952979950234294 0.68 0.62 0 1.05 -2.2683498022146527 -2.739613522775471 0.95 0.4 0.98 1.3 | -1
OBS 5 -2.2 0 0.42 0.35 1.55 | 2.3899566739331934 -5.918856831267476 0.68 0.62 0 1.05 -2.0366893962491304 0.539177056401968 0.95 0.4 0.98 1.3 0.026472667045891296 -1.6642907885834575 0.95 0.4 0.98 1.3 -1.9473500654567035 -3.4480824023485184 0.68 0.62 0 1.05 0.13484933143481614 -5.0762799037620425 0.95 0.4 0.98 1.3 | 1
OBS 0 0 1.26373063926585 0.42 0.35 0.75 | | -1
OBS 7 2.2 1.8643290381412951 0.42 0.35 0.75 | -0.12544746464118361 -6.943237408995628 0.68 0.62 0 1.05 2.1642799720168115 -1.462246342562139 0.68 0.62 0 1.05 -1.9823317954316737 -7.147894625551999 0.68 0.62 0 1.05 -0.27965095192193984 -2.9898611092939973 0.95 0.4 0.98 1.3 -0.11402855878695844 0.0936858095228672 0.95 0.4 0.98 1.3 -1.9816414845176042 -3.4684667075052857 0.95 0.4 0.98 1.3 2.3978026285767555 0.766497578471899 0.95 0.4 0.98 1.3 | -1
OBS 4 -0.6095998263917863 0 0.42 0.35 0.75 | 2.4608765023294836 -2.131375460885465 0.95 0.4 0.98 1.3 1.9842802566941828 -2.6230344204232097 0.68 0.62 0 1.05 2.2552687785122547 0.4059224119409919 0.95 0.4 0.98 1.3 -2.370500716380775 2.413463292643428 0.68 0.62 0 1.05 | -1
OBS 3 -2.2 0 0.42 0.35 1.55 | -0.004155046585947286 -3.6120992600917816 0.68 0.62 0 1.05 0.27536907959729434 -2.3609637040644884 0.68 0.62 0 1.05 2.4649495005607607 -0.9770984956994653 0.95 0.4 0.98 1.3 | -1
OBS 1 0 0.6277651384007186 0.42 0.35 1.55 | 0.10311140203848479 -7.470871941186488 0.95 0.4 0.98 1.3 | -1
OBS 1 2.2 0 0.42 0.35 0.75 | -2.4704070960171522 1.2022900441661477 0.68 0.62 0 1.05 | -1
OBS 1 -0.5069216983392835 1.436300971964374 0.42 0.35 1.55 | 2.424402856035158 2.975850388407707 0.68 0.62 0 1.05 | -1
OBS 6 -2.2 0 0.42 0.35 1.55 | 2.2111632741522045 -5.290937714278698 0.68 0.62 0 1.05 1.9158682446926834 -1.5894881393760443 0.95 0.4 0.98 1.3 -0.19193666190840303 -6.966929844580591 0.68 0.62 0 1.05 -2.2566076781600715 -5.21356947068125 0.95 0.4 0.98 1.3 2.47754983343184 -6.569829300045967 0.68 0.62 0 1.05 2.395194062264636 -6.466463318094611 0.95 0.4 0.98 1.3 | -1
OBS 6 0 0 0.42 0.35 0.75 | -0.1671936288010329 3.218323857523501 0.68 0.62 0 1.05 0.20658112624660135 3.3500307807698846 0.95 0.4 0.98 1.3 -2.22707741339691 -7.754482327029109 0.68 0.62 0 1.05 -2.396215946460143 0.009403876028954983 0.95 0.4 0.98 1.3 -0.21285923891700803 -6.368507312610745 0.95 0.4 0.98 1.3 2.0552244275342675 1.35336275678128 0.95 0.4 0.98 1.3 | -1
OBS 5 2.2 1.2365331597626208 0.42 0.35 1.55 | -2.043091659853235 -1.9041299065575004 0.68 0.62 0 1.05 2.011490088934079 -6.083825359120965 0.68 0.62 0 1.05 -2.3367517068982124 -3.87882321793586 0.95 0.4 0.98 1.3 2.4331306244712323 2.3167665284126997 0.68 0.62 0 1.05 1.992825365997851 0.32707739993929863 0.68 0.62 0 1.05 | -1
OBS 5 -1.3492230302654207 1.2282262394437566 0.42 0.35 1.55 | 2.282404826534912 2.889676684513688 0.95 0.4 0.98 1.3 -0.15032214908860622 -6.573014196939766 0.68 0.62 0 1.05 2.4062794306781146 -3.244297149591148 0.95 0.4 0.98 1.3 2.1713611725717783 -2.4525791462510824 0.68 0.62 0 1.05 2.009925171546638 -6.490661581978202 0.68 0.62 0 1.05 | -1
OBS 2 -2.2 0 0.42 0.35 0.75 | 2.297234631655738 -3.4906337540596724 0.68 0.62 0 1.05 -2.40949339363724 0.35398220270872116 0.68 0.62 0 1.05 | 1
OBS 3 0 0.10921217422001063 0.42 0.35 1.55 | -1.931577247194946 1.7229104405269027 0.95 0.4 0.98 1.3 2.3967990557663144 -1.5185706224292517 0.68 0.62 0 1.05 2.409851282462478 0.22224351204931736 0.68 0.62 0 1.05 | -1
OBS 6 2.2 0 0.42 0.35 1.55 | -1.9666963663417847 -6.305263182148337 0.68 0.62 0 1.05 0.009628912992775462 -0.515007677488029 0.95 0.4 0.98 1.3 0.23202404952608052 -1.9339881651103497 0.68 0.62 0 1.05 0.06685742824338375 0.025111082009971142 0.68 0.62 0 1.05 2.142947876174003 -7.014623896218836 0.68 0.62 0 1.05 -0.14728175648488104 2.8117885254323483 0.68 0.62 0 1.05 | -1
OBS 4 -1.922909853514284 0.5228377471910789 0.42 0.35 0.75 | -0.13989902841858565 -7.515712505206466 0.95 0.4 0.98 1.3 2.276257013203576 0.0010549193248152733 0.68 0.62 0 1.05 -0.2740583782084286 -4.58381665032357 0.95 0.4 0.98 1.3 0.21206502635031937 -2.8272838769480586 0.68 0.62 0 1.05 | -1
OBS 4 -2.2 0 0.42 0.35 1.55 | -0.22253902531228958 0.1782684661448002 0.68 0.62 0 1.05 2.192424893984571 -6.971513996832073 0.68 0.62 0 1.05 -2.213959927717224 -1.3707876335829496 0.95 0.4 0.98 1.3 -2.3468762842938307 -7.607312574982643 0.68 0.62 0 1.05 | -1
OBS 6 0 0.6212685872567817 0.42 0.35 1.55 | -2.3211639838293197 1.9861927470192313 0.68 0.62 0 1.05 -2.282175363833085 1.1670456221327186 0.68 0.62 0 1.05 2.345224581938237 -3.8278064345940948 0.68 0.62 0 1.05 -0.2846005253959447 0.616923164576292 0.68 0.62 0 1.05 -2.0236935167573393 3.886876949109137 0.68 0.62 0 1.05 -0.18963735178112984 -5.661656131967902 0.95 0.4 0.98 1.3 | 3
OBS 7 2.2 0 0.42 0.35 1.55 | 2.3045320400502534 0.46526606567204 0.68 0.62 0 1.05 2.4299205782357607 -3.7436083760112524 0.95 0.4 0.98 1.3 0.04287405079230666 -2.6630828995257616 0.68 0.62 0 1.05 2.1125372745096684 -5.97563786059618 0.68 0.62 0 1.05 -2.199936164682731 0.8181477347388864 0.95 0.4 0.98 1.3 -0.2994087384548038 -4.545020142570138 0.68 0.62 0 1.05 0.07579538393765689 3.4690937818959355 0.68 0.62 0 1.05 | 0
OBS 6 1.9725938318297267 0.23531363632064312 0.42 0.35 1.55 | 1.9383497967384757 1.4524933211505413 0.68 0.62 0 1.05 -0.1598393174819648 1.445858740247786 0.68 0.62 0 1.05 1.928071379149333 -0.3735649138689041 0.95 0.4 0.98 1.3 -0.14275282728485764 -1.726438144221902 0.68 0.62 0 1.05 0.09303400875069201 -4.75081339199096 0.68 0.62 0 1.05 2.3193442278075964 1.94754150044173 0.95 0.4 0.98 1.3 | 2
OBS 2 -2.2 0 0.42 0.35 1.55 | 2.349948567803949 -1.4414600301533937 0.95 0.4 0.98 1.3 2.0028836999554187 -2.7124827886000276 0.68 0.62 0 1.05 | -1
OBS 5 0 0 0.42 0.35 1.55 | 2.2252276558894666 -1.8950540907680988 0.95 0.4 0.98 1.3 2.3752895503770564 3.5660306541249156 0.68 0.62 0 1.05 2.4722395847085865 1.026643443852663 0.95 0.4 0.98 1.3 -2.284326053177938 -7.007998364977539 0.68 0.62 0 1.05 2.4014732670970265 -0.4831005409359932 0.95 0.4 0.98 1.3 | -1
OBS 6 2.2 0.5074293805751949 0.42 0.35 1.55 | 2.078361102147028 1.8231031345203519 0.68 0.62 0 1.05 -2.143033951474354 -1.2550663854926825 0.68 0.62 0 1.05 2.213029062468559 0.07666140981018543 0.68 0.62 0 1.05 -0.2606915335636586 -0.8283707601949573 0.68 0.62 0 1.05 -0.03738472703844309 0.9254080969840288 0.68 0.62 0 1.05 -2.0050057134125385 0.00436991173774004 0.68 0.62 0 1.05 | 2
OBS 6 0.3933931952342391 0 0.42 0.35 0.75 | 1.922609141096473 -0.8713576160371304 0.68 0.62 0 1.05 -2.345139629254118 2.274613185785711 0.68 0.62 0 1.05 2.132788669783622 0.5139465108513832 0.68 0.62 0 1.05 -2.3317567746154966 -5.172706762328744 0.68 0.62 0 1.05 2.083571364823729 -3.969593037851155 0.68 0.62 0 1.05 0.20102430190891024 -7.242605395615101 0.95 0.4 0.98 1.3 | -1
OBS 6 -2.2 0.14356003280263394 0.42 0.35 1.55 | 2.01481528156437 -5.15071621350944 0.68 0.62 0 1.05 1.9156692366581412 1.1307010585442185 0.95 0.4 0.98 1.3 0.18885625577531756 1.4109022421762347 0.68 0.62 0 1.05 -0.08466045297682284 -2.5105568934231997 0.95 0.4 0.98 1.3 2.3054190256167204 -6.126406821422279 0.95 0.4 0.98 1.3 2.2068515077698976 -5.912156173028052 0.68 0.62 0 1.05 | -1
OBS 1 0 0 0.42 0.35 1.55 | 0.20699575887992977 -5.781266309320927 0.68 0.62 0 1.05 | -1
OBS 3 2.2 1.1021192396525292 0.42 0.35 1.55 | -2.2094720945693553 -5.100048094987869 0.68 0.62 0 1.05 0.22654570201411844 0.8585197692736983 0.95 0.4 0.98 1.3 2.3719818946439775 1.576014058664441 0.95 0.4 0.98 1.3 | -1
OBS 2 -0.9840776855126023 0 0.42 0.35 1.55 | -2.426046047266573 -0.48161898367106915 0.95 0.4 0.98 1.3 -2.019501254800707 -6.5295040756464005 0.68 0.62 0 1.05 | -1
OBS 4 -2.2 0 0.42 0.35 1.55 | 0.08050424130633471 -6.817814652808011 0.68 0.62 0 1.05 -0.016868984838947665 -6.6851159911602736 0.95 0.4 0.98 1.3 -2.4424842583015565 -4.859014706686139 0.95 0.4 0.98 1.3 1.9566897031851114 -7.761485342867672 0.68 0.62 0 1.05 | -1
OBS 3 0 1.7329881523270159 0.42 0.35 1.55 | -2.138107562204823 2.929821904748678 0.95 0.4 0.98 1.3 -0.07816622829996048 2.8772024316713214 0.95 0.4 0.98 1.3 -2.0089964244049043 -0.9208858096972108 0.68 0.62 0 1.05 | -1
OBS 2 2.2 0 0.42 0.35 1.55 | 2.255162362568081 -1.3857531053945422 0.95 0.4 0.98 1.3 2.1449072245508436 -5.652642065659165 0.95 0.4 0.98 1.3 | -1
OBS 6 1.980953971389681 1.1698685770854353 0.42 0.35 0.75 | 2.244140862300992 -7.396001898683608 0.95 0.4 0.98 1.3 -0.08865761552006005 -2.1358332224190235 0.95 0.4 0.98 1.3 -0.2860318848397583 1.6762414677068591 0.95 0.4 0.98 1.3 1.9243869352154435 -3.4731291299685836 0.95 0.4 0.98 1.3 2.1169530586339533 1.91584790404886 0.95 0.4 0.98 1.3 2.0858689549844716 -2.0307026179507375 0.68 0.62 0 1.05 | -1
OBS 3 -2.2 0 0.42 0.35 1.55 | -0.04784914143383501 1.664008429273963 0.95 0.4 0.98 1.3 -2.0340703930705786 -0.4126329533755779 0.95 0.4 0.98 1.3 -2.4982451777439567 -4.096665101125836 0.68 0.62 0 1.05 | 1
OBS 1 0 0 0.42 0.35 1.55 | 0.09421223220415414 -7.150107727386057 0.95 0.4 0.98 1.3 | -1
OBS 0 2.2 0 0.42 0.35 1.55 | | -1
OBS 5 1.3633437403477728 1.4730141946114599 0.42 0.35 1.55 | -0.18544335099868475 -0.11473294533789158 0.95 0.4 0.98 1.3 -0.2632491894531995 -1.081698715686798 0.68 0.62 0 1.05 -2.205455448292196 -5.678985289297998 0.68 0.62 0 1.05 2.3438879515510056 -7.6352403946220875 0.95 0.4 0.98 1.3 2.193590934900567 -2.106776986271143 0.68 0.62 0 1.05 | -1
OBS 5 -2.2 0 0.42 0.35 1.55 | -2.0128636147826913 -6.514954307116568 0.68 0.62 0 1.05 0.15687571386806665 -2.526287864893675 0.68 0.62 0 1.05 0.10335759068839251 -0.6348575297743082 0.95 0.4 0.98 1.3 -2.327614978840575 3.405138078145683 0.95 0.4 0.98 1.3 -1.9196235664188863 -4.7967318603768945 0.68 0.62 0 1.05 | -1
OBS 1 0 1.5428357652388511 0.42 0.35 0.75 | -2.4005913657136264 -2.7978407042101026 0.95 0.4 0.98 1.3 | -1
OBS 7 2.2 0 0.42 0.35 1.55 | -2.359813468111679 -5.911570026539266 0.68 0.62 0 1.05 -2.415120010729879 2.773658781312406 0.68 0.62 0 1.05 -2.054877039557323 -3.813291839323938 0.68 0.62 0 1.05 -2.141207164572552 3.5865935888141394 0.95 0.4 0.98 1.3 2.0031007213983685 -0.7340378016233444 0.95 0.4 0.98 1.3 -2.0347065001726152 -7.349543775431812 0.68 0.62 0 1.05 1.9153954680543395 -1.7021868620067835 0.68 0.62 0 1.05 | 4
OBS 1 2.429207084700465 0 0.42 0.35 1.55 | -2.0580214634537697 -7.5046718483790755 0.95 0.4 0.98 1.3 | -1
OBS 0 -2.2 1.8914806726621463 0.42 0.35 0.75 | | -1
OBS 4 0 0.12912768570240588 0.42 0.35 1.55 | 0.18498571738600728 1.3257095785811543 0.95 0.4 0.98 1.3 -2.134044273151085 2.7086404701694846 0.68 0.62 0 1.05 0.038350116508081566 -2.9630773831158876 0.68 0.62 0 1.05 -2.209292944381014 -5.27648545242846 0.68 0.62 0 1.05 | -1
OBS 7 2.2 0.1497381070163101 0.42 0.35 1.55 | 2.2113072799984366 -4.686886896379292 0.68 0.62 0 1.05 -2.286986148776487 -2.559559396468103 0.95 0.4 0.98 1.3 -1.986189724924043 -0.15261993557214737 0.68 0.62 0 1.05 2.1488225030247126 -3.7292608628049493 0.68 0.62 0 1.05 2.3295830321032556 1.9006756506860256 0.68 0.62 0 1.05 0.15622396348044276 -6.194884969852865 0.68 0.62 0 1.05 2.290367516921833 -1.3595076147466898 0.68 0.62 0 1.05 | -1
OBS 2 -1.0000927364453673 0 0.42 0.35 0.75 | 0.17496735644526779 -6.736062338575721 0.95 0.4 0.98 1.3 0.1457732159178704 -2.371590208262205 0.68 0.62 0 1.05 | -1
OBS 1 -2.2 1.412834435631521 0.42 0.35 1.55 | 2.4755155054386706 -2.0049887718632817 0.95 0.4 0.98 1.3 | -1
OBS 7 0 1.1081794983707367 0.42 0.35 1.55 | -0.299223763262853 0.6009834976866841 0.68 0.62 0 1.05 1.9342911303043366 3.0922144278883934 0.68 0.62 0 1.05 -0.09361051465384662 -4.283975698053837 0.95 0.4 0.98 1.3 -2.1696385820861908 -1.9193885745480657 0.68 0.62 0 1.05 -2.2076783844735477 -1.8733078269287944 0.95 0.4 0.98 1.3 -2.004187925485894 -4.625014347024262 0.95 0.4 0.98 1.3 2.356091855047271 -5.7798915430903435 0.68 0.62 0 1.05 | -1
OBS 3 2.2 0 0.42 0.35 0.75 | -2.417330062389374 3.980290999636054 0.68 0.62 0 1.05 2.2394041960127655 -1.8983121057972312 0.68 0.62 0 1.05 -0.2952294699847698 -6.13100506644696 0.68 0.62 0 1.05 | -1
OBS 8 -1.056783582083881 0 0.42 0.35 1.55 | 2.4203986318781974 -1.0817860271781683 0.95 0.4 0.98 1.3 2.047403487144038 3.9092229939997196 0.68 0.62 0 1.05 2.0135766631457956 3.0286669256165624 0.68 0.62 0 1.05 0.07514570904895662 3.5292551070451736 0.68 0.62 0 1.05 -2.2124910134356472 1.594290147535503 0.68 0.62 0 1.05 2.488694095471874 -3.3341566305607557 0.68 0.62 0 1.05 -2.0852765073999766 -1.9772556275129318 0.68 0.62 0 1.05 -1.9251704818103463 1.8701552441343665 0.68 0.62 0 1.05 | -1
OBS 7 -2.2 1.2461071428842843 0.42 0.35 0.75 | -2.0957436558324845 -6.69227577932179 0.68 0.62 0 1.05 2.4361339221242817 -7.850381041876972 0.68 0.62 0 1.05 -2.1053252352401617 -7.356146024540067 0.95 0.4 0.98 1.3 0.050984374433755864 -3.5298033906146884 0.95 0.4 0.98 1.3 -0.057505295891314756 2.1376593532040715 0.68 0.62 0 1.05 2.019191447645426 0.815145356580615 0.68 0.62 0 1.05 2.0697554725687954 0.4164968142285943 0.95 0.4 0.98 1.3 | -1
OBS 1 0 0 0.42 0.35 0.75 | -2.1265375747811053 -4.404356918297708 0.68 0.62 0 1.05 | -1
OBS 4 2.2 0.337570684379898 0.42 0.35 1.55 | 0.011631663842126716 -6.208894267678261 0.95 0.4 0.98 1.3 2.3051144123077396 -5.82162057980895 0.95 0.4 0.98 1.3 -2.025156427640468 3.7057009749114513 0.68 0.62 0 1.05 -2.4570675142109395 -7.305078857578337 0.95 0.4 0.98 1.3 | -1
OBS 0 2.4732284699566662 0 0.42 0.35 0.75 | | -1
OBS 5 -2.2 0 0.42 0.35 1.55 | 2.2101849532220514 2.4120214795693755 0.68 0.62 0 1.05 -0.2781490202061832 -0.3571648681536317 0.68 0.62 0 1.05 -2.3652739230543376 2.286045973189175 0.95 0.4 0.98 1.3 2.12611515452154 -3.4489807412028313 0.95 0.4 0.98 1.3 -1.9234665008261802 -1.7857280811294913 0.95 0.4 0.98 1.3 | -1
OBS 4 0 1.1728547075064852 0.42 0.35 0.75 | -0.0625544148031622 0.24833851121366024 0.95 0.4 0.98 1.3 2.141026202216745 -1.6337676886469126 0.95 0.4 0.98 1.3 0.13546468326821925 -3.1486589582636952 0.95 0.4 0.98 1.3 0.18002548953518271 3.3275652518495917 0.68 0.62 0 1.05 | 0
OBS 3 2.2 0 0.42 0.35 1.55 | -2.3507981846109036 -1.0617220643907785 0.95 0.4 0.98 1.3 2.1316627964843065 1.2408600114285946 0.68 0.62 0 1.05 -0.10647126920521258 0.2993169529363513 0.68 0.62 0 1.05 | -1
OBS 7 2.81079441960901 0.2551421244861558 0.42 0.35 1.55 | 0.06053913594223559 2.4757261285558343 0.68 0.62 0 1.05 -2.4425177201163026 0.9685114696621895 0.68 0.62 0 1.05 -0.22927614622749387 3.968592301942408 0.68 0.62 0 1.05 2.325448509026319 -1.759398148395121 0.68 0.62 0 1.05 -2.1690562725532803 1.8551046652719378 0.95 0.4 0.98 1.3 0.2294619122520089 -4.671877196058631 0.95 0.4 0.98 1.3 -2.041262065712363 -4.209572756662965 0.68 0.62 0 1.05 | -1
OBS 7 -2.2 1.6267575706122441 0.42 0.35 0.75 | 1.9881521483417601 -4.673610936850309 0.68 0.62 0 1.05 1.9651997794862839 -3.137885292991996 0.95 0.4 0.98 1.3 0.1814642221201211 -6.769672124646604 0.95 0.4 0.98 1.3 0.007300146482884906 -5.704479683190584 0.95 0.4 0.98 1.3 -2.2032184063456954 -2.03894171025604 0.95 0.4 0.98 1.3 -0.16048883590847254 2.2215705467388034 0.68 0.62 0 1.05 2.1716264600865545 3.8804654916748405 0.68 0.62 0 1.05 | -1
OBS 6 0 0.4831915060523897 0.42 0.35 1.55 | 1.9143779501318934 -3.5709879836067557 0.95 0.4 0.98 1.3 -2.4200495324563236 -7.118173349648714 0.95 0.4 0.98 1.3 -2.105955835012719 -5.8530927039682865 0.68 0.62 0 1.05 -0.21079990337602794 -6.740138947032392 0.68 0.62 0 1.05 0.01003849636763332 2.525107250548899 0.95 0.4 0.98 1.3 1.9626986804883928 -5.668859022669494 0.68 0.62 0 1.05 | -1
OBS 4 2.2 0 0.42 0.35 1.55 | 2.2609158825129274 -0.6827188339084387 0.95 0.4 0.98 1.3 -2.4533239476848396 -5.652613192796707 0.95 0.4 0.98 1.3 -0.04195357896387575 0.20619660429656506 0.68 0.62 0 1.05 2.3435552370734514 -6.038264929316938 0.95 0.4 0.98 1.3 | 0
OBS 8 -1.20618557324633 0 0.42 0.35 1.55 | 0.2379065018612891 -1.3888146542012691 0.95 0.4 0.98 1.3 2.3333761048037562 -4.510975796729326 0.68 0.62 0 1.05 -2.1244612301234156 -0.8674767920747399 0.95 0.4 0.98 1.3 -0.029281516280025233 -1.8230269523337483 0.68 0.62 0 1.05 -0.28982377219945193 -2.701976388692856 0.95 0.4 0.98 1.3 -0.0766454590950161 -6.079265126027167 0.68 0.62 0 1.05 -1.9861979461740704 -6.004195775836706 0.95 0.4 0.98 1.3 2.322684606490657 -1.511145094409585 0.95 0.4 0.98 1.3 | -1
OBS 2 -2.2 0 0.42 0.35 0.75 | -2.3778000130783767 -6.380541255697608 0.68 0.62 0 1.05 -2.410065237665549 -6.6127587566152215 0.95 0.4 0.98 1.3 | -1
OBS 5 0 0 0.42 0.35 1.55 | 2.3451433485839517 -0.11832247581332922 0.68 0.62 0 1.05 1.9318530309479685 -1.0562394056469202 0.68 0.62 0 1.05 0.042998948693275474 -4.508409783244133 0.68 0.62 0 1.05 -1.9020195857621731 2.096855220384896 0.95 0.4 0.98 1.3 -2.2841046920046213 -2.4642704678699374 0.68 0.62 0 1.05 | -1
OBS 1 2.2 0 0.42 0.35 1.55 | -1.9381566181778909 -7.306633396074176 0.95 0.4 0.98 1.3 | -1
OBS 6 -0.6845755646936595 0 0.42 0.35 0.75 | 0.2584121251478791 3.4033169196918607 0.68 0.62 0 1.05 1.997627368522808 2.5667770551517606 0.68 0.62 0 1.05 1.958794189663604 -6.9700144324451685 0.68 0.62 0 1.05 -0.2532838860992342 -5.822288581170142 0.68 0.62 0 1.05 -2.1527277739252897 3.335530440323055 0.68 0.62 0 1.05 2.489819895848632 0.34139414317905903 0.68 0.62 0 1.05 | -1
OBS 7 -2.2 0 0.42 0.35 1.55 | -2.0731184410396963 -4.278851270675659 0.95 0.4 0.98 1.3 -0.06563513735309243 -4.129770793952048 0.95 0.4 0.98 1.3 -2.3866275700274855 3.684105448424816 0.95 0.4 0.98 1.3 -2.2134232027456164 2.1372177693992853 0.68 0.62 0 1.05 2.16471342202276 -3.7978042364120483 0.95 0.4 0.98 1.3 -2.039952094247565 -0.608826900832355 0.68 0.62 0 1.05 1.9628123280592265 1.204272766597569 0.95 0.4 0.98 1.3 | 5
OBS 4 0 1.2311559830093757 0.42 0.35 1.55 | -0.06238848511129619 3.5876525975763798 0.68 0.62 0 1.05 -0.1905901086051017 2.3628522101789713 0.68 0.62 0 1.05 2.2440343013498936 -6.605217474512756 0.68 0.62 0 1.05 2.1215005047153683 0.7559882393106818 0.68 0.62 0 1.05 | -1
OBS 0 2.2 0 0.42 0.35 1.55 | | -1
OBS 3 -2.716720732860267 1.8236916123190894 0.42 0.35 1.55 | 2.360401238733903 -6.953361663967371 0.68 0.62 0 1.05 0.298423030693084 -2.7594981603324413 0.68 0.62 0 1.05 2.265053127333522 3.622685242444277 0.68 0.62 0 1.05 | -1
OBS 1 -2.2 0 0.42 0.35 0.75 | 0.12164066475816071 -0.6023151651024818 0.68 0.62 0 1.05 | -1
OBS 1 0 0 0.42 0.35 1.55 | -1.9223185434471817 -0.543374041095376 0.68 0.62 0 1.05 | -1
OBS 4 2.2 0 0.42 0.35 1.55 | -2.061476332228631 -2.050208929926157 0.68 0.62 0 1.05 0.19007807867601512 -0.4961536955088377 0.95 0.4 0.98 1.3 2.2515639827586713 3.577161374501884 0.95 0.4 0.98 1.3 -1.9312228582333775 -1.0034081973135471 0.68 0.62 0 1.05 | -1
OBS 4 -2.4485634779557586 1.4132558902492747 0.42 0.35 1.55 | 2.3575880739372224 -2.3202623361721635 0.95 0.4 0.98 1.3 -1.9398701925296338 2.5347667317837477 0.68 0.62 0 1.05 -0.2051348910201341 -5.936781877651811 0.95 0.4 0.98 1.3 -2.0683986109215766 3.573830084875226 0.95 0.4 0.98 1.3 | -1
OBS 3 -2.2 0 0.42 0.35 0.75 | -2.3494015810079873 -6.885947206988931 0.68 0.62 0 1.05 0.05607850123196839 1.792432865127921 0.68 0.62 0 1.05 -0.0018449341412633546 0.6753050144761801 0.68 0.62 0 1.05 | -1
OBS 7 0 0 0.42 0.35 1.55 | -0.008330537332221888 2.7677337396889925 0.95 0.4 0.98 1.3 2.098370818933472 -6.31019682623446 0.95 0.4 0.98 1.3 2.0486557359341533 2.1794422576203942 0.68 0.62 0 1.05 0.06957693127915265 -2.1251819441094995 0.68 0.62 0 1.05 -2.341734962491319 2.8744897628203034 0.95 0.4 0.98 1.3 2.2978518900927156 0.4512030342593789 0.95 0.4 0.98 1.3 2.0081781637389216 2.033983559347689 0.95 0.4 0.98 1.3 | -1
OBS 6 2.2 1.3317699764156714 0.42 0.35 0.75 | 0.07279547285288573 -4.454975318163633 0.95 0.4 0.98 1.3 0.09710539164952936 0.5024026688188314 0.95 0.4 0.98 1.3 2.1001538787037135 0.12273144535720348 0.68 0.62 0 1.05 2.440171912359074 0.6868414608761668 0.68 0.62 0 1.05 2.3016332286875696 -3.63295731600374 0.95 0.4 0.98 1.3 0.08121318533085287 0.617943661287427 0.95 0.4 0.98 1.3 | -1
OBS 4 -2.515061446465552 0.9540698623983189 0.42 0.35 1.55 | 0.22392436950467526 -2.635653386823833 0.68 0.62 0 1.05 0.10195122719742356 -6.950716799125075 0.68 0.62 0 1.05 -2.4330531636718664 -7.70146575011313 0.95 0.4 0.98 1.3 -2.129908401705325 -0.19844208750873804 0.68 0.62 0 1.05 | 3
OBS 8 -2.2 0 0.42 0.35 0.75 | 1.9900355068035425 0.9640651717782021 0.68 0.62 0 1.05 0.2994102071039379 -0.030603816732764244 0.68 0.62 0 1.05 2.056944320583716 1.4268511459231377 0.68 0.62 0 1.05 -2.0077847320120785 1.875072001479566 0.95 0.4 0.98 1.3 2.4560935175046326 -5.495552079752088 0.68 0.62 0 1.05 2.1949310891795903 -3.962018999271095 0.95 0.4 0.98 1.3 -2.3129858909640464 -3.6343398801982403 0.95 0.4 0.98 1.3 2.4155210697092118 -0.2070240918546915 0.68 0.62 0 1.05 | -1
OBS 4 0 0.37683862799312917 0.42 0.35 1.55 | 2.448113476019353 -5.763875810429454 0.68 0.62 0 1.05 -2.0898513486143204 -5.260348618030548 0.68 0.62 0 1.05 -0.23573712045326828 3.2691425066441298 0.68 0.62 0 1.05 2.3796153363306076 -6.376103448681533 0.68 0.62 0 1.05 | -1
OBS 1 2.2 0.1443171073915437 0.42 0.35 0.75 | -1.9682803532574327 2.335370257496834 0.68 0.62 0 1.05 | -1
OBS 7 -2.34507999708876 1.5825578804360703 0.42 0.35 1.55 | 0.1312361984979361 -2.017461239360273 0.68 0.62 0 1.05 0.17083282638341185 -0.28140363935381174 0.95 0.4 0.98 1.3 2.3319582090713085 -2.685183080844581 0.95 0.4 0.98 1.3 -2.0257337260525676 1.4236637568101287 0.68 0.62 0 1.05 2.415148903569207 -6.460790256038308 0.68 0.62 0 1.05 -0.08212577705271543 1.21102056466043 0.68 0.62 0 1.05 2.043236460722983 1.7479728115722537 0.68 0.62 0 1.05 | -1
OBS 1 -2.2 0 0.42 0.35 1.55 | 2.492039741203189 -6.359014810062945 0.68 0.62 0 1.05 | -1
OBS 3 0 0 0.42 0.35 0.75 | 2.0217650637961926 1.2780240625143051 0.95 0.4 0.98 1.3 -2.2018283191137016 -0.48803840670734644 0.95 0.4 0.98 1.3 -2.4627995988354088 -7.690535770729184 0.68 0.62 0 1.05 | -1
OBS 5 2.2 0.3949327926849946 0.42 0.35 1.55 | 0.021843015030026447 1.111220029182732 0.95 0.4 0.98 1.3 -2.1254162872210145 -6.012497109360993 0.68 0.62 0 1.05 1.9101674390956762 -3.1431306712329388 0.95 0.4 0.98 1.3 2.3034021101891997 3.4848642963916063 0.68 0.62 0 1.05 -0.05695415586233138 -0.0023999838158488274 0.68 0.62 0 1.05 | -1
OBS 2 -0.6372853880748153 1.6467165315989405 0.42 0.35 0.75 | -2.007599781826139 -1.6566782211884856 0.68 0.62 0 1.05 -0.1322829754091799 3.8457171553745866 0.68 0.62 0 1.05 | -1
OBS 7 -2.2 0 0.42 0.35 0.75 | -0.17566927070729432 3.9665389033034444 0.95 0.4 0.98 1.3 2.4416995650622995 -6.281957135535777 0.95 0.4 0.98 1.3 2.0864095599390566 -5.449045500718057 0.95 0.4 0.98 1.3 0.017607825994491566 2.9794813646003604 0.68 0.62 0 1.05 0.23282887469977137 -6.944864090532064 0.68 0.62 0 1.05 0.2548818742856383 -7.207000861875713 0.95 0.4 0.98 1.3 2.110499339504168 3.613644194789231 0.95 0.4 0.98 1.3 | -1
OBS 7 0 1.6627156850416211 0.42 0.35 0.75 | 0.02530498746782539 -4.7136128935962915 0.95 0.4 0.98 1.3 -2.411576660210267 -3.118268795311451 0.95 0.4 0.98 1.3 -2.3318607524037365 -5.662367682904005 0.68 0.62 0 1.05 2.409345238050446 2.7448832523077726 0.68 0.62 0 1.05 -2.137451332109049 2.415454028174281 0.68 0.62 0 1.05 -2.247472855867818 -7.96470255125314 0.95 0.4 0.98 1.3 2.3771517406217755 1.4618170345202088 0.95 0.4 0.98 1.3 | -1
OBS 3 2.2 0 0.42 0.35 1.55 | -0.28132536602206526 -7.066986936144531 0.68 0.62 0 1.05 2.2657310922630134 -5.486673227511346 0.68 0.62 0 1.05 2.230383450165391 -2.1586068477481604 0.95 0.4 0.98 1.3 | -1
OBS 8 -0.07078495435416698 1.2769846885232254 0.42 0.35 0.75 | 0.10425148126669226 -3.0992675879970193 0.68 0.62 0 1.05 -2.310576622141525 -3.5913839507848024 0.68 0.62 0 1.05 -2.2969437674619257 -2.3241638941690326 0.68 0.62 0 1.05 0.23558348631486298 3.5273489952087402 0.68 0.62 0 1.05 2.3095717783551666 1.756682863458991 0.68 0.62 0 1.05 2.171238875715062 -4.681841032579541 0.68 0.62 0 1.05 2.2217204357031735 2.6044720942154527 0.68 0.62 0 1.05 2.069442277029157 -4.650530489161611 0.68 0.62 0 1.05 | -1
OBS 0 -2.2 0.9573161404114217 0.42 0.35 1.55 | | -1
OBS 8 0 0 0.42 0.35 0.75 | -2.2187060040887445 2.197054924443364 0.68 0.62 0 1.05 2.3370430660434067 2.9763139160349965 0.68 0.62 0 1.05 2.0403778108302504 2.8314333371818066 0.68 0.62 0 1.05 0.08884508907794952 -7.064913831651211 0.95 0.4 0.98 1.3 -2.3832553077023477 -2.5277571035549045 0.68 0.62 0 1.05 -2.4471659528557215 -6.894196044653654 0.68 0.62 0 1.05 -2.492579949414358 3.5328237637877464 0.68 0.62 0 1.05 2.074385903263465 -0.05866217613220215 0.95 0.4 0.98 1.3 | -1
OBS 3 2.2 0 0.42 0.35 0.75 | 2.090979135083035 3.2574034752324224 0.68 0.62 0 1.05 -2.238171353004873 2.6134633366018534 0.95 0.4 0.98 1.3 -0.2850357469171286 -2.0669976361095905 0.68 0.62 0 1.05 | -1
OBS 6 -0.7732079406268895 0.106791980471462 0.42 0.35 1.55 | -2.252252118429169 -2.2912437096238136 0.68 0.62 0 1.05 -0.08284322116523982 -6.540794842876494 0.68 0.62 0 1.05 -2.382271751854569 -3.9230721117928624 0.95 0.4 0.98 1.3 2.278611848689616 1.513831451535225 0.68 0.62 0 1.05 2.085862581105903 -0.6923938188701868 0.68 0.62 0 1.05 -1.933212677901611 -2.9960295613855124 0.95 0.4 0.98 1.3 | -1
OBS 0 -2.2 0.9350115135777741 0.42 0.35 1.55 | | -1
OBS 2 0 0 0.42 0.35 1.55 | -1.9580556354485454 -4.828338737599552 0.95 0.4 0.98 1.3 0.1484154204837978 -0.1382705755531788 0.68 0.62 0 1.05 | 1
OBS 1 2.2 0 0.42 0.35 1.55 | -1.9089737464208159 -4.4217197904363275 0.95 0.4 0.98 1.3 | -1
OBS 2 -0.664102743845433 0.9407415873836725 0.42 0.35 1.55 | -0.13647089512087404 0.9119977951049805 0.95 0.4 0.98 1.3 -0.2577039510011673 -4.7601190926507115 0.95 0.4 0.98 1.3 | -1
OBS 3 -2.2 0.48292623439338056 0.42 0.35 0.75 | 0.2187572029419243 1.6906611267477274 0.68 0.62 0 1.05 -2.425714886095375 -2.111993103288114 0.68 0.62 0 1.05 2.3201593905221674 -5.374334303662181 0.95 0.4 0.98 1.3 | -1
OBS 3 0 0 0.42 0.35 1.55 | 0.012268576165661238 -0.760436519049108 0.68 0.62 0 1.05 1.9486770926974715 -4.332771958783269 0.95 0.4 0.98 1.3 -2.4192356566432864 -0.21943993121385574 0.95 0.4 0.98 1.3 | 0
OBS 2 2.2 0.14124830975197256 0.42 0.35 1.55 | -2.4115853291936222 -4.965769715607166 0.95 0.4 0.98 1.3 2.2881859221030028 -6.597128437831998 0.68 0.62 0 1.05 | -1
OBS 2 2.832459609489888 1.4262243702076374 0.42 0.35 1.55 | 2.1144540644716474 -4.913149354048073 0.95 0.4 0.98 1.3 2.0937128391582522 0.778044949285686 0.68 0.62 0 1.05 | -1
OBS 7 -2.2 0 0.42 0.35 1.55 | -0.18159476229920984 1.5525055918842554 0.95 0.4 0.98 1.3 -0.038332906225696184 -6.370087320916355 0.95 0.4 0.98 1.3 -2.2015321934595704 -7.073814172297716 0.95 0.4 0.98 1.3 2.259112828690559 -3.42647357378155 0.68 0.62 0 1.05 2.475002162763849 0.010885248892009258 0.95 0.4 0.98 1.3 -2.4757516810670497 -7.068429978564382 0.95 0.4 0.98 1.3 0.06871828632429244 -2.4434899892657995 0.68 0.62 0 1.05 | -1
OBS 0 0 0 0.42 0.35 1.55 | | -1
OBS 7 2.2 0.9909862207015976 0.42 0.35 1.55 | -1.9189924803562464 0.4437038041651249 0.95 0.4 0.98 1.3 -1.9633881388232113 0.8442522697150707 0.68 0.62 0 1.05 2.0267417827621106 1.8772352449595928 0.95 0.4 0.98 1.3 -2.1057360101025555 -5.211601313203573 0.95 0.4 0.98 1.3 -2.271391763072461 -3.2655586544424295 0.68 0.62 0 1.05 2.0610333736520263 3.7898986786603928 0.68 0.62 0 1.05 2.296909942850471 -5.042396867647767 0.95 0.4 0.98 1.3 | -1
OBS 6 1.0463740308769047 0 0.42 0.35 0.75 | 0.15684809116646647 -6.768086436204612 0.95 0.4 0.98 1.3 0.1923598689492792 -1.7602630965411663 0.95 0.4 0.98 1.3 -2.042109035374597 -1.5558946561068296 0.68 0.62 0 1.05 0.20779436537995938 -3.213772996328771 0.95 0.4 0.98 1.3 0.26202625958248976 -0.7163586467504501 0.68 0.62 0 1.05 -2.079027186566964 0.7522879587486386 0.95 0.4 0.98 1.3 | 4
OBS 1 -2.2 1.1173035315237938 0.42 0.35 0.75 | -2.224396017147228 -6.809428041800857 0.68 0.62 0 1.05 | -1
OBS 1 0 0.6259477761108428 0.42 0.35 1.55 | -2.3279135214164857 -4.066332493908703 0.68 0.62 0 1.05 | -1
OBS 6 2.2 0.4487575478386134 0.42 0.35 1.55 | 2.495450543658808 -1.132854244671762 0.95 0.4 0.98 1.3 -0.06633165213279427 -7.357457063160837 0.95 0.4 0.98 1.3 -2.2886928147636354 -0.8929800093173981 0.68 0.62 0 1.05 2.3706836870405823 -3.348596291616559 0.68 0.62 0 1.05 -2.1353085248265415 -1.4940871000289917 0.95 0.4 0.98 1.3 1.9176313693635167 -7.325063415803015 0.95 0.4 0.98 1.3 | -1
OBS 8 2.0860326178371906 0.4516643501119688 0.42 0.35 1.55 | -0.001525293057784427 -5.838963329792023 0.68 0.62 0 1.05 2.149681116687134 -0.8469425514340401 0.95 0.4 0.98 1.3 -0.1821685925591737 2.677540580742061 0.95 0.4 0.98 1.3 -2.255479444935918 -4.310284597799182 0.68 0.62 0 1.05 -2.4734233976341784 1.2279724637046456 0.95 0.4 0.98 1.3 0.04161323430016639 -0.8600756665691733 0.68 0.62 0 1.05 -2.3320091271772982 -4.731728298589587 0.68 0.62 0 1.05 -2.1893523073289547 -2.2923294762149453 0.68 0.62 0 1.05 | -1
OBS 7 -2.2 0.6070181195391342 0.42 0.35 0.75 | 0.2086970267817378 -1.2612647973001003 0.68 0.62 0 1.05 -1.9368173789232972 -1.0101011414080858 0.68 0.62 0 1.05 -2.171813773410395 -6.745797796174884 0.95 0.4 0.98 1.3 -0.27429420542903243 -0.3023464782163501 0.95 0.4 0.98 1.3 -0.011437914613634359 -2.0119445975869894 0.95 0.4 0.98 1.3 2.270827583875507 -3.7679814863950014 0.95 0.4 0.98 1.3 2.2965116500388834 0.12813854403793812 0.68 0.62 0 1.05 | -1
OBS 2 0 0 0.42 0.35 1.55 | 1.9980171489529313 -7.538191889412701 0.95 0.4 0.98 1.3 0.1170172839425504 -1.958087908104062 0.95 0.4 0.98 1.3 | -1
OBS 6 2.2 0 0.42 0.35 1.55 | 2.2448702782858163 -4.585495780222118 0.68 0.62 0 1.05 -2.1752257737796756 -0.5643410896882415 0.95 0.4 0.98 1.3 2.3634657561313364 3.205274318344891 0.95 0.4 0.98 1.3 -2.1593011308927093 -1.3734389301389456 0.68 0.62 0 1.05 -2.088787809154019 -2.600900457240641 0.68 0.62 0 1.05 -0.2058422680478543 -0.8467980781570077 0.68 0.62 0 1.05 | -1
OBS 3 -2.72993033984676 0 0.42 0.35 0.75 | 0.07037286660633979 1.9279106697067618 0.68 0.62 0 1.05 0.18261651573702692 -2.1044464455917478 0.95 0.4 0.98 1.3 -0.07712576924823225 -2.3402166943997145 0.95 0.4 0.98 1.3 | -1
OBS 4 -2.2 0.007950598816387355 0.42 0.35 1.55 | 2.1446404532995076 -4.644571456126869 0.95 0.4 0.98 1.3 -0.21747531294822692 -2.7879242841154337 0.95 0.4 0.98 1.3 -0.14275198909454048 -3.498650019057095 0.95 0.4 0.98 1.3 -1.9995303377043459 3.6715081157162786 0.68 0.62 0 1.05 | -1
OBS 1 0 1.0877563056768849 0.42 0.35 1.55 | 0.23868782697245478 3.2883200915530324 0.95 0.4 0.98 1.3 | -1
OBS 7 2.2 0 0.42 0.35 1.55 | -2.329982000216842 2.9392588436603546 0.95 0.4 0.98 1.3 2.2408684956375513 3.576345798559487 0.68 0.62 0 1.05 -2.201065293652937 -3.003974356688559 0.68 0.62 0 1.05 0.05143625303171573 0.7425455022603273 0.68 0.62 0 1.05 -0.009566410398110736 -5.214494785293937 0.95 0.4 0.98 1.3 2.043036181014031 -7.983579178340733 0.68 0.62 0 1.05 2.236526194121689 -4.96355108730495 0.68 0.62 0 1.05 | -1
OBS 3 -1.307996959425509 0.6348424914525822 0.42 0.35 1.55 | -2.3835434210952373 -0.25012563169002533 0.95 0.4 0.98 1.3 -2.161898085055873 -4.031706142239273 0.95 0.4 0.98 1.3 -2.0694384906440977 2.9223713539540768 0.68 0.62 0 1.05 | 0
OBS 4 -2.2 0 0.42 0.35 0.75 | 0.08768538935109971 -2.8327147075906396 0.95 0.4 0.98 1.3 2.311791686853394 -1.7581143844872713 0.95 0.4 0.98 1.3 -2.4108752318192277 -7.443304691463709 0.95 0.4 0.98 1.3 2.3918517690151933 1.8003924516960979 0.95 0.4 0.98 1.3 | -1
OBS 4 0 0 0.42 0.35 0.75 | 2.3486472141928973 -6.489054718054831 0.68 0.62 0 1.05 -0.213202186441049 -6.7176955519244075 0.95 0.4 0.98 1.3 -1.999592254823074 -6.277622621506453 0.95 0.4 0.98 1.3 0.07997445026412608 -3.974646920338273 0.68 0.62 0 1.05 | -1
OBS 8 2.2 0 0.42 0.35 0.75 | 2.296262820949778 -6.692506608553231 0.68 0.62 0 1.05 -2.3339387353044003 -1.1714869420975447 0.95 0.4 0.98 1.3 1.954538052994758 -3.9523344477638602 0.95 0.4 0.98 1.3 2.2096692291088402 -1.5920862639322877 0.95 0.4 0.98 1.3 -0.06094301906414329 -0.49512479454278946 0.68 0.62 0 1.05 2.149656365066767 -6.789384567178786 0.68 0.62 0 1.05 -0.23335585598833858 -5.048931653611362 0.95 0.4 0.98 1.3 -1.9445999091025443 -3.3359679179266095 0.68 0.62 0 1.05 | -1
OBS 8 -2.2846790025942028 1.886237692227587 0.42 0.35 1.55 | 2.367919736867771 2.2027467591688037 0.68 0.62 0 1.05 2.0486546634696428 -4.726009828969836 0.68 0.62 0 1.05 -0.11866746498271821 -4.5780159598216414 0.68 0.62 0 1.05 -2.0668339093681425 0.10164403263479471 0.95 0.4 0.98 1.3 2.0964166839607064 -3.9532701671123505 0.68 0.62 0 1.05 -2.402700617304072 1.9232834428548813 0.95 0.4 0.98 1.3 -0.26917643677443265 -2.5195941915735602 0.68 0.62 0 1.05 2.2488249483518303 -3.320627361536026 0.68 0.62 0 1.05 | -1
OBS 4 -2.2 0.9175974240060896 0.42 0.35 1.55 | 0.15196940875612197 -4.4829931035637856 0.95 0.4 0.98 1.3 2.1344246598426255 3.7851971574127674 0.68 0.62 0 1.05 2.110219354182482 -3.376798286102712 0.95 0.4 0.98 1.3 -0.250463944254443 -4.698245154693723 0.95 0.4 0.98 1.3 | -1
OBS 5 0 0 0.42 0.35 1.55 | -2.3032279958482835 0.5072591518983245 0.68 0.62 0 1.05 1.9356995624490083 2.649032300338149 0.68 0.62 0 1.05 2.4529264923650773 -0.7907086675986648 0.68 0.62 0 1.05 -2.312381741264835 -3.136512010358274 0.68 0.62 0 1.05 2.462425631005317 -2.891155892983079 0.95 0.4 0.98 1.3 | -1
OBS 5 2.2 0 0.42 0.35 1.55 | 1.998448620270938 -0.9128318512812257 0.95 0.4 0.98 1.3 0.05683681061491369 3.3876354433596134 0.68 0.62 0 1.05 -0.016716647241264593 1.125184548087418 0.68 0.62 0 1.05 -1.9919035620056094 -4.4056306183338165 0.95 0.4 0.98 1.3 -2.2599218625575306 1.5364789376035333 0.95 0.4 0.98 1.3 | -1
OBS 0 2.4818194624967873 0 0.42 0.35 1.55 | | -1
OBS 2 -2.2 0 0.42 0.35 1.55 | -2.093677623989061 -4.007279301062226 0.95 0.4 0.98 1.3 0.21474051950499412 1.9603497805073857 0.95 0.4 0.98 1.3 | -1
OBS 2 0 0.6573023364180699 0.42 0.35 1.55 | 2.250997756002471 -6.224161745049059 0.95 0.4 0.98 1.3 -2.3401234882418067 -7.6640830766409636 0.95 0.4 0.98 1.3 | -1
OBS 8 2.2 0.6864940985338762 0.42 0.35 0.75 | -0.029160964814946067 0.629656451754272 0.68 0.62 0 1.05 0.19489375529810787 -6.250468309037387 0.95 0.4 0.98 1.3 0.23302005110308527 -7.367489265277982 0.68 0.62 0 1.05 -1.9275349525734784 0.7034518476575613 0.95 0.4 0.98 1.3 0.14311449844390156 -4.429602869786322 0.68 0.62 0 1.05 -2.3215050033759326 -3.337766358628869 0.95 0.4 0.98 1.3 -2.1599969698116186 -7.589872293174267 0.68 0.62 0 1.05 0.27203638111241163 1.003789366222918 0.68 0.62 0 1.05 | -1
OBS 8 2.5853843023069203 1.893414630368352 0.42 0.35 0.75 | -0.1471983205061406 -5.496048137545586 0.68 0.62 0 1.05 -2.0886364486068487 -3.5809078067541122 0.68 0.62 0 1.05 -2.1751778907608244 1.6601324724033475 0.68 0.62 0 1.05 2.129092714423314 -1.0111039550974965 0.68 0.62 0 1.05 2.25704876659438 -1.5379565199837089 0.68 0.62 0 1.05 -2.1103800992481414 -2.475552663207054 0.68 0.62 0 1.05 -0.15522416587918997 0.23379652108997107 0.68 0.62 0 1.05 -2.1651042993646117 -7.542741226032376 0.68 0.62 0 1.05 | -1
OBS 3 -2.2 0 0.42 0.35 1.55 | -0.07668569753877819 1.483932194299996 0.68 0.62 0 1.05 1.9372856134083123 0.48836179077625275 0.68 0.62 0 1.05 -1.9571494248695673 -0.24802923947572708 0.68 0.62 0 1.05 | 2
OBS 1 0 0 0.42 0.35 0.75 | 2.1145956751890482 -0.5145326387137175 0.95 0.4 0.98 1.3 | -1
OBS 5 2.2 0 0.42 0.35 1.55 | -1.9152966401074083 -5.197604322806001 0.68 0.62 0 1.05 2.168902808427811 -6.470385716296732 0.95 0.4 0.98 1.3 -2.059720619954169 -2.352481276728213 0.68 0.62 0 1.05 -0.24978296351619064 -5.659007104113698 0.68 0.62 0 1.05 -2.297322988370434 -3.556359746493399 0.68 0.62 0 1.05 | -1
OBS 8 2.7309454162605107 0 0.42 0.35 1.55 | -0.19481206415221095 2.0210897559300065 0.95 0.4 0.98 1.3 -2.241191726131365 -5.519147768616676 0.68 0.62 0 1.05 2.33749024393037 0.804031346924603 0.95 0.4 0.98 1.3 -1.9454425926785919 -6.23181361798197 0.95 0.4 0.98 1.3 -0.29143087710253895 -3.4893030151724815 0.95 0.4 0.98 1.3 -1.9500791555736217 3.0168115785345435 0.68 0.62 0 1.05 -2.471949224546552 -6.701146825216711 0.68 0.62 0 1.05 -0.19451889116317034 1.013283140026033 0.95 0.4 0.98 1.3 | -1
OBS 2 -2.2 0.5134135285625234 0.42 0.35 1.55 | 0.06822326411493124 -2.5114125991240144 0.95 0.4 0.98 1.3 -2.4674306442029774 2.2977562183514237 0.95 0.4 0.98 1.3 | -1
OBS 1 0 0.2733602417865768 0.42 0.35 1.55 | 2.461208311701194 3.7656798120588064 0.95 0.4 0.98 1.3 | -1
OBS 0 2.2 1.631407157285139 0.42 0.35 1.55 | | -1
OBS 4 -2.017323344014585 0 0.42 0.35 1.55 | -0.23415562491863967 0.6519049843773246 0.68 0.62 0 1.05 -2.3800676478538665 -7.196061810478568 0.95 0.4 0.98 1.3 0.15763038690201936 -4.948854107409716 0.68 0.62 0 1.05 0.22256990172900254 -1.0609354563057423 0.68 0.62 0 1.05 | -1
OBS 6 -2.2 0 0.42 0.35 1.55 | 2.4930015415418896 -2.174162168055773 0.95 0.4 0.98 1.3 -0.2979111315216869 -5.255836779251695 0.68 0.62 0 1.05 2.389279649173841 -7.311415475793183 0.95 0.4 0.98 1.3 -2.476208884827793 2.6027388060465455 0.68 0.62 0 1.05 -2.247714501526207 -0.4177112774923444 0.68 0.62 0 1.05 -2.1440315993968397 0.8046244280412793 0.95 0.4 0.98 1.3 | 4
OBS 3 0 0 0.42 0.35 0.75 | 2.3594799904618413 3.502796324901283 0.95 0.4 0.98 1.3 0.007362421508878447 1.8815627405419946 0.68 0.62 0 1.05 -0.21157103748992084 3.96719188708812 0.95 0.4 0.98 1.3 | -1
OBS 1 2.2 0.6298532994231208 0.42 0.35 1.55 | -0.023919910797849275 -0.5824918942525983 0.68 0.62 0 1.05 | -1
OBS 4 -0.5518298554234207 0.906884637242183 0.42 0.35 1.55 | -0.15378691577352582 1.0614974927157164 0.68 0.62 0 1.05 0.06316869459114971 -3.4544611563906074 0.68 0.62 0 1.05 -0.2784798906650394 0.705308168195188 0.68 0.62 0 1.05 0.23069757702760402 -5.988198025152087 0.95 0.4 0.98 1.3 | 2
OBS 2 -2.2 1.4564537388505414 0.42 0.35 1.55 | 0.07604812318459153 -7.255990610457957 0.68 0.62 0 1.05 2.3449548951815817 2.2326954388991 0.95 0.4 0.98 1.3 | -1
OBS 0 0 0.8917892271187156 0.42 0.35 0.75 | | -1
OBS 5 2.2 1.0448171625146643 0.42 0.35 1.55 | 0.15303524346090852 -1.672271916642785 0.95 0.4 0.98 1.3 -1.9341544197872282 1.2672720728442073 0.68 0.62 0 1.05 2.037260490097106 -2.1234930073842406 0.68 0.62 0 1.05 2.3473350261338055 -3.5105772968381643 0.95 0.4 0.98 1.3 -2.3050312305800618 2.8914337353780866 0.68 0.62 0 1.05 | -1
OBS 1 -0.31333443196490407 0 0.42 0.35 1.55 | 2.142439444595948 3.763886693865061 0.95 0.4 0.98 1.3 | -1
OBS 1 -2.2 0 0.42 0.35 0.75 | 0.24510053750127553 -1.7416885616257787 0.95 0.4 0.98 1.3 | -1
OBS 6 0 0 0.42 0.35 1.55 | -0.06098722494207323 1.6923475796356797 0.68 0.62 0 1.05 -2.300966448429972 -0.27313780039548874 0.95 0.4 0.98 1.3 0.16080473042093218 -2.235025600530207 0.95 0.4 0.98 1.3 -2.290762499161065 3.7084495965391397 0.95 0.4 0.98 1.3 -0.22014039787463843 -7.599615219049156 0.68 0.62 0 1.05 2.4823197135701776 -5.681950247846544 0.68 0.62 0 1.05 | -1
OBS 3 2.2 0 0.42 0.35 1.55 | -2.1147386545315388 -2.6383216120302677 0.68 0.62 0 1.05 2.2847512931097302 -3.238623914308846 0.68 0.62 0 1.05 2.1609728989657015 -2.809554095380008 0.95 0.4 0.98 1.3 | -1
OBS 7 2.339587736874819 1.8757763351080938 0.42 0.35 1.55 | -1.9595918730366977 -1.8892512461170554 0.95 0.4 0.98 1.3 -2.448897805903107 3.661181753501296 0.95 0.4 0.98 1.3 -2.4815235923044385 1.7097193086519837 0.95 0.4 0.98 1.3 0.033842639112845074 -4.815911895595491 0.68 0.62 0 1.05 0.22964802486822006 -3.111311223357916 0.68 0.62 0 1.05 0.08060330771841107 -2.6913793608546257 0.95 0.4 0.98 1.3 0.2967780203092843 -3.3424161383882165 0.68 0.62 0 1.05 | -1
OBS 6 -2.2 0.732534212176688 0.42 0.35 1.55 | -0.2161384449340403 -7.508121867664158 0.95 0.4 0.98 1.3 2.250797141576186 -5.709350940771401 0.68 0.62 0 1.05 0.1268120205961168 -6.81829540245235 0.68 0.62 0 1.05 2.4843565079383554 3.6338606299832463 0.95 0.4 0.98 1.3 -2.1734148380346596 -6.300508399493992 0.95 0.4 0.98 1.3 -2.4524172907695174 -7.648288221098483 0.68 0.62 0 1.05 | -1
OBS 2 0 0 0.42 0.35 1.55 | 0.08721144441515205 3.7849845057353377 0.68 0.62 0 1.05 0.23098985860124227 -2.3255280181765556 0.95 0.4 0.98 1.3 | -1
OBS 6 2.2 0 0.42 0.35 0.75 | 1.9026242436841132 -2.2778656305745244 0.68 0.62 0 1.05 2.3994206349831075 -1.906009922735393 0.68 0.62 0 1.05 2.424384433310479 0.9224869422614574 0.68 0.62 0 1.05 2.4632885642815383 0.7081572776660323 0.68 0.62 0 1.05 1.9970908634364606 -5.160974687896669 0.68 0.62 0 1.05 2.3913585289381447 -0.7494923882186413 0.68 0.62 0 1.05 | 2
OBS 7 2.3076649149879813 0 0.42 0.35 1.55 | 2.165450946101919 -3.735414333641529 0.95 0.4 0.98 1.3 -2.3953211254905913 -2.9674808606505394 0.95 0.4 0.98 1.3 -2.1009469875134528 -2.814531121402979 0.68 0.62 0 1.05 2.3142323798500004 2.659680957905948 0.95 0.4 0.98 1.3 -0.22037692121230065 2.2504609106108546 0.68 0.62 0 1.05 2.1859120261389764 -5.073929576203227 0.68 0.62 0 1.05 -1.950602502608672 1.8422828149050474 0.68 0.62 0 1.05 | -1
OBS 1 -2.2 0.19288318299222737 0.42 0.35 0.75 | 1.927895931247622 -4.838086326606572 0.68 0.62 0 1.05 | -1
OBS 2 0 0 0.42 0.35 1.55 | -2.4913899919949474 -5.135859239846468 0.68 0.62 0 1.05 -2.1742547080852095 -6.6392421536147594 0.68 0.62 0 1.05 | -1
OBS 5 2.2 1.1915842299582435 0.42 0.35 1.55 | 2.189130836771801 0.7133409874513745 0.68 0.62 0 1.05 -0.24194655921310185 -2.7338463878259063 0.95 0.4 0.98 1.3 -1.9365683947689833 -4.876390506513417 0.68 0.62 0 1.05 0.09960420420393346 0.5231195176020265 0.95 0.4 0.98 1.3 -1.9348275598138573 -5.612919349223375 0.95 0.4 0.98 1.3 | -1
OBS 3 2.9573557642288506 0 0.42 0.35 1.55 | 2.3508985337335617 -6.6888137040659785 0.68 0.62 0 1.05 0.019325728202238657 2.2032308727502823 0.95 0.4 0.98 1.3 -1.900970084173605 2.7797565208747983 0.68 0.62 0 1.05 | -1
OBS 6 -2.2 0.49960078746080394 0.42 0.35 1.55 | 2.4327383927535267 2.2125855265185237 0.95 0.4 0.98 1.3 2.123755262931809 -0.7027525855228305 0.68 0.62 0 1.05 -2.465307632321492 -5.828186837024987 0.68 0.62 0 1.05 0.1829488952178508 -4.770915048196912 0.68 0.62 0 1.05 1.990377104841173 -3.804530627094209 0.68 0.62 0 1.05 -0.009820132283493876 -2.9960807664319873 0.95 0.4 0.98 1.3 | -1
OBS 5 0 0 0.42 0.35 1.55 | 2.4284924286417664 0.8921551089733839 0.68 0.62 0 1.05 -0.07442504963837565 -1.3715000785887241 0.68 0.62 0 1.05 2.1957670534029603 -7.0525353057309985 0.68 0.62 0 1.05 -1.9469631616957488 -6.233794499188662 0.68 0.62 0 1.05 -2.234443422360346 -1.1053531281650066 0.68 0.62 0 1.05 | -1
OBS 7 2.2 0.25071144646499305 0.42 0.35 1.55 | -2.428476349916309 -2.7684970749542117 0.68 0.62 0 1.05 2.4946533802431077 -4.42757651116699 0.95 0.4 0.98 1.3 -1.917493860051036 -6.510759684257209 0.68 0.62 0 1.05 -0.08616130552254617 -5.850984596647322 0.68 0.62 0 1.05 1.9639191660564395 -2.567792017944157 0.68 0.62 0 1.05 -2.4038782422896476 -4.0568910874426365 0.95 0.4 0.98 1.3 0.20195151907391845 0.05525609664618969 0.68 0.62 0 1.05 | -1
OBS 5 2.5611272896640003 1.4560432273428887 0.42 0.35 1.55 | 0.20516996048390862 -2.2990525728091598 0.68 0.62 0 1.05 0.18899024748243393 -1.7472815429791808 0.68 0.62 0 1.05 -2.3366119531914595 -3.014773120172322 0.95 0.4 0.98 1.3 -1.9002861520275476 3.1727481922134757 0.68 0.62 0 1.05 0.1932410785462707 0.1725271949544549 0.95 0.4 0.98 1.3 | -1
OBS 4 -2.2 0 0.42 0.35 1.55 | 2.1489797117654237 0.21084135491400957 0.95 0.4 0.98 1.3 -2.3604241812601687 -2.099608888849616 0.68 0.62 0 1.05 -2.03417606651783 -1.6528213359415531 0.68 0.62 0 1.05 -2.493996764160693 -2.0375611828640103 0.95 0.4 0.98 1.3 | -1
OBS 3 0 1.500280913384631 0.42 0.35 1.55 | 2.4977246239781383 -5.816538282670081 0.95 0.4 0.98 1.3 1.9975224560126663 0.1430519726127386 0.95 0.4 0.98 1.3 -2.1466979406308386 -1.6652706945315003 0.95 0.4 0.98 1.3 | -1
OBS 7 2.2 0 0.42 0.35 1.55 | 2.3432611494790763 -6.467176212929189 0.68 0.62 0 1.05 -2.0562778621912003 -2.404987865127623 0.95 0.4 0.98 1.3 0.14827731759287416 -2.5272022802382708 0.68 0.62 0 1.05 -2.050237191375345 2.467736822552979 0.68 0.62 0 1.05 -0.009611447481438495 -2.5898773772642016 0.68 0.62 0 1.05 -2.2963539882563055 0.44581982120871544 0.68 0.62 0 1.05 0.026304564205929637 -2.996253880672157 0.95 0.4 0.98 1.3 | -1
OBS 7 2.135919007938355 0 0.42 0.35 1.55 | 2.3841588236391544 -4.506697667762637 0.95 0.4 0.98 1.3 2.3091627974994484 2.84743080008775 0.68 0.62 0 1.05 -2.2969712257385257 -6.1425353437662125 0.68 0.62 0 1.05 2.03432290670462 -2.4251868156716228 0.95 0.4 0.98 1.3 2.327342811739072 -5.377125913277268 0.68 0.62 0 1.05 -2.0996432880871 -4.954978434368968 0.68 0.62 0 1.05 0.1745784446597099 -3.005101379007101 0.95 0.4 0.98 1.3 | -1
OBS 2 -2.2 0.5525927169481292 0.42 0.35 1.55 | -0.2499843638855964 -2.5220785345882177 0.68 0.62 0 1.05 -1.995895119989291 -4.4603960905224085 0.68 0.62 0 1.05 | -1
OBS 0 0 0 0.42 0.35 1.55 | | -1
OBS 0 2.2 0 0.42 0.35 0.75 | | -1
OBS 6 -2.185674433596432 1.7450744973728431 0.42 0.35 1.55 | -1.9748920177575202 0.5099391900002956 0.68 0.62 0 1.05 -2.458416445599869 1.312153018079698 0.95 0.4 0.98 1.3 2.429849883308634 -3.219256177544594 0.95 0.4 0.98 1.3 -2.2249655751511455 -0.34999371133744717 0.68 0.62 0 1.05 -0.16712686093524098 -5.803954964503646 0.95 0.4 0.98 1.3 2.4086734940297903 -5.301150677725673 0.68 0.62 0 1.05 | -1
OBS 7 -2.2 0.23360719019547105 0.42 0.35 1.55 | 2.2285782244522125 -5.075373398140073 0.95 0.4 0.98 1.3 2.3256577358581128 -7.226658280007541 0.95 0.4 0.98 1.3 -0.15100599112920463 3.616997710429132 0.95 0.4 0.98 1.3 2.3474545200821013 -1.91276097856462 0.68 0.62 0 1.05 2.2398641666397454 -6.6162886610254645 0.68 0.62 0 1.05 -0.163069663150236 -5.037678716704249 0.68 0.62 0 1.05 2.2883327840827405 -5.54219476133585 0.68 0.62 0 1.05 | -1
OBS 6 0 0 0.42 0.35 1.55 | 0.2613942487165332 -6.702483378350735 0.95 0.4 0.98 1.3 1.9741054483689369 -7.293420490808785 0.95 0.4 0.98 1.3 -0.28072730102576315 -2.6074573155492544 0.68 0.62 0 1.05 -2.1620259776711466 3.4407792324200273 0.68 0.62 0 1.05 -1.9648450034204872 -7.924861202947795 0.68 0.62 0 1.05 -2.347296061879024 1.8162254309281707 0.95 0.4 0.98 1.3 | -1
OBS 7 2.2 0.011836973344907164 0.42 0.35 1.55 | -0.0081145165488124 -2.809109130874276 0.95 0.4 0.98 1.3 -0.1264009508304298 -0.1020955303683877 0.68 0.62 0 1.05 2.050449410825968 -5.135538863949478 0.95 0.4 0.98 1.3 0.13143265033140777 -7.5749441822990775 0.68 0.62 0 1.05 -0.22800861387513577 -0.486461091786623 0.68 0.62 0 1.05 -2.368425113940612 -0.3999312100932002 0.95 0.4 0.98 1.3 -0.22691604592837394 3.343658964149654 0.68 0.62 0 1.05 | -1
OBS 0 1.8737867935560644 1.01113983518444 0.42 0.35 1.55 | | -1
OBS 2 -2.2 0.3328256417764351 0.42 0.35 1.55 | -0.22225381569005548 -0.06482948549091816 0.68 0.62 0 1.05 2.0640081365127116 -1.7751794755458832 0.68 0.62 0 1.05 | -1
OBS 2 0 0 0.42 0.35 1.55 | -2.2354636016767473 -7.159500655718148 0.95 0.4 0.98 1.3 -2.238197251548991 0.9343608021736145 0.95 0.4 0.98 1.3 | -1
OBS 3 2.2 0.6875491958111525 0.42 0.35 1.55 | -2.4493903117254376 3.207923226058483 0.95 0.4 0.98 1.3 -2.470516570378095 -1.0701161352917552 0.68 0.62 0 1.05 0.21242607026360932 -1.914562906138599 0.68 0.62 0 1.05 | -1
OBS 6 2.3977146819233894 0 0.42 0.35 1.55 | 0.10970582817681135 -0.7070393785834312 0.95 0.4 0.98 1.3 -0.2887045115232468 0.5053451471030712 0.68 0.62 0 1.05 -0.011667204648256324 -5.99186075758189 0.95 0.4 0.98 1.3 -0.005585542274639033 1.778929085470736 0.68 0.62 0 1.05 -2.336696226662025 2.023494051769376 0.68 0.62 0 1.05 -2.278268747357652 -7.253211014904082 0.95 0.4 0.98 1.3 | -1
OBS 8 -2.2 1.780968866427429 0.42 0.35 0.75 | -2.37000737907365 -0.12470716144889593 0.95 0.4 0.98 1.3 2.2676018507685516 -4.59269286505878 0.68 0.62 0 1.05 2.190442727552727 2.2019864870235324 0.68 0.62 0 1.05 -2.0235631525982174 -5.018700598739088 0.68 0.62 0 1.05 2.0633788528386505 -6.958631858229637 0.68 0.62 0 1.05 0.11324478881433608 3.5521892737597227 0.95 0.4 0.98 1.3 -0.10859529082663358 1.9966027243062854 0.95 0.4 0.98 1.3 1.9236811594106258 -2.834539718925953 0.95 0.4 0.98 1.3 | -1
OBS 5 0 0 0.42 0.35 0.75 | 0.15885172490961846 -7.966814251616597 0.95 0.4 0.98 1.3 -2.150240761693567 -2.3790583359077573 0.95 0.4 0.98 1.3 2.3695271679665897 1.864220730960369 0.68 0.62 0 1.05 -1.9826142753474416 -7.469227962195873 0.95 0.4 0.98 1.3 -2.2827345108147714 -7.125915445387363 0.68 0.62 0 1.05 | -1
OBS 0 2.2 0 0.42 0.35 1.55 | | -1
OBS 7 1.739821422379464 0 0.42 0.35 1.55 | -0.2612095939926803 -3.9610920334234834 0.95 0.4 0.98 1.3 0.25099946293048564 -6.22207809612155 0.68 0.62 0 1.05 -0.2665876214392483 2.5704150022938848 0.68 0.62 0 1.05 1.9878983490634712 1.7753835432231426 0.68 0.62 0 1.05 2.481811024947092 -4.488736146129668 0.95 0.4 0.98 1.3 0.04879480032250283 3.9453878607600927 0.68 0.62 0 1.05 -2.2074286694172773 -6.041543586179614 0.68 0.62 0 1.05 | -1
OBS 0 -2.2 0 0.42 0.35 1.55 | | -1
OBS 1 0 1.0839487788733095 0.42 0.35 1.55 | 1.969125348562375 -5.961078033782542 0.95 0.4 0.98 1.3 | -1
OBS 1 2.2 0.2744874980300665 0.42 0.35 0.75 | 0.106097261980176 -7.578687825240195 0.68 0.62 0 1.05 | -1
OBS 8 1.9394005257636309 0.6235549876932055 0.42 0.35 1.55 | 0.1735380440019071 -5.299964685924351 0.95 0.4 0.98 1.3 0.18949864441528913 0.7551132692024112 0.95 0.4 0.98 1.3 -0.26685967384837567 -1.5684663094580173 0.68 0.62 0 1.05 2.0937956259585917 -3.018136842176318 0.68 0.62 0 1.05 -2.0771689697634432 -1.680047090165317 0.68 0.62 0 1.05 2.1589491826016456 0.7547108735889196 0.95 0.4 0.98 1.3 1.947653370909393 -5.881097204051912 0.68 0.62 0 1.05 2.404000926250592 -6.406286279670894 0.95 0.4 0.98 1.3 | -1
OBS 5 -2.2 0 0.42 0.35 1.55 | -0.27699621892534193 -0.19172336347401142 0.95 0.4 0.98 1.3 0.007480084570124723 2.3413866255432367 0.95 0.4 0.98 1.3 -2.166193598508835 3.0647956524044275 0.68 0.62 0 1.05 2.3948016362264752 -6.333917053416371 0.68 0.62 0 1.05 -0.24493304388597606 -5.066479651257396 0.95 0.4 0.98 1.3 | -1
OBS 6 0 0.23271411836612968 0.42 0.35 1.55 | -0.07314427876845003 2.9337212555110455 0.68 0.62 0 1.05 -2.374411986907944 -7.450041741132736 0.95 0.4 0.98 1.3 0.1197090065572411 -6.991766035556793 0.95 0.4 0.98 1.3 -2.192990469187498 3.0443292101845145 0.68 0.62 0 1.05 1.9862255508545787 -2.1316790729761124 0.95 0.4 0.98 1.3 0.1409304565284401 -3.167083286680281 0.68 0.62 0 1.05 | -1
OBS 6 2.2 0 0.42 0.35 0.75 | -0.2635028174612671 -2.751002131961286 0.68 0.62 0 1.05 1.938951778318733 -0.6996234534308314 0.68 0.62 0 1.05 0.11926802569068967 -2.392015495337546 0.68 0.62 0 1.05 2.190242177946493 -2.2349684219807386 0.68 0.62 0 1.05 -0.07211761800572275 -4.613997265696526 0.68 0.62 0 1.05 1.9513080909382554 3.600311618298292 0.68 0.62 0 1.05 | 1
OBS 0 1.3179011810570955 0 0.42 0.35 1.55 | | -1
OBS 7 -2.2 0 0.42 0.35 1.55 | -2.3782096231356267 -1.1546590840443969 0.68 0.62 0 1.05 1.9461676212958994 1.1584017844870687 0.95 0.4 0.98 1.3 2.0064059495925903 -5.63802585657686 0.68 0.62 0 1.05 2.1385376160033047 -0.2763619748875499 0.95 0.4 0.98 1.3 -2.0800730991642924 -2.91799393389374 0.68 0.62 0 1.05 -2.4646027185954154 2.912182245403528 0.68 0.62 0 1.05 -1.9226269498467448 -7.3050033282488585 0.68 0.62 0 1.05 | -1
OBS 4 0 0 0.42 0.35 1.55 | 2.014125813031569 -4.988288450054824 0.68 0.62 0 1.05 0.12187342727556827 -3.1907065408304334 0.68 0.62 0 1.05 2.112944327527657 0.07355075981467962 0.95 0.4 0.98 1.3 1.9984754257369788 -2.004127746447921 0.68 0.62 0 1.05 | -1
OBS 2 2.2 0.9348984240088611 0.42 0.35 1.55 | 0.23031427133828403 3.4033894147723913 0.68 0.62 0 1.05 -0.09106120029464362 -7.496737223118544 0.68 0.62 0 1.05 | -1
OBS 4 -1.9064130107872188 0 0.42 0.35 1.55 | -2.3825519313570114 -6.159099613316357 0.68 0.62 0 1.05 2.2197473362553866 -0.21047742757946253 0.95 0.4 0.98 1.3 0.24008184252306813 -0.7429753383621573 0.68 0.62 0 1.05 -2.0769582482986153 -6.899320991709828 0.68 0.62 0 1.05 | -1
OBS 6 -2.2 1.2263832904398442 0.42 0.35 1.55 | -2.4838124802336097 0.619274883531034 0.68 0.62 0 1.05 1.9126098494045438 1.755746847949922 0.68 0.62 0 1.05 -1.935558093385771 -7.639501930214465 0.68 0.62 0 1.05 -2.337833454785869 -3.7321686623618007 0.68 0.62 0 1.05 0.11196933123283087 0.4185236170887947 0.68 0.62 0 1.05 2.238252314645797 -2.778315309435129 0.68 0.62 0 1.05 | -1
OBS 7 0 0 0.42 0.35 0.75 | -2.0207718817517164 0.6905605364590883 0.95 0.4 0.98 1.3 -2.440973397204653 1.4634268460795283 0.95 0.4 0.98 1.3 0.29467828483320774 3.5127343144267797 0.95 0.4 0.98 1.3 -2.274161152681336 -3.1398830888792872 0.68 0.62 0 1.05 -2.0737910316325725 -0.10052712820470333 0.68 0.62 0 1.05 0.25049267127178604 -4.121611782349646 0.68 0.62 0 1.05 2.0753135743085296 -6.249097865074873 0.95 0.4 0.98 1.3 | -1
OBS 4 2.2 0.33975712282117454 0.42 0.35 1.55 | 0.06401920518837867 -1.5795598197728395 0.68 0.62 0 1.05 2.1742524011060596 -7.098986642435193 0.95 0.4 0.98 1.3 -2.063319859048352 -0.256726648658514 0.68 0.62 0 1.05 1.9481056910939516 3.7974414192140102 0.68 0.62 0 1.05 | -1
OBS 5 1.1016468680463731 1.1720873104641214 0.42 0.35 1.55 | 2.2930646439082922 -3.2348009981215 0.68 0.62 0 1.05 -2.0923156706150623 -4.067939477972686 0.68 0.62 0 1.05 -2.2610669977497313 -1.4616469107568264 0.95 0.4 0.98 1.3 -2.3906976324971767 -4.843160876072943 0.68 0.62 0 1.05 0.2104043768718839 -4.492620373144746 0.95 0.4 0.98 1.3 | -1
OBS 5 -2.2 0 0.42 0.35 0.75 | -1.9497521081008018 3.875631229020655 0.95 0.4 0.98 1.3 0.1852307952940464 0.779992931522429 0.95 0.4 0.98 1.3 -0.2934634179342538 -1.782544419169426 0.68 0.62 0 1.05 -2.1754308353643865 2.17176316305995 0.95 0.4 0.98 1.3 -0.21969372024759648 -4.922594795003533 0.68 0.62 0 1.05 | -1
OBS 0 0 0.2076929163187742 0.42 0.35 1.55 | | -1
OBS 2 2.2 0 0.42 0.35 1.55 | -0.04246372771449386 0.7732540406286716 0.68 0.62 0 1.05 -2.4226150564383717 -2.69903077557683 0.95 0.4 0.98 1.3 | -1
OBS 1 1.6878697802312672 0 0.42 0.35 1.55 | -0.16764888055622576 -6.03658264502883 0.68 0.62 0 1.05 | -1
OBS 1 -2.2 0.3061345831491053 0.42 0.35 1.55 | -2.0925828831736 1.5801920490339398 0.68 0.62 0 1.05 | -1
OBS 2 0 0 0.42 0.35 1.55 | -0.28342126482166347 2.665693238377571 0.68 0.62 0 1.05 2.351410367107019 -0.470534416846931 0.95 0.4 0.98 1.3 | -1
OBS 7 2.2 0 0.42 0.35 1.55 | -2.3143308456987146 0.9954919023439288 0.95 0.4 0.98 1.3 -2.1254223302938047 -6.262451371178031 0.95 0.4 0.98 1.3 1.922888352768496 -0.3492796514183283 0.68 0.62 0 1.05 2.264152806857601 2.4555869745090604 0.68 0.62 0 1.05 2.3318082974758 1.5745571916922927 0.95 0.4 0.98 1.3 -0.271601788373664 -2.9650204619392753 0.95 0.4 0.98 1.3 2.40924254716374 -3.6602815967053175 0.68 0.62 0 1.05 | 2
OBS 6 2.5318465819582343 0.9290291377576068 0.42 0.35 0.75 | -2.0693251254037026 1.9124241648241878 0.95 0.4 0.98 1.3 0.09827988571487367 -2.8412273321300745 0.68 0.62 0 1.05 -2.180852126143873 -5.442333023995161 0.95 0.4 0.98 1.3 0.25330827380530535 3.850732173770666 0.68 0.62 0 1.05 -2.32824106188491 1.999025510624051 0.95 0.4 0.98 1.3 -2.154231441114098 -1.1808602875098586 0.68 0.62 0 1.05 | -1
OBS 2 -2.2 1.8858546935487537 0.42 0.35 1.55 | -2.358236978529021 -7.256129085086286 0.68 0.62 0 1.05 -2.1109338242560627 3.3436177782714367 0.95 0.4 0.98 1.3 | -1
OBS 8 0 0 0.42 0.35 0.75 | -2.0664079914800824 -3.3205856839194894 0.95 0.4 0.98 1.3 1.9113993844017387 -4.468258265405893 0.95 0.4 0.98 1.3 0.2519336560741067 -4.941305591724813 0.95 0.4 0.98 1.3 0.1524218098260462 2.9738579792901874 0.95 0.4 0.98 1.3 2.2311409589368854 0.6559179630130529 0.95 0.4 0.98 1.3 -2.074574853712693 -3.102483492344618 0.68 0.62 0 1.05 -2.1473425500560555 1.73654062487185 0.68 0.62 0 1.05 2.2593032955657693 -7.923523275181651 0.95 0.4 0.98 1.3 | -1
OBS 0 2.2 1.1768173546763137 0.42 0.35 1.55 | | -1
OBS 1 1.9241036265157163 0.4824041657149791 0.42 0.35 1.55 | -2.238945122109726 -3.7756160562857985 0.95 0.4 0.98 1.3 | -1
OBS 0 -2.2 1.2837303866399452 0.42 0.35 1.55 | | -1
OBS 5 0 0 0.42 0.35 1.55 | 2.103629189403728 -4.3425815012305975 0.68 0.62 0 1.05 -0.287640461884439 2.720865531824529 0.68 0.62 0 1.05 -1.9951955122873188 -7.506158591248095 0.95 0.4 0.98 1.3 -0.10706322868354617 -2.0884080259129405 0.95 0.4 0.98 1.3 -0.051095479074865585 -4.654163708910346 0.68 0.62 0 1.05 | -1
OBS 8 2.2 0 0.42 0.35 1.55 | -2.005486647039652 -3.4040008168667555 0.95 0.4 0.98 1.3 2.2826568869873882 -6.810804213397205 0.68 0.62 0 1.05 -2.1059196546673777 -2.257803648710251 0.68 0.62 0 1.05 -2.265073729911819 0.9949856689199805 0.95 0.4 0.98 1.3 2.2499502238817515 -3.974220057949424 0.68 0.62 0 1.05 0.18444289765320715 -7.3094940250739455 0.95 0.4 0.98 1.3 1.9848298907745632 -6.061246101744473 0.68 0.62 0 1.05 2.2632444841787223 -4.008998898789287 0.95 0.4 0.98 1.3 | -1
OBS 6 -0.766861688811332 0 0.42 0.35 1.55 | -1.9246714638080449 -0.3202835079282522 0.68 0.62 0 1.05 -0.26190525270067155 2.489782800897956 0.68 0.62 0 1.05 2.457670775568113 -3.914426550269127 0.68 0.62 0 1.05 0.04882753822021185 0.5004224134609103 0.95 0.4 0.98 1.3 -2.4298506871331487 2.0512037938460708 0.95 0.4 0.98 1.3 -0.23420310406945644 2.342455754056573 0.95 0.4 0.98 1.3 | 3
OBS 1 -2.2 1.6048250068677588 0.42 0.35 1.55 | 0.0020899514202028513 -7.550147500820458 0.68 0.62 0 1.05 | -1
OBS 1 0 1.5191645785467698 0.42 0.35 1.55 | 2.0272546028252694 3.170140682719648 0.95 0.4 0.98 1.3 | -1
OBS 1 2.2 0 0.42 0.35 1.55 | -2.132653600582853 -0.6517360899597406 0.68 0.62 0 1.05 | -1
OBS 7 2.021015946753323 0.1450177017832175 0.42 0.35 1.55 | 0.03385018422268332 -5.483841077424586 0.68 0.62 0 1.05 2.1465225885622203 1.507033409550786 0.95 0.4 0.98 1.3 2.328905814420432 -3.86485655605793 0.68 0.62 0 1.05 2.3594294242560867 -5.104309189133346 0.95 0.4 0.98 1.3 -2.419449893059209 -4.325307351537049 0.95 0.4 0.98 1.3 -2.493850495480001 -3.2646968830376863 0.68 0.62 0 1.05 2.2271778644993905 2.2050896044820547 0.95 0.4 0.98 1.3 | -1
OBS 5 -2.2 0 0.42 0.35 0.75 | 2.0720615619793534 -1.7613613856956363 0.68 0.62 0 1.05 -2.478498461190611 -0.8956322530284524 0.68 0.62 0 1.05 1.9680393186397853 -0.5175572540611029 0.68 0.62 0 1.05 2.4343807777855546 3.5352865206077695 0.95 0.4 0.98 1.3 2.338433403754607 0.286156197078526 0.68 0.62 0 1.05 | 1
OBS 2 0 0 0.42 0.35 1.55 | 2.2517061450053006 -3.335764260031283 0.95 0.4 0.98 1.3 2.0737009637523443 -1.497148858383298 0.68 0.62 0 1.05 | -1
OBS 2 2.2 0 0.42 0.35 1.55 | -0.299460115050897 0.6932612303644419 0.68 0.62 0 1.05 -2.235625934833661 -5.485254333354533 0.95 0.4 0.98 1.3 | -1
OBS 5 -1.9213562160730362 0.7434039189014583 0.42 0.35 1.55 | 2.29403004120104 -6.3565428499132395 0.68 0.62 0 1.05 2.3489939046557993 -3.4743688330054283 0.68 0.62 0 1.05 -0.05691621238365768 -0.7176453806459904 0.68 0.62 0 1.05 -2.3726892773993313 -5.933685163967311 0.68 0.62 0 1.05 2.0420071747154 -1.2070181230083108 0.95 0.4 0.98 1.3 | -1
OBS 0 -2.2 0.5387821421725675 0.42 0.35 1.55 | | -1
OBS 2 0 0.8360177596099674 0.42 0.35 1.55 | -0.17241225619800388 3.037016097456217 0.68 0.62 0 1.05 2.2063317438587546 1.2965334812179208 0.95 0.4 0.98 1.3 | -1
OBS 1 2.2 1.7210907094180583 0.42 0.35 1.55 | -2.370649694791064 1.1660914039239287 0.95 0.4 0.98 1.3 | -1
OBS 5 -2.1275760708376765 0 0.42 0.35 1.55 | -2.446548328828067 -3.4968808786943555 0.68 0.62 0 1.05 -2.3868541285395626 1.299850127659738 0.95 0.4 0.98 1.3 -2.1860749654471876 1.9669001707807183 0.68 0.62 0 1.05 -0.026265758089721203 2.481962979771197 0.95 0.4 0.98 1.3 -2.316403909958899 -2.884679252281785 0.68 0.62 0 1.05 | -1
OBS 7 -2.2 1.5344350434839724 0.42 0.35 1.55 | 2.219543262338266 1.1297784177586436 0.68 0.62 0 1.05 2.0257129586301748 -5.607212172821164 0.95 0.4 0.98 1.3 2.3851398023311052 -7.629608367569745 0.95 0.4 0.98 1.3 1.9640359663404525 -1.932981182821095 0.68 0.62 0 1.05 -2.170535701792687 -2.6561358273029327 0.95 0.4 0.98 1.3 -0.11861724914051591 1.7009678473696113 0.95 0.4 0.98 1.3 -2.1643013291060926 3.411888564005494 0.68 0.62 0 1.05 | -1
OBS 4 0 0.9404368255054578 0.42 0.35 0.75 | 2.3814274919219316 -0.9684348879382014 0.68 0.62 0 1.05 2.395386847853661 1.3508529048413038 0.68 0.62 0 1.05 2.3025616588536653 -4.899603723548353 0.68 0.62 0 1.05 0.10936436802148819 -4.33275624550879 0.68 0.62 0 1.05 | -1
OBS 4 2.2 0 0.42 0.35 1.55 | 2.017344880849123 -1.0214065378531814 0.95 0.4 0.98 1.3 -2.4050740417558703 3.9293046118691564 0.68 0.62 0 1.05 0.12920946297235786 -7.576347935944796 0.95 0.4 0.98 1.3 1.985519198095426 2.35048814304173 0.68 0.62 0 1.05 | -1
OBS 0 1.1535207680426538 0 0.42 0.35 1.55 | | -1
OBS 6 -2.2 0 0.42 0.35 0.75 | 2.1519248478114608 -5.163171931169927 0.68 0.62 0 1.05 -0.29545979015529156 -3.2739648148417473 0.95 0.4 0.98 1.3 2.1976038953755053 1.4009649958461523 0.95 0.4 0.98 1.3 -0.136673493264243 -2.591932801529765 0.95 0.4 0.98 1.3 -2.232171260518953 1.8751128828153014 0.68 0.62 0 1.05 0.2914198609068989 3.016192893497646 0.68 0.62 0 1.05 | -1
OBS 6 0 0 0.42 0.35 0.75 | -0.1475697688758373 -1.6879943860694766 0.95 0.4 0.98 1.3 2.0886758003849537 3.729788360185921 0.68 0.62 0 1.05 -1.9380165616050364 0.008433888666331768 0.95 0.4 0.98 1.3 2.2727124431170527 -5.435229671187699 0.95 0.4 0.98 1.3 0.22189225140027696 0.18780988547950983 0.95 0.4 0.98 1.3 2.1719162025023255 -3.267489604651928 0.68 0.62 0 1.05 | -1
OBS 0 2.2 0.9326327016577124 0.42 0.35 1.55 | | -1
OBS 1 -0.6181382839567959 1.1735406472347676 0.42 0.35 1.55 | 2.3017991192638876 -0.9701566509902477 0.95 0.4 0.98 1.3 | -1
OBS 2 -2.2 0.6288052297662944 0.42 0.35 1.55 | -0.27380947521887716 -6.093639916740358 0.95 0.4 0.98 1.3 2.4812065250240267 -3.4073973540216684 0.95 0.4 0.98 1.3 | -1
OBS 1 0 0 0.42 0.35 1.55 | -2.1976601811125875 -6.261183233931661 0.68 0.62 0 1.05 | -1
OBS 1 2.2 1.6898924364708363 0.42 0.35 0.75 | -2.0140845278277997 1.62011490855366 0.68 0.62 0 1.05 | -1
OBS 1 0.9874800662510097 0 0.42 0.35 1.55 | -2.216747855721042 3.5082092378288507 0.95 0.4 0.98 1.3 | -1
OBS 7 -2.2 0.9245058363536373 0.42 0.35 1.55 | -2.038522964110598 -1.2602344630286098 0.68 0.62 0 1.05 -2.039836722658947 3.01488543394953 0.95 0.4 0.98 1.3 -2.3382184112910185 -4.527591346763074 0.95 0.4 0.98 1.3 2.0129133275710047 -7.775918706320226 0.68 0.62 0 1.05 -2.20909915282391 0.9549970114603639 0.95 0.4 0.98 1.3 -0.1174827885814011 3.874004748649895 0.68 0.62 0 1.05 1.9821935297921303 -1.22028792463243 0.95 0.4 0.98 1.3 | -1
OBS 4 0 1.2572906598914415 0.42 0.35 1.55 | 2.209205417055637 0.6944237304851413 0.95 0.4 0.98 1.3 -0.23508023573085665 1.8591915359720588 0.68 0.62 0 1.05 2.43164901426062 -1.9870434133335948 0.95 0.4 0.98 1.3 1.967603782657534 -7.596207899972796 0.95 0.4 0.98 1.3 | -1
OBS 6 2.2 0.4144159701419994 0.42 0.35 1.55 | -0.06872075269930064 3.8814947586506605 0.68 0.62 0 1.05 0.2443545606918633 -1.8172388710081577 0.68 0.62 0 1.05 -2.416907619358972 0.08987047057598829 0.95 0.4 0.98 1.3 2.492429372714833 -1.1820677174255252 0.68 0.62 0 1.05 2.372423357050866 -5.427607322111726 0.68 0.62 0 1.05 -2.2386947696097197 1.7698996243998408 0.95 0.4 0.98 1.3 | -1
OBS 3 1.831226744223386 1.2756644231034442 0.42 0.35 0.75 | -2.1252765118610117 -2.985270340926945 0.68 0.62 0 1.05 -2.088925425335765 3.380542959086597 0.95 0.4 0.98 1.3 2.303839879250154 0.3791373921558261 0.68 0.62 0 1.05 | -1
OBS 4 -2.2 0.45504455105401576 0.42 0.35 0.75 | 2.2070294858887793 -6.575425078161061 0.68 0.62 0 1.05 2.021267229318619 -1.9197216462343931 0.95 0.4 0.98 1.3 -2.069646057020873 -7.91047481726855 0.68 0.62 0 1.05 2.4563262656331064 -4.047622814774513 0.68 0.62 0 1.05 | -1
OBS 3 0 0 0.42 0.35 0.75 | -2.2073252530768515 -0.9172444064170122 0.95 0.4 0.98 1.3 -2.2001052986364815 3.25230295304209 0.68 0.62 0 1.05 -0.21194026563316581 -5.2637741370126605 0.95 0.4 0.98 1.3 | -1
OBS 1 2.2 0 0.42 0.35 1.55 | -2.3481811469886456 -6.217877390794456 0.95 0.4 0.98 1.3 | -1
OBS 6 -0.6280238083563745 0 0.42 0.35 1.55 | -0.2323516957461834 2.8042258163914084 0.68 0.62 0 1.05 -2.3932674218900503 3.3151553384959698 0.68 0.62 0 1.05 0.1368732386268675 2.7159984009340405 0.68 0.62 0 1.05 -2.355981580214575 -3.668373743072152 0.68 0.62 0 1.05 -0.022985498467460286 2.5130598293617368 0.95 0.4 0.98 1.3 0.06622934611514208 -3.5644114948809147 0.95 0.4 0.98 1.3 | -1
OBS 0 -2.2 0 0.42 0.35 1.55 | | -1
OBS 2 0 0 0.42 0.35 0.75 | -0.14213321548886595 -4.4078120505437255 0.68 0.62 0 1.05 2.0644705067388713 -4.089245337061584 0.95 0.4 0.98 1.3 | -1
OBS 1 2.2 0.3340371878817677 0.42 0.35 0.75 | -0.18473512460477648 -3.9925497462973 0.68 0.62 0 1.05 | -1
OBS 5 0.9239424169063568 1.0417194797890261 0.42 0.35 0.75 | -2.460579591849819 -5.339993325062096 0.68 0.62 0 1.05 -2.449969622353092 -5.676707652397454 0.68 0.62 0 1.05 -0.005921813612803806 -4.260314675047994 0.95 0.4 0.98 1.3 2.321466892678291 -6.979615226387978 0.68 0.62 0 1.05 -0.06793992323800921 3.9821186484768987 0.68 0.62 0 1.05 | -1
OBS 3 -2.2 1.516422505537048 0.42 0.35 0.75 | 0.16251061591319738 -3.832388002425432 0.95 0.4 0.98 1.3 1.9853296346496792 0.6144820107147098 0.68 0.62 0 1.05 -2.2839871990960092 3.8524539982900023 0.68 0.62 0 1.05 | -1
OBS 7 0 0.484739506454207 0.42 0.35 1.55 | 0.2639648892916739 2.5760983880609274 0.68 0.62 0 1.05 -2.4540569096338007 3.3335994258522987 0.95 0.4 0.98 1.3 2.3842876793351024 0.75097397249192 0.68 0.62 0 1.05 1.9182872907258572 -1.717330633662641 0.68 0.62 0 1.05 1.997680435748771 -1.3381255585700274 0.68 0.62 0 1.05 1.9204059877432884 -7.947042062878609 0.95 0.4 0.98 1.3 -1.9765826959628614 1.9073752975091338 0.68 0.62 0 1.05 | -1
OBS 3 2.2 0 0.42 0.35 1.55 | 1.9624399460852149 -0.47644433472305536 0.68 0.62 0 1.05 0.2706960276234895 -0.6164277754724026 0.95 0.4 0.98 1.3 -0.08406049953773617 3.783596431836486 0.95 0.4 0.98 1.3 | 0
OBS 8 1.76047247601673 0 0.42 0.35 1.55 | -1.9501234522555024 -0.21031886711716652 0.95 0.4 0.98 1.3 0.03151603806763886 3.9317149398848414 0.68 0.62 0 1.05 -0.14181392937898635 -3.296669208444655 0.95 0.4 0.98 1.3 2.0649582677055154 3.126894999295473 0.68 0.62 0 1.05 -2.2806286280509087 -6.845545385964215 0.95 0.4 0.98 1.3 -0.20203368407674133 -0.3260620981454849 0.95 0.4 0.98 1.3 2.2180411407724026 -3.088655598461628 0.68 0.62 0 1.05 -2.1611360168084506 3.41643566545099 0.95 0.4 0.98 1.3 | -1
OBS 5 -2.2 0 0.42 0.35 1.55 | 2.3213410413358364 1.5334815243259072 0.68 0.62 0 1.05 -0.04272821419872341 -1.5604517376050353 0.68 0.62 0 1.05 -0.21665003341622652 -2.405637325718999 0.68 0.62 0 1.05 -2.0430907297413796 -2.1046750145033 0.95 0.4 0.98 1.3 -0.06989266360178589 3.302011058665812 0.95 0.4 0.98 1.3 | -1
OBS 3 0 0 0.42 0.35 1.55 | 0.15216366089880468 -7.693598716519773 0.95 0.4 0.98 1.3 -1.9759569736197593 -6.216958602890372 0.68 0.62 0 1.05 2.284967125579715 -1.349738858640194 0.68 0.62 0 1.05 | -1
OBS 4 2.2 0 0.42 0.35 1.55 | -0.22341550863347948 1.8162239864468575 0.68 0.62 0 1.05 -2.4687576175201684 -5.44170637615025 0.95 0.4 0.98 1.3 2.159010531427339 -1.6142746843397617 0.95 0.4 0.98 1.3 0.12438184842467309 -2.776100260205567 0.68 0.62 0 1.05 | -1
OBS 6 -0.7049590204842389 1.6400525349890813 0.42 0.35 1.55 | 1.9495736205019059 -3.3961911937221885 0.95 0.4 0.98 1.3 1.9246015736833217 -5.451442604884505 0.95 0.4 0.98 1.3 -1.934171721013263 -1.5995021667331457 0.95 0.4 0.98 1.3 2.4210734206251803 -7.8038463750854135 0.68 0.62 0 1.05 -1.9817246570251883 -0.2525440203025937 0.95 0.4 0.98 1.3 -2.4153320780489596 -0.35940221045166254 0.95 0.4 0.98 1.3 | -1
OBS 4 -2.2 0 0.42 0.35 0.75 | -0.1106514017097652 2.4347372110933065 0.95 0.4 0.98 1.3 2.491196288308129 -5.809763126075268 0.95 0.4 0.98 1.3 2.4089664183557034 -5.333850675262511 0.68 0.62 0 1.05 2.3487234946805984 -1.48977854475379 0.68 0.62 0 1.05 | -1
OBS 2 0 1.6190814577508716 0.42 0.35 0.75 | 0.18779824934899808 -1.5818538013845682 0.68 0.62 0 1.05 -2.3146704480051996 -4.650919194333255 0.68 0.62 0 1.05 | -1
OBS 5 2.2 0 0.42 0.35 0.75 | 2.1645812565926463 -3.9422715343534946 0.95 0.4 0.98 1.3 -2.059420430194587 -1.8545699762180448 0.68 0.62 0 1.05 0.17695233416743578 3.9153670128434896 0.95 0.4 0.98 1.3 2.028036549733952 1.3283421164378524 0.95 0.4 0.98 1.3 -2.255463647423312 -4.3246817933395505 0.68 0.62 0 1.05 | -1
OBS 0 1.796362191438675 1.7949602951528503 0.42 0.35 1.55 | | -1
OBS 0 -2.2 0 0.42 0.35 0.75 | | -1
OBS 1 0 1.1214210778707638 0.42 0.35 1.55 | 2.1954250934068114 -7.655002776533365 0.95 0.4 0.98 1.3 | -1
OBS 2 2.2 0.8701217271154746 0.42 0.35 1.55 | 2.2243535016197713 -2.6442594388499856 0.95 0.4 0.98 1.3 -2.4908149836584927 2.8660691464319825 0.68 0.62 0 1.05 | -1
OBS 5 0.9838754734955728 1.0589558155974372 0.42 0.35 1.55 | 0.08676906977780163 -3.9498290913179517 0.68 0.62 0 1.05 -0.13088297741487623 -7.006828480400145 0.95 0.4 0.98 1.3 0.20942808981053535 -7.186608479358256 0.68 0.62 0 1.05 -0.0036768652964383475 3.3587352447211742 0.68 0.62 0 1.05 -2.1741684845648708 0.3438103385269642 0.68 0.62 0 1.05 | -1
OBS 0 -2.2 0 0.42 0.35 1.55 | | -1
OBS 8 0 1.233347927732393 0.42 0.35 1.55 | -0.26909537580795584 -5.557581711560488 0.95 0.4 0.98 1.3 2.472296122880653 -5.576249489560723 0.68 0.62 0 1.05 -2.173389204638079 2.3316669426858425 0.68 0.62 0 1.05 -2.437458273582161 -4.350672208704054 0.68 0.62 0 1.05 2.267105116695166 -1.1686998726800084 0.68 0.62 0 1.05 -2.2471631502732636 -6.602470557205379 0.95 0.4 0.98 1.3 2.1174797884654257 1.4673137497156858 0.68 0.62 0 1.05 0.05579558559693398 1.89811004512012 0.68 0.62 0 1.05 | -1
OBS 3 2.2 1.8295607158681377 0.42 0.35 1.55 | 2.4037035368848594 -3.580678019672632 0.68 0.62 0 1.05 -2.4605259159579873 -1.796625723131001 0.68 0.62 0 1.05 -2.15338931074366 -7.297827044501901 0.95 0.4 0.98 1.3 | -1
OBS 7 -0.8100483161397278 1.586962256859988 0.42 0.35 1.55 | 2.271526307286695 -1.318364386446774 0.95 0.4 0.98 1.3 2.032147858012468 -5.673378315754235 0.68 0.62 0 1.05 2.339739987952635 -2.384448444470763 0.68 0.62 0 1.05 2.097424504859373 -4.716336059384048 0.68 0.62 0 1.05 -2.1578592056408525 -3.0088970260694623 0.68 0.62 0 1.05 -0.23560365848243237 -2.1337659461423755 0.95 0.4 0.98 1.3 0.16349275200627744 -3.8916902411729097 0.68 0.62 0 1.05 | -1
OBS 4 -2.2 0 0.42 0.35 1.55 | 0.1816594232339412 -7.486689053475857 0.95 0.4 0.98 1.3 0.2009362088050693 -4.31090204231441 0.95 0.4 0.98 1.3 -2.218746249238029 2.0580288590863347 0.68 0.62 0 1.05 2.376448184065521 2.2224459862336516 0.68 0.62 0 1.05 | -1
OBS 8 0 0.24984672665596008 0.42 0.35 1.55 | 1.987162949377671 -1.9337709732353687 0.68 0.62 0 1.05 0.07066158377565446 -6.7531556794419885 0.95 0.4 0.98 1.3 -0.10540055274032056 -6.968152040615678 0.68 0.62 0 1.05 2.241404927661643 2.6179906399920583 0.68 0.62 0 1.05 -2.165213879896328 3.2388827074319124 0.68 0.62 0 1.05 2.4787954184692356 1.3600272666662931 0.95 0.4 0.98 1.3 -2.4126190304756165 1.8847859762609005 0.95 0.4 0.98 1.3 2.4788551546167583 1.4570820666849613 0.68 0.62 0 1.05 | -1
OBS 0 2.2 0 0.42 0.35 1.55 | | -1
OBS 6 0.8936059917323291 0 0.42 0.35 1.55 | 2.2272630263119937 -0.435793730430305 0.68 0.62 0 1.05 1.9874390269163997 2.899299221113324 0.68 0.62 0 1.05 -0.15977000822313128 0.2986108446493745 0.68 0.62 0 1.05 -0.08433986906893551 3.9951956747099757 0.95 0.4 0.98 1.3 1.9358123955782505 0.9289902821183205 0.68 0.62 0 1.05 2.277104952791706 0.060034262016415596 0.95 0.4 0.98 1.3 | -1
OBS 6 -2.2 1.3702082538278773 0.42 0.35 1.55 | 2.4099286808166656 3.21222529374063 0.68 0.62 0 1.05 2.3600913867354394 -2.5160013223066926 0.68 0.62 0 1.05 -1.9131300398148599 -3.119596782140434 0.68 0.62 0 1.05 2.115303310658783 1.3981439154595137 0.68 0.62 0 1.05 -2.159161123353988 3.1464992091059685 0.68 0.62 0 1.05 2.002574587101117 0.006194182671606541 0.68 0.62 0 1.05 | -1
OBS 7 0 0.8579555009491742 0.42 0.35 0.75 | -0.1258363095112145 0.18545449804514647 0.68 0.62 0 1.05 2.3893211313523355 0.9684414332732558 0.68 0.62 0 1.05 2.3779877988621596 -0.6880057165399194 0.68 0.62 0 1.05 -0.1761279485654086 -2.8543214378878474 0.68 0.62 0 1.05 -2.3945457787718625 2.1701943138614297 0.95 0.4 0.98 1.3 -2.1488505481742326 3.745224369689822 0.95 0.4 0.98 1.3 2.332150765694678 -2.5290381964296103 0.68 0.62 0 1.05 | 0
OBS 5 2.2 0 0.42 0.35 1.55 | 1.9148943801410498 2.622553043998778 0.68 0.62 0 1.05 -1.903979815496132 0.2157496465370059 0.95 0.4 0.98 1.3 2.2671702873893085 -5.47273791115731 0.95 0.4 0.98 1.3 2.1604177481960507 -3.5663529029116035 0.95 0.4 0.98 1.3 2.1035075577907265 1.6166399084031582 0.95 0.4 0.98 1.3 | -1
OBS 8 2.560309935361147 0 0.42 0.35 0.75 | -0.05065948935225606 3.741706454195082 0.68 0.62 0 1.05 0.11886986531317234 -6.998044086620212 0.95 0.4 0.98 1.3 -2.1913797143846754 -7.6877086497843266 0.68 0.62 0 1.05 1.94714523088187 -5.377636899240315 0.68 0.62 0 1.05 -0.026953642442822445 1.1684808554127812 0.68 0.62 0 1.05 -0.25979607445187863 -1.8209561193361878 0.95 0.4 0.98 1.3 -2.466113608609885 -3.78506868891418 0.68 0.62 0 1.05 2.4638509483542297 0.15736042335629463 0.68 0.62 0 1.05 | 7
OBS 6 -2.2 0 0.42 0.35 0.75 | -2.4127887138631197 -7.475562912411988 0.68 0.62 0 1.05 2.1710835333447904 -7.767146242782474 0.68 0.62 0 1.05 2.468142967671156 1.3614766849204898 0.68 0.62 0 1.05 2.134845187608153 2.718998367898166 0.95 0.4 0.98 1.3 2.480292619997636 -3.5905311508104205 0.68 0.62 0 1.05 -2.2446085365954787 -5.353221904486418 0.68 0.62 0 1.05 | -1
OBS 5 0 1.824762554699555 0.42 0.35 1.55 | 2.396471338439733 -2.397422700189054 0.95 0.4 0.98 1.3 2.2357892446219925 -4.397583234123886 0.95 0.4 0.98 1.3 -0.030303459987044312 -3.146328177303076 0.95 0.4 0.98 1.3 2.3678656054195018 -4.882040789350867 0.68 0.62 0 1.05 2.1048256517387927 -1.6618235083296895 0.95 0.4 0.98 1.3 | -1
OBS 1 2.2 0.9066623488208279 0.42 0.35 0.75 | -0.01865922105498613 3.112207043915987 0.68 0.62 0 1.05 | -1
OBS 4 1.0646466384641826 0.803826476726681 0.42 0.35 1.55 | -0.08931367699988185 0.4955391976982355 0.95 0.4 0.98 1.3 0.11209599380381408 -4.112954720854759 0.68 0.62 0 1.05 -2.0012943567242476 -3.3461612006649375 0.95 0.4 0.98 1.3 -2.0111989185214045 -2.688344751484692 0.68 0.62 0 1.05 | 0
OBS 2 -2.2 0 0.42 0.35 0.75 | -2.3549431330990047 -4.390868930146098 0.68 0.62 0 1.05 -1.9858627431094649 2.582758857868612 0.68 0.62 0 1.05 | -1
OBS 2 0 0 0.42 0.35 1.55 | 2.000250267190859 0.2749798037111759 0.68 0.62 0 1.05 2.4504471580963583 1.4492531595751643 0.95 0.4 0.98 1.3 | -1
OBS 1 2.2 0 0.42 0.35 1.55 | 0.24028111235238608 3.9073244482278824 0.95 0.4 0.98 1.3 | -1
OBS 1 0.312619948759675 0 0.42 0.35 1.55 | 1.934328280715272 -6.071958436630666 0.95 0.4 0.98 1.3 | -1
OBS 8 -2.2 0 0.42 0.35 0.75 | 0.28020341000519694 -7.285259570926428 0.95 0.4 0.98 1.3 -0.16869155690073967 -2.1752132922410965 0.68 0.62 0 1.05 2.378302543377504 0.3962231921032071 0.68 0.62 0 1.05 2.025183854904026 -6.680738614872098 0.95 0.4 0.98 1.3 -0.08572159227915108 -7.925272977910936 0.68 0.62 0 1.05 -2.416165488306433 -6.552205831743777 0.95 0.4 0.98 1.3 1.9052127906586978 2.9610044453293085 0.95 0.4 0.98 1.3 2.1399273725692183 0.8690308658406138 0.68 0.62 0 1.05 | -1
OBS 0 0 0 0.42 0.35 1.55 | | -1
OBS 4 2.2 0.3034734675660729 0.42 0.35 1.55 | 0.29867844320833686 -2.180030209943652 0.95 0.4 0.98 1.3 -0.046517354249954235 -4.584415688179433 0.68 0.62 0 1.05 2.0851736346259715 -7.459174850024283 0.68 0.62 0 1.05 1.9896101785823705 1.9292583148926497 0.68 0.62 0 1.05 | -1
OBS 6 2.75376183539629 0 0.42 0.35 0.75 | -2.4121728790923953 2.939989175647497 0.68 0.62 0 1.05 0.11612772205844524 3.9118001805618405 0.95 0.4 0.98 1.3 0.22569189188070599 1.8281489228829741 0.68 0.62 0 1.05 -2.454921125620604 -4.410880399867892 0.68 0.62 0 1.05 2.15481894700788 1.1697400603443384 0.68 0.62 0 1.05 -0.225023073842749 -0.30140978936105967 0.95 0.4 0.98 1.3 | -1
OBS 8 -2.2 0.526321928249672 0.42 0.35 1.55 | 2.1023830289486796 1.7508950112387538 0.68 0.62 0 1.05 0.13251935513690116 -2.955187112092972 0.68 0.62 0 1.05 -2.3540871526114646 -1.269265502691269 0.68 0.62 0 1.05 2.204613305767998 2.0379349924623966 0.68 0.62 0 1.05 2.3863387445919217 0.6947017526254058 0.68 0.62 0 1.05 -2.0328383024781944 -2.6531816981732845 0.68 0.62 0 1.05 0.23249527970328926 -2.9223481230437756 0.95 0.4 0.98 1.3 2.4623293961398307 1.736959538422525 0.95 0.4 0.98 1.3 | -1
OBS 3 0 0.04002066696994006 0.42 0.35 1.55 | -2.186566669121385 -4.690916965715587 0.68 0.62 0 1.05 -2.2335075466893617 -1.1673742020502687 0.68 0.62 0 1.05 2.079593446850777 -4.6629261784255505 0.95 0.4 0.98 1.3 | -1
OBS 6 2.2 0 0.42 0.35 1.55 | 2.3532486900221556 2.880033508874476 0.95 0.4 0.98 1.3 -2.4765426225960256 -0.47775131091475487 0.68 0.62 0 1.05 1.9867288309149447 1.0743447430431843 0.68 0.62 0 1.05 -2.0125552691519264 1.9540357431396842 0.95 0.4 0.98 1.3 -2.054599528992549 -6.351077049970627 0.95 0.4 0.98 1.3 0.10420810673385861 2.3333915304392576 0.68 0.62 0 1.05 | -1
OBS 8 1.0540369567461312 1.0728256633039563 0.42 0.35 1.55 | 2.199572547245771 -1.1466889139264822 0.68 0.62 0 1.05 -2.3042024298105392 -5.967900218442082 0.68 0.62 0 1.05 2.008036756142974 -6.857302030548453 0.68 0.62 0 1.05 -0.24396828906610607 -4.290596560575068 0.68 0.62 0 1.05 2.286165723344311 -5.811220783740282 0.68 0.62 0 1.05 2.3832523132674397 -6.442944913171232 0.95 0.4 0.98 1.3 -2.0664607726037505 1.520477993413806 0.68 0.62 0 1.05 -0.18115822593681513 -5.685579027980566 0.68 0.62 0 1.05 | -1
OBS 3 -2.2 0.802487331489101 0.42 0.35 1.55 | 1.9041456972714514 3.036181880161166 0.68 0.62 0 1.05 2.2888146190438423 -5.465637011453509 0.68 0.62 0 1.05 1.998888385621831 0.5004315497353673 0.68 0.62 0 1.05 | -1
OBS 3 0 1.0885542179690673 0.42 0.35 0.75 | -1.985940401023254 -7.922201549634337 0.68 0.62 0 1.05 -0.22909047827124596 -6.167096781544387 0.68 0.62 0 1.05 2.058115300536156 -4.918746504001319 0.68 0.62 0 1.05 | -1
OBS 6 2.2 0 0.42 0.35 1.55 | 2.0002054111566396 -5.367142002098262 0.95 0.4 0.98 1.3 2.488783119386062 -7.8645298313349485 0.68 0.62 0 1.05 2.1438096647616476 -0.06878948491066694 0.95 0.4 0.98 1.3 -2.2171526938211175 -2.1767278853803873 0.95 0.4 0.98 1.3 -1.9850166257470847 -5.248716925270855 0.68 0.62 0 1.05 -2.326902969973162 -7.042245868593454 0.68 0.62 0 1.05 | 2
OBS 3 2.99575700936839 1.02346120250877 0.42 0.35 1.55 | 2.161139029124752 -1.5803309017792344 0.95 0.4 0.98 1.3 0.06266286950558425 -1.2043794495984912 0.95 0.4 0.98 1.3 2.1110262773465367 2.7288222210481763 0.95 0.4 0.98 1.3 | -1
OBS 4 -2.2 0 0.42 0.35 0.75 | 2.275460573285818 2.0267570316791534 0.95 0.4 0.98 1.3 -2.420577723812312 -3.39342179056257 0.95 0.4 0.98 1.3 -2.231522749597207 -5.036004054360092 0.68 0.62 0 1.05 -2.2454186712857336 -3.7421795409172773 0.68 0.62 0 1.05 | -1
OBS 3 0 0.851853390596807 0.42 0.35 1.55 | -0.27320428560487925 -1.6907103350386024 0.68 0.62 0 1.05 -0.165230633597821 -0.1766527546569705 0.68 0.62 0 1.05 -2.216704174410552 -3.8667225493118167 0.68 0.62 0 1.05 | 1
OBS 5 2.2 0 0.42 0.35 1.55 | -0.26720866933465004 1.1879234733060002 0.68 0.62 0 1.05 0.0848465889226645 -3.8617505887523293 0.95 0.4 0.98 1.3 0.06393955531530082 -1.180970249697566 0.95 0.4 0.98 1.3 0.13173781391233208 -5.444239901378751 0.95 0.4 0.98 1.3 -2.0241080895997587 -2.6835043504834175 0.95 0.4 0.98 1.3 | -1
OBS 7 -2.8066298151388764 0 0.42 0.35 1.55 | 1.9461871671956035 -1.728565021418035 0.68 0.62 0 1.05 -0.26202454408630727 1.8097043745219707 0.68 0.62 0 1.05 -1.9465425119735302 -0.18919918686151505 0.68 0.62 0 1.05 2.235229318821803 -2.1861711721867323 0.68 0.62 0 1.05 -2.2770733932498843 -7.123867657035589 0.95 0.4 0.98 1.3 -0.0811281235422939 -5.683078893460333 0.95 0.4 0.98 1.3 2.1742005875334147 -5.228311617858708 0.95 0.4 0.98 1.3 | 2
OBS 3 -2.2 0.6098697143374011 0.42 0.35 1.55 | -2.4127636240329595 0.45746430195868015 0.95 0.4 0.98 1.3 -2.009959333529696 -4.46789378952235 0.68 0.62 0 1.05 -0.1058534737676382 -3.5792628778144717 0.68 0.62 0 1.05 | 0
OBS 7 0 0 0.42 0.35 1.55 | 2.256726244511083 -7.3844951102510095 0.68 0.62 0 1.05 2.498734195716679 -4.236973633989692 0.68 0.62 0 1.05 2.097771097673103 -3.1905708517879248 0.95 0.4 0.98 1.3 2.263413328537718 -1.818467216566205 0.95 0.4 0.98 1.3 2.202395231369883 -2.9203614108264446 0.68 0.62 0 1.05 -2.2737574450206015 -3.2130964482203126 0.95 0.4 0.98 1.3 0.1744215851649642 -6.652650055475533 0.68 0.62 0 1.05 | -1
OBS 7 2.2 1.243167947465554 0.42 0.35 0.75 | -2.095649299072102 -7.7981480192393064 0.68 0.62 0 1.05 -2.3314276142045856 -4.275806689634919 0.68 0.62 0 1.05 0.2671158058103174 -3.1837188275530934 0.68 0.62 0 1.05 -2.2103612841572615 -1.0507350210100412 0.95 0.4 0.98 1.3 -2.4983707445207983 3.8596517285332084 0.95 0.4 0.98 1.3 -2.0370288270059973 -3.678382341749966 0.68 0.62 0 1.05 0.27786695198155936 -7.795383368618786 0.68 0.62 0 1.05 | -1
OBS 3 1.845705462154001 0 0.42 0.35 1.55 | -2.0709912570659075 3.6237806286662817 0.95 0.4 0.98 1.3 -0.29796045050024983 1.9590275883674622 0.68 0.62 0 1.05 0.2043181526474655 -3.7088059093803167 0.68 0.62 0 1.05 | -1
OBS 8 -2.2 0 0.42 0.35 1.55 | -2.1840322901960465 -5.282745177857578 0.68 0.62 0 1.05 -0.20135180996730923 -1.7257223688066006 0.68 0.62 0 1.05 0.21220748112536963 -7.915187721140683 0.68 0.62 0 1.05 -0.12879080115817487 -1.4530210187658668 0.95 0.4 0.98 1.3 -2.086269629513845 2.6239667776972055 0.68 0.62 0 1.05 -0.046176200453191985 -6.459813443012536 0.95 0.4 0.98 1.3 -2.410188265703619 -1.3039567777886987 0.68 0.62 0 1.05 -2.178808273235336 -5.720428561791778 0.95 0.4 0.98 1.3 | -1
OBS 4 0 0 0.42 0.35 1.55 | -2.4210326451808215 -3.4849750585854053 0.95 0.4 0.98 1.3 2.37973590050824 -2.375149767845869 0.95 0.4 0.98 1.3 -0.05363442124798895 -5.037637377157807 0.68 0.62 0 1.05 -2.1417090639937673 3.075257438234985 0.95 0.4 0.98 1.3 | -1
OBS 3 2.2 0 0.42 0.35 1.55 | -0.2305084011051804 -5.557406046427786 0.68 0.62 0 1.05 -0.05250955936498941 -2.6351250866428018 0.68 0.62 0 1.05 2.2164218042977155 -0.7414458394050598 0.95 0.4 0.98 1.3 | 2
OBS 1 -0.14706982299685478 0 0.42 0.35 0.75 | 2.305713830702007 -4.764897612854838 0.95 0.4 0.98 1.3 | -1
OBS 4 -2.2 0 0.42 0.35 0.75 | -0.2662575007416308 -6.364902088418603 0.68 0.62 0 1.05 2.2161778585053984 -1.3704391475766897 0.95 0.4 0.98 1.3 1.9664548698812725 -4.205763064324856 0.95 0.4 0.98 1.3 2.0383444133680317 -6.51656224951148 0.95 0.4 0.98 1.3 | -1
OBS 5 0 0 0.42 0.35 0.75 | -2.201657907199115 -2.8854645555838943 0.68 0.62 0 1.05 -0.08355444730259479 -3.399432562291622 0.68 0.62 0 1.05 -2.175271069724113 -4.682486388832331 0.68 0.62 0 1.05 -0.07215106808580457 -6.9797862730920315 0.68 0.62 0 1.05 -2.0639330089557917 0.06319272238761187 0.95 0.4 0.98 1.3 | -1
OBS 0 2.2 1.4075024995720014 0.42 0.35 1.55 | | -1
OBS 5 0.34074309188872576 0 0.42 0.35 1.55 | 0.17777969618327916 2.3074346454814076 0.68 0.62 0 1.05 -0.24415616104379295 -7.1407385701313615 0.68 0.62 0 1.05 -0.012606288492679585 3.35018418636173 0.95 0.4 0.98 1.3 -0.17061921232379973 3.989868938922882 0.95 0.4 0.98 1.3 -0.1617811774369329 3.6978748058900237 0.68 0.62 0 1.05 | -1
OBS 8 -2.2 0 0.42 0.35 1.55 | -2.32264059255831 -5.571455778554082 0.68 0.62 0 1.05 2.4481286662630737 -7.481343983672559 0.68 0.62 0 1.05 -2.3814587191212926 -3.3612048169597983 0.95 0.4 0.98 1.3 2.1613361266441644 3.745773180387914 0.68 0.62 0 1.05 -2.441368613159284 1.544662424363196 0.68 0.62 0 1.05 1.9471353181637825 -0.20105960220098495 0.95 0.4 0.98 1.3 2.021695415209979 -4.440834692679346 0.95 0.4 0.98 1.3 -2.4967811582144352 -1.375134670175612 0.68 0.62 0 1.05 | -1
OBS 7 0 0 0.42 0.35 0.75 | -2.344378290930763 2.8001252077519894 0.95 0.4 0.98 1.3 0.2459887799341231 -4.802920836955309 0.68 0.62 0 1.05 0.024816133780404925 -3.5246802791953087 0.95 0.4 0.98 1.3 -2.053429657407105 1.587218559347093 0.95 0.4 0.98 1.3 -2.302215747907758 3.2609359500929713 0.68 0.62 0 1.05 -0.1819173179101199 -3.741898702457547 0.95 0.4 0.98 1.3 -0.16708411825820804 -4.761463547125459 0.68 0.62 0 1.05 | -1
OBS 2 2.2 0 0.42 0.35 0.75 | -2.3585290315561 -0.45382783096283674 0.68 0.62 0 1.05 -0.07574716689996422 2.9132702918723226 0.68 0.62 0 1.05 | -1
OBS 5 1.8443379560485482 0 0.42 0.35 0.75 | 2.419615684030578 -0.7925132298842072 0.95 0.4 0.98 1.3 0.2998249066527933 -6.578404816798866 0.95 0.4 0.98 1.3 2.1011371158994736 3.7806568816304207 0.68 0.62 0 1.05 1.945161337219179 0.04324517585337162 0.68 0.62 0 1.05 -0.17863083053380252 -0.36165233235806227 0.95 0.4 0.98 1.3 | 3
OBS 1 -2.2 0 0.42 0.35 1.55 | 0.1444129783194512 -4.628057106398046 0.95 0.4 0.98 1.3 | -1
OBS 0 0 1.2873349396977574 0.42 0.35 1.55 | | -1
OBS 6 2.2 1.7662244462640955 0.42 0.35 1.55 | 2.42050188141875 -5.53348171710968 0.68 0.62 0 1.05 2.1986082405783236 -1.8721865825355053 0.68 0.62 0 1.05 1.9244902034755798 3.518769041635096 0.68 0.62 0 1.05 0.25121342232450844 0.7151149669662118 0.95 0.4 0.98 1.3 -1.9683850067667665 1.5572348181158304 0.68 0.62 0 1.05 2.1735235549509526 -6.317055449821055 0.95 0.4 0.98 1.3 | -1
OBS 1 1.1179516799747944 0 0.42 0.35 1.55 | 2.0080529551487416 0.03096404206007719 0.68 0.62 0 1.05 | 0
OBS 4 -2.2 0.15295767157804221 0.42 0.35 1.55 | -2.3156921110581608 -0.10657408740371466 0.68 0.62 0 1.05 -2.074853359628469 1.9466137746348977 0.68 0.62 0 1.05 2.2844250251539053 -4.1894324123859406 0.68 0.62 0 1.05 -0.1999411515891552 -5.031401484273374 0.95 0.4 0.98 1.3 | 0
OBS 5 0 1.3698962241178378 0.42 0.35 1.55 | -0.1498786149546504 2.564172051846981 0.95 0.4 0.98 1.3 0.015622004773467757 -4.878158372826874 0.68 0.62 0 1.05 -2.3382552267052237 2.5477121649309993 0.68 0.62 0 1.05 2.0109792562201623 -2.9708618130534887 0.95 0.4 0.98 1.3 2.1718755031935872 1.6351775461807847 0.95 0.4 0.98 1.3 | -1
OBS 7 2.2 0 0.42 0.35 0.75 | -1.9524001681245866 -4.556101580150425 0.95 0.4 0.98 1.3 -2.118871808005497 -6.122209209017456 0.68 0.62 0 1.05 2.168183941068128 3.959826580248773 0.95 0.4 0.98 1.3 0.27556608100421726 -1.493109649978578 0.68 0.62 0 1.05 0.2612255743704736 -0.052244256250560284 0.68 0.62 0 1.05 2.034914257377386 3.8282930059358478 0.68 0.62 0 1.05 0.2155505196657032 -5.977367784827948 0.68 0.62 0 1.05 | -1
OBS 2 -2.912032866384834 0 0.42 0.35 0.75 | 2.053037289483473 -7.098215635865927 0.68 0.62 0 1.05 -2.162366182357073 -5.509172471240163 0.95 0.4 0.98 1.3 | -1
OBS 6 -2.2 1.1198631018400191 0.42 0.35 1.55 | -2.119279078114778 -2.6450721537694335 0.68 0.62 0 1.05 0.07701913733035326 -7.69029001891613 0.68 0.62 0 1.05 0.2661204235162586 -3.165158921852708 0.95 0.4 0.98 1.3 -2.039994574151933 0.6407415298745036 0.68 0.62 0 1.05 -2.3499355550389738 -1.5487489998340607 0.68 0.62 0 1.05 0.23701228634454313 -2.0160818491131067 0.95 0.4 0.98 1.3 | -1
OBS 5 0 0 0.42 0.35 0.75 | -2.2483402353245765 -6.019919136539102 0.68 0.62 0 1.05 0.2427193128503859 -4.037874105386436 0.95 0.4 0.98 1.3 -0.007379429228603851 -5.36540789809078 0.68 0.62 0 1.05 -2.2038713068701328 -7.6196562349796295 0.95 0.4 0.98 1.3 0.03936708387918769 -4.54978531319648 0.95 0.4 0.98 1.3 | -1
OBS 7 2.2 0 0.42 0.35 1.55 | -0.02051158477552234 -5.374637940898538 0.95 0.4 0.98 1.3 -2.2983874381054195 2.830115495249629 0.68 0.62 0 1.05 -0.2259898632299155 -7.043338153511286 0.95 0.4 0.98 1.3 -2.0585473010316493 2.2444776901975274 0.95 0.4 0.98 1.3 2.35527689056471 -7.79323716275394 0.95 0.4 0.98 1.3 2.3707501831930133 -2.37266499735415 0.95 0.4 0.98 1.3 -1.9286309322342279 -3.0776371704414487 0.68 0.62 0 1.05 | -1
OBS 4 -0.43867810210213065 0 0.42 0.35 0.75 | -1.992540088761598 1.878812219016254 0.68 0.62 0 1.05 -2.3245709113311026 -7.831461088731885 0.68 0.62 0 1.05 2.061894340394065 -5.481352333910763 0.68 0.62 0 1.05 0.23929544901475314 1.6512833004817367 0.95 0.4 0.98 1.3 | -1
OBS 0 -2.2 1.6776986921671777 0.42 0.35 0.75 | | -1
OBS 1 0 0.38196892894338813 0.42 0.35 0.75 | 2.1512796059716495 -2.176364630460739 0.68 0.62 0 1.05 | -1
OBS 5 2.2 1.3934315246064215 0.42 0.35 1.55 | -0.007386981602758191 -3.909985678270459 0.95 0.4 0.98 1.3 -2.419873515283689 -4.150957738980651 0.95 0.4 0.98 1.3 2.1293427797034385 -2.644808459095657 0.95 0.4 0.98 1.3 -2.0969351836014543 -4.3473553052172065 0.95 0.4 0.98 1.3 0.16076496737077833 2.740172150544822 0.95 0.4 0.98 1.3 | -1
OBS 2 1.3130712462589145 0.036828626738861205 0.42 0.35 1.55 | -1.9960036765318365 -3.950111919082701 0.95 0.4 0.98 1.3 2.081796550052241 1.0301156975328922 0.95 0.4 0.98 1.3 | -1
OBS 6 -2.2 1.5871887253131716 0.42 0.35 1.55 | 0.08237278726883235 -3.96833273768425 0.95 0.4 0.98 1.3 -0.2274400002323091 -0.623522637411952 0.68 0.62 0 1.05 2.307733147963882 0.11462113540619612 0.95 0.4 0.98 1.3 -2.2814203848596666 -4.7110860627144575 0.95 0.4 0.98 1.3 0.09733551261015239 2.7806024784222245 0.68 0.62 0 1.05 -2.185713348351419 -0.2846004357561469 0.95 0.4 0.98 1.3 | -1
OBS 7 0 0 0.42 0.35 1.55 | 2.096237623738125 3.1765317358076572 0.68 0.62 0 1.05 -0.1796050221193582 1.5738318944349885 0.68 0.62 0 1.05 -0.009958108607679594 -5.455938755534589 0.68 0.62 0 1.05 2.4537250791676346 -2.3441274389624596 0.68 0.62 0 1.05 2.3096483639441434 -2.048941840417683 0.95 0.4 0.98 1.3 2.1003065631724898 -3.2973840702325106 0.68 0.62 0 1.05 -1.9620013817213477 -7.8436302319169044 0.68 0.62 0 1.05 | -1
OBS 4 2.2 0 0.42 0.35 0.75 | 0.08050914164632561 -6.233406651765108 0.68 0.62 0 1.05 -2.032493541389704 -0.6076883310452104 0.68 0.62 0 1.05 -2.1199706320650877 -7.1948011526837945 0.68 0.62 0 1.05 -2.190492492588237 -5.828292094171047 0.95 0.4 0.98 1.3 | -1
OBS 0 -2.903477383777499 0 0.42 0.35 1.55 | | -1
OBS 3 -2.2 0.8546114268247038 0.42 0.35 1.55 | 1.9980959286447617 -1.6513124844059348 0.68 0.62 0 1.05 -2.461044311942533 -6.3465219074860215 0.95 0.4 0.98 1.3 2.4013189617078754 -3.6289655352011323 0.95 0.4 0.98 1.3 | -1
OBS 4 0 0.6099294371670112 0.42 0.35 1.55 | 2.258874175231904 3.0592477126047015 0.68 0.62 0 1.05 -0.03808203893713652 -5.82475686725229 0.68 0.62 0 1.05 2.1075713116209958 -7.485354685224593 0.68 0.62 0 1.05 0.07130730981007216 -3.2425947543233633 0.68 0.62 0 1.05 | -1
OBS 8 2.2 0 0.42 0.35 1.55 | 0.11198126133531333 2.5866600023582578 0.95 0.4 0.98 1.3 -2.2748618680518122 2.261200034059584 0.68 0.62 0 1.05 -0.20069994321092963 -2.183733407407999 0.95 0.4 0.98 1.3 1.9109772794414313 -2.2369378423318267 0.95 0.4 0.98 1.3 -0.286426500370726 0.45818895660340786 0.68 0.62 0 1.05 0.08220474743284284 -4.134677498601377 0.68 0.62 0 1.05 2.3969078609719876 -2.1023647636175156 0.68 0.62 0 1.05 -2.3425351343117655 0.9206890380010009 0.95 0.4 0.98 1.3 | -1
OBS 5 0.9190923976711929 0 0.42 0.35 1.55 | 0.1803795524407178 -0.6213387632742524 0.68 0.62 0 1.05 1.9848540988285097 -2.26182097196579 0.95 0.4 0.98 1.3 -0.09490245901979505 -0.5128774475306273 0.95 0.4 0.98 1.3 2.150279716169462 3.4634791500866413 0.68 0.62 0 1.05 -1.9049622266553343 -1.7054291469976306 0.95 0.4 0.98 1.3 | 0
OBS 7 -2.2 0 0.42 0.35 1.55 | 0.2254917366430163 -1.629251074977219 0.68 0.62 0 1.05 2.485806750971824 -5.806374062784016 0.95 0.4 0.98 1.3 -1.9123441650066526 -6.72172231040895 0.95 0.4 0.98 1.3 2.2365333674941215 -6.6880772253498435 0.68 0.62 0 1.05 -2.091888878354803 -7.918154090642929 0.68 0.62 0 1.05 2.1607162133790556 -1.4620169466361403 0.95 0.4 0.98 1.3 -1.917304593184963 1.99348031450063 0.68 0.62 0 1.05 | -1
OBS 3 0 0 0.42 0.35 1.55 | 2.111346838902682 -3.558430059812963 0.95 0.4 0.98 1.3 0.2629519713576883 -0.2212349297478795 0.95 0.4 0.98 1.3 -1.9743163684848697 -7.131354968063533 0.68 0.62 0 1.05 | 1
OBS 7 2.2 0.8518023715587333 0.42 0.35 1.55 | -2.090814276458696 -5.205718664452434 0.68 0.62 0 1.05 0.029479220509529114 1.4090279480442405 0.68 0.62 0 1.05 2.3813876785803587 -0.9503312036395073 0.68 0.62 0 1.05 -2.2223247010726483 0.6594151556491852 0.68 0.62 0 1.05 0.1628989634569734 1.5656200209632516 0.95 0.4 0.98 1.3 2.1185013062320652 -7.133263686671853 0.95 0.4 0.98 1.3 2.37727420469746 -0.9858062705025077 0.68 0.62 0 1.05 | 2
OBS 8 -1.7556942757219076 1.4780631638830526 0.42 0.35 0.75 | 0.18891685162670907 -1.078765882179141 0.95 0.4 0.98 1.3 -2.479271150287241 -1.7274113893508911 0.68 0.62 0 1.05 -1.9717278810217977 3.8828090773895383 0.68 0.62 0 1.05 -0.07270530103705825 0.7474209032952785 0.95 0.4 0.98 1.3 -0.29111301703378556 2.7285625943914056 0.95 0.4 0.98 1.3 2.4377829296980056 -5.0889317356050014 0.68 0.62 0 1.05 2.3631182656157765 -6.872876978479326 0.68 0.62 0 1.05 -1.9292387874331327 -6.091826709918678 0.95 0.4 0.98 1.3 | -1
OBS 7 -2.2 0 0.42 0.35 1.55 | -0.20716694737784563 1.691467946395278 0.95 0.4 0.98 1.3 2.4528738076332957 -4.722808207385242 0.95 0.4 0.98 1.3 2.185594031121582 2.6060578329488635 0.68 0.62 0 1.05 2.333438040642068 -1.8705681432038546 0.95 0.4 0.98 1.3 2.1648754572030158 2.774560439400375 0.68 0.62 0 1.05 -2.446202659700066 -6.429115848615766 0.68 0.62 0 1.05 0.16396598992869255 -7.977826317772269 0.95 0.4 0.98 1.3 | -1
OBS 5 0 0.6793885354651138 0.42 0.35 1.55 | -0.16699224589392542 -6.031271893531084 0.68 0.62 0 1.05 -2.393114307150245 1.9474317617714405 0.68 0.62 0 1.05 0.24272196991369127 -5.353361843153834 0.95 0.4 0.98 1.3 2.4798379896208647 0.5376964742317796 0.95 0.4 0.98 1.3 -2.1702764682471756 -0.3597317226231098 0.68 0.62 0 1.05 | -1
OBS 6 2.2 0 0.42 0.35 0.75 | -2.0561038294341416 -1.513585806824267 0.68 0.62 0 1.05 -2.221043500909582 1.574419742450118 0.95 0.4 0.98 1.3 -2.034005391132087 -3.724520214833319 0.95 0.4 0.98 1.3 -2.2735126635525376 2.9548783721402287 0.68 0.62 0 1.05 0.045907789561897505 -4.936576351523399 0.68 0.62 0 1.05 2.431356108374894 -2.235604309476912 0.68 0.62 0 1.05 | -1
OBS 0 -1.6890075244009495 0 0.42 0.35 1.55 | | -1
OBS 6 -2.2 0 0.42 0.35 1.55 | -0.23107370124198495 3.9353011092171073 0.68 0.62 0 1.05 2.2665499828290194 -1.2325270595028996 0.95 0.4 0.98 1.3 -0.13753883368335665 -1.2369411066174507 0.68 0.62 0 1.05 2.4834010316058994 -2.420377114787698 0.95 0.4 0.98 1.3 -2.0270840875338765 -7.407829456962645 0.95 0.4 0.98 1.3 -2.43855512496084 -6.628446999937296 0.68 0.62 0 1.05 | -1
OBS 1 0 1.875473299389705 0.42 0.35 1.55 | -0.06718528554774822 3.5559007497504354 0.95 0.4 0.98 1.3 | -1
OBS 7 2.2 0 0.42 0.35 1.55 | 2.488844205718488 1.3141992669552565 0.68 0.62 0 1.05 -0.0768482774030417 -7.830591080710292 0.68 0.62 0 1.05 0.2857908203266561 1.8161950996145606 0.95 0.4 0.98 1.3 2.3344285869970918 -4.568422796204686 0.68 0.62 0 1.05 -0.06671352311968803 -3.724051537923515 0.95 0.4 0.98 1.3 -0.2637225614860654 -2.5525936130434275 0.68 0.62 0 1.05 2.291874125599861 -4.577319384552538 0.95 0.4 0.98 1.3 | -1
OBS 0 1.2662173518911004 0 0.42 0.35 0.75 | | -1
OBS 6 -2.2 0.6283177842618898 0.42 0.35 1.55 | 0.20183011852204796 -3.57169646397233 0.68 0.62 0 1.05 1.9351291775703432 -3.677471360191703 0.95 0.4 0.98 1.3 0.04628133662045003 -0.5344986841082573 0.95 0.4 0.98 1.3 -0.2359346545301378 -3.924928242340684 0.95 0.4 0.98 1.3 2.1616354745812716 2.5787132205441594 0.95 0.4 0.98 1.3 -1.99700831649825 3.119989118538797 0.68 0.62 0 1.05 | -1
OBS 6 0 0 0.42 0.35 1.55 | -2.2978542908094823 -0.05810798145830631 0.95 0.4 0.98 1.3 -0.1418390808161348 1.7124853478744626 0.68 0.62 0 1.05 2.1712749908212574 -7.2163442224264145 0.95 0.4 0.98 1.3 -0.03518875935114918 -5.994885928928852 0.68 0.62 0 1.05 2.1629224081058056 -5.187281841412187 0.68 0.62 0 1.05 2.101320612523705 -7.50564115960151 0.95 0.4 0.98 1.3 | -1
OBS 0 2.2 0 0.42 0.35 0.75 | | -1
OBS 0 1.421695256140083 1.6255424372619016 0.42 0.35 0.75 | | -1
OBS 8 -2.2 1.2966399524360894 0.42 0.35 0.75 | -1.9559071888215842 -1.7917591175064445 0.68 0.62 0 1.05 -2.1503523650579157 -1.530000677332282 0.95 0.4 0.98 1.3 -2.037562010902912 -1.9541525905951858 0.95 0.4 0.98 1.3 -2.291599611844868 -0.6273889690637589 0.95 0.4 0.98 1.3 2.4318391620647164 1.5766622787341475 0.95 0.4 0.98 1.3 -2.1954802139196548 0.25349782686680555 0.68 0.62 0 1.05 -0.03126068185083569 3.604511722922325 0.68 0.62 0 1.05 2.0602372847963126 0.5592558579519391 0.68 0.62 0 1.05 | -1
OBS 1 0 0 0.42 0.35 1.55 | -2.3841321190353484 -1.057294201105833 0.95 0.4 0.98 1.3 | -1
OBS 3 2.2 0.9769678312353789 0.42 0.35 1.55 | 0.02460857732221483 -0.5710786562412977 0.68 0.62 0 1.05 -2.397270821826533 2.2106077494099736 0.68 0.62 0 1.05 -0.05339217181317507 1.7623567497357726 0.68 0.62 0 1.05 | -1
OBS 4 0.6906579248607159 1.2249136250466108 0.42 0.35 1.55 | 2.0791895225178454 -4.114861067384481 0.68 0.62 0 1.05 -0.08882870161905884 -7.347892221994698 0.68 0.62 0 1.05 2.1230987808201465 3.0511489557102323 0.95 0.4 0.98 1.3 -2.0039254470262677 3.3933632085099816 0.68 0.62 0 1.05 | -1
OBS 4 -2.2 1.4322628900175913 0.42 0.35 1.55 | 2.4912144542671744 3.311809682287276 0.68 0.62 0 1.05 -0.2173157994635403 2.8200404085218906 0.68 0.62 0 1.05 -0.27702595414593817 -6.500146420672536 0.95 0.4 0.98 1.3 -0.16165836872532963 2.9392932849004865 0.68 0.62 0 1.05 | -1
OBS 5 0 0 0.42 0.35 0.75 | 0.06571802054531872 3.8270728830248117 0.68 0.62 0 1.05 -2.1955533159896734 1.1012765299528837 0.68 0.62 0 1.05 0.2281634103041142 2.874221097677946 0.68 0.62 0 1.05 -2.163703728746623 2.757101636379957 0.68 0.62 0 1.05 -2.134107190091163 0.5162882916629314 0.68 0.62 0 1.05 | -1
OBS 1 2.2 0.6495341730536893 0.42 0.35 1.55 | -2.387537616863847 -5.156830216757953 0.95 0.4 0.98 1.3 | -1
OBS 7 -0.729797572363168 0 0.42 0.35 1.55 | 0.02959433225914837 2.5527324359863997 0.68 0.62 0 1.05 -2.436929377447814 -0.4292043559253216 0.68 0.62 0 1.05 -2.40803706869483 -2.8055234672501683 0.95 0.4 0.98 1.3 2.4102367251180112 -4.114592888392508 0.68 0.62 0 1.05 -1.9919435735791924 -4.02138267736882 0.68 0.62 0 1.05 -2.438562268717215 -7.7456330908462405 0.68 0.62 0 1.05 -1.9860286064445973 -3.8122925236821175 0.68 0.62 0 1.05 | -1
OBS 5 -2.2 0 0.42 0.35 0.75 | -0.11607426116243005 1.9331489652395248 0.95 0.4 0.98 1.3 -2.330740223126486 -7.879651360213757 0.95 0.4 0.98 1.3 -0.29478388354182244 -1.6990946857258677 0.68 0.62 0 1.05 -2.244726936565712 -6.245194337330759 0.95 0.4 0.98 1.3 2.274168793903664 -6.753897265531123 0.95 0.4 0.98 1.3 | -1
OBS 1 0 0 0.42 0.35 1.55 | -0.126417994312942 1.7661511925980449 0.68 0.62 0 1.05 | -1
OBS 6 2.2 0.2817502770107239 0.42 0.35 1.55 | -2.140720622474328 -3.39169055595994 0.68 0.62 0 1.05 -0.25497403694316745 -1.231022278778255 0.68 0.62 0 1.05 -2.14032798409462 -7.009928653016686 0.68 0.62 0 1.05 0.06435338845476507 -5.276738608255982 0.95 0.4 0.98 1.3 -1.9686487582977863 2.75361954793334 0.68 0.62 0 1.05 0.2332443511113524 -7.995038779452443 0.95 0.4 0.98 1.3 | -1
OBS 0 1.0086130276322365 0 0.42 0.35 1.55 | | -1
OBS 5 -2.2 1.3135826021898538 0.42 0.35 1.55 | 0.09283221540972592 -5.774528262205422 0.68 0.62 0 1.05 -2.326593753602356 0.8581466628238559 0.68 0.62 0 1.05 0.01883302121423186 3.1935864444822073 0.95 0.4 0.98 1.3 2.497479102946818 -5.8500872468575835 0.68 0.62 0 1.05 2.269452301459387 -4.77117960061878 0.68 0.62 0 1.05 | -1
OBS 8 0 0.08719866764731705 0.42 0.35 1.55 | -2.0162937777582557 -4.592622348107398 0.95 0.4 0.98 1.3 1.9803844682406635 -2.8784236954525113 0.95 0.4 0.98 1.3 -0.22344037033617498 -6.919931664131582 0.95 0.4 0.98 1.3 2.435236069140956 -0.7434788616374135 0.68 0.62 0 1.05 2.2319317356217656 3.6155403964221478 0.95 0.4 0.98 1.3 -0.2511482139118016 2.1576106268912554 0.68 0.62 0 1.05 -2.1563021511770786 0.6540061179548502 0.68 0.62 0 1.05 -2.1880993473343553 -6.226755538955331 0.68 0.62 0 1.05 | -1
OBS 2 2.2 1.2027690683491528 0.42 0.35 1.55 | -2.408039004774764 -7.37143840175122 0.68 0.62 0 1.05 0.23691574819386002 2.8192387213930488 0.68 0.62 0 1.05 | -1
OBS 1 0.6383167337626219 0 0.42 0.35 1.55 | -0.055781042994931335 3.0038047144189477 0.68 0.62 0 1.05 | -1
OBS 3 -2.2 1.0220233051804826 0.42 0.35 1.55 | 0.24957331842742864 -6.727351604960859 0.95 0.4 0.98 1.3 -1.9191537505481393 2.882685056887567 0.68 0.62 0 1.05 0.00006076935678722695 2.1367477513849735 0.95 0.4 0.98 1.3 | -1
OBS 8 0 0 0.42 0.35 1.55 | 0.05755291753448544 -7.8308627074584365 0.95 0.4 0.98 1.3 0.07876983275637028 3.7546358248218894 0.68 0.62 0 1.05 1.984684921987355 3.4101959951221943 0.95 0.4 0.98 1.3 -0.04958221181295813 -7.475549643859267 0.95 0.4 0.98 1.3 0.11872814088128508 3.367450764402747 0.68 0.62 0 1.05 0.14150466257706285 -3.203046727925539 0.95 0.4 0.98 1.3 2.4700697843451054 -1.8025887291878462 0.95 0.4 0.98 1.3 0.07990847686305641 -2.817283065058291 0.95 0.4 0.98 1.3 | -1
OBS 1 2.2 0 0.42 0.35 1.55 | 2.2739590955898166 -0.5314433127641678 0.95 0.4 0.98 1.3 | 0
OBS 0 2.112311609555036 0.3030705039156601 0.42 0.35 1.55 | | -1
OBS 7 -2.2 1.7823668227531015 0.42 0.35 1.55 | -0.047949732933193434 -5.35233414079994 0.95 0.4 0.98 1.3 -2.408485879376531 -0.5765277789905667 0.68 0.62 0 1.05 -0.15578946503810584 3.363045892678201 0.68 0.62 0 1.05 2.126618405105546 -2.298893020488322 0.95 0.4 0.98 1.3 -0.24989473298192022 3.2794274454936385 0.95 0.4 0.98 1.3 2.2295493717305366 -5.180770801380277 0.95 0.4 0.98 1.3 2.0983090937603266 1.1488881902769208 0.95 0.4 0.98 1.3 | -1
OBS 8 0 1.3769959517754613 0.42 0.35 1.55 | 2.277499761525542 -1.4410224333405495 0.95 0.4 0.98 1.3 2.2907774236984553 -3.818938322365284 0.95 0.4 0.98 1.3 -2.490694279782474 1.4740274138748646 0.68 0.62 0 1.05 2.44746955614537 -7.494988160207868 0.95 0.4 0.98 1.3 -2.068539117043838 -2.3176401806995273 0.68 0.62 0 1.05 0.2194272471126169 0.8829737398773432 0.68 0.62 0 1.05 -0.1448998753912747 2.638263921253383 0.68 0.62 0 1.05 0.2971069785766303 -0.34111544862389565 0.68 0.62 0 1.05 | -1
OBS 4 2.2 0 0.42 0.35 1.55 | 2.2460478617809714 1.6464425027370453 0.95 0.4 0.98 1.3 0.008035505795851328 -0.6457065315917134 0.68 0.62 0 1.05 2.181280276551843 -5.9447266310453415 0.68 0.62 0 1.05 -2.420458487607539 -6.037265652790666 0.95 0.4 0.98 1.3 | -1
OBS 8 1.1366451317444444 0.7120645432267337 0.42 0.35 1.55 | -0.05672960998490453 -0.8008038708940148 0.95 0.4 0.98 1.3 2.2955778924748302 2.2458898816257715 0.68 0.62 0 1.05 2.385860431706533 -7.110193179920316 0.68 0.62 0 1.05 -0.28840908645652236 3.9133421182632446 0.95 0.4 0.98 1.3 -2.1476714605465532 -0.794273161329329 0.95 0.4 0.98 1.3 -2.033651843154803 0.406221229583025 0.95 0.4 0.98 1.3 -2.4805088492110374 1.5913511728867888 0.68 0.62 0 1.05 0.14767610337585213 0.5656888233497739 0.68 0.62 0 1.05 | 7
OBS 7 -2.2 0 0.42 0.35 1.55 | 2.3902109861839564 -1.7598261842504144 0.68 0.62 0 1.05 2.083548756316304 -6.224953583441675 0.68 0.62 0 1.05 2.0012466127052906 -4.715642297640443 0.95 0.4 0.98 1.3 2.187647692114115 -4.733512403443456 0.68 0.62 0 1.05 -2.2174480163492265 -2.3793839924037457 0.68 0.62 0 1.05 2.4576690135523678 -6.927984577603638 0.68 0.62 0 1.05 -1.9370297632180156 3.1946931714192033 0.68 0.62 0 1.05 | -1
OBS 8 0 1.5401860112557186 0.42 0.35 0.75 | 2.220407430129126 -6.71793569624424 0.68 0.62 0 1.05 2.4794754199218008 -2.326509214937687 0.95 0.4 0.98 1.3 0.07261112239211798 -2.9722191533073783 0.95 0.4 0.98 1.3 2.2937243769410998 -5.739795175381005 0.68 0.62 0 1.05 2.215949138859287 2.0173104563727975 0.95 0.4 0.98 1.3 2.1679758420214057 -0.9931676993146539 0.95 0.4 0.98 1.3 -2.0435694653540852 1.8459149757400155 0.68 0.62 0 1.05 0.02629393357783555 3.0879491036757827 0.68 0.62 0 1.05 | -1
OBS 8 2.2 1.4237305894959718 0.42 0.35 1.55 | -0.2515016886871308 -0.9121654201298952 0.95 0.4 0.98 1.3 -2.0853040916845202 -5.075893833301961 0.68 0.62 0 1.05 2.2937092875596137 -6.532214322127402 0.68 0.62 0 1.05 0.09837637692689893 3.579490741714835 0.68 0.62 0 1.05 -2.0236613338813187 0.6767168482765555 0.95 0.4 0.98 1.3 0.11511075706221163 -0.5108461352065206 0.95 0.4 0.98 1.3 0.2357195137068629 -4.954485662281513 0.68 0.62 0 1.05 1.9239836589433255 -0.15315045416355133 0.95 0.4 0.98 1.3 | -1
OBS 4 -1.6586829875595868 0 0.42 0.35 1.55 | 2.0761174593120817 -3.64113677944988 0.95 0.4 0.98 1.3 2.1257632927037777 -2.139383729547262 0.68 0.62 0 1.05 0.18527924115769562 -5.043909454718232 0.95 0.4 0.98 1.3 -0.08161514955572782 -0.7401900151744485 0.95 0.4 0.98 1.3 | -1
DEVICE	ANGLE (Google, Vulkan 1.3.0 (SwiftShader Device (Subzero)), SwiftShader driver)	800	2160	2	4	8	2048	0	0	0	1	0.8	software	low	low	1600	4320
DEVICE	ANGLE (AMD, AMD Radeon RX 580 Direct3D11)	800	2160	1.25	6	2	4096	1	0	0	null	null	discrete	low	low	1000	2700
DEVICE	ANGLE (Apple, ANGLE Metal Renderer: Apple M2, Unspecified Version)	3840	2160	2.6	16	null	16384	0	0	0	null	null	discrete	ultra	high	9984	5616
DEVICE	ANGLE (NVIDIA, NVIDIA GeForce RTX 3060 Direct3D11 vs_5_0 ps_5_0, D3D11)	1440	915	1	null	4	4096	0	0	0	0	0.8	discrete	high	high	1440	915
DEVICE	Mali-G52	1280	720	1.25	8	2	4096	0	0	0	null	null	integrated	low	low	1600	900
DEVICE	ANGLE (NVIDIA, NVIDIA GeForce 940MX Direct3D11)	1920	900	1	6	2	2048	0	0	0	null	null	entry	low	low	1920	900
DEVICE	ANGLE (Intel, Intel(R) HD Graphics 520 (0x00001916) Direct3D11 vs_5_0 ps_5_0, D3D11)	1440	720	2	4	8	2048	0	0	0	null	null	integrated	low	low	2880	1440
DEVICE	ANGLE (NVIDIA, NVIDIA GeForce GTX 1650 Direct3D11)	1920	720	1.25	6	16	8192	0	1	0	null	null	discrete	high	high	2400	900
DEVICE	ANGLE (NVIDIA, NVIDIA GeForce MX150 Direct3D11)	1366	915	1	null	1	16384	0	0	1	null	null	entry	low	low	1366	915
DEVICE	ANGLE (NVIDIA, NVIDIA GeForce 940MX Direct3D11)	1280	1080	1.65	16	8	16384	0	0	0	null	null	entry	balanced	balanced	2112	1782
DEVICE	ANGLE (Google, Vulkan 1.3.0 (SwiftShader Device (Subzero)), SwiftShader driver)	1440	2160	1.25	8	1	2048	0	0	0	0	0.19	software	minimal	minimal	1800	2700
DEVICE	ANGLE (Qualcomm, Adreno (TM) 619, OpenGL ES 3.2)	800	1080	1	2	4	16384	0	0	0	0	0.05	integrated	minimal	minimal	800	1080
DEVICE	ANGLE (NVIDIA, NVIDIA GeForce GTX 1650 Direct3D11)	2560	915	1.25	16	4	null	0	0	0	null	null	discrete	high	high	3200	1144
DEVICE	ANGLE (NVIDIA, NVIDIA Quadro K620 Direct3D11)	1280	915	2.6	1	16	2048	0	0	0	null	null	entry	minimal	minimal	3328	2379
DEVICE	ANGLE (NVIDIA, NVIDIA GeForce 940MX Direct3D11)	800	1440	2	null	2	2048	1	0	0	null	null	entry	low	low	1600	2880
DEVICE	ANGLE (Qualcomm, Adreno (TM) 619, OpenGL ES 3.2)	1440	720	1	null	2	8192	0	0	0	null	null	integrated	low	low	1440	720
DEVICE	ANGLE (NVIDIA, NVIDIA GeForce RTX 4090 Direct3D11)	412	900	1	6	1	null	1	0	0	null	null	discrete	low	low	412	900
DEVICE	ANGLE (Apple, ANGLE Metal Renderer: Apple M2, Unspecified Version)	1920	2160	1.5	2	2	16384	1	0	0	1	0.8	discrete	low	low	2880	3240
DEVICE	ANGLE (NVIDIA, NVIDIA GeForce GT 1030 Direct3D11)	412	900	1.25	2	null	8192	1	0	0	null	null	entry	low	low	515	1125
DEVICE	ANGLE (NVIDIA, NVIDIA GeForce 940MX Direct3D11)	412	1440	1.5	2	8	16384	0	0	0	null	null	entry	low	low	618	2160
DEVICE	ANGLE (Qualcomm, Adreno (TM) 619, OpenGL ES 3.2)	800	1080	1	8	1	null	0	0	0	null	null	integrated	low	low	800	1080
DEVICE	ANGLE (NVIDIA, NVIDIA Quadro K620 Direct3D11)	3840	720	1.25	4	null	8192	0	0	0	null	null	entry	balanced	balanced	4800	900
DEVICE	ANGLE (Apple, ANGLE Metal Renderer: Apple M2, Unspecified Version)	1280	900	1.25	1	1	16384	0	0	0	null	null	discrete	minimal	minimal	1600	1125
DEVICE	ANGLE (NVIDIA, NVIDIA GeForce RTX 3060 Direct3D11 vs_5_0 ps_5_0, D3D11)	1920	1080	1.65	null	8	8192	0	1	0	1	0.2	discrete	balanced	balanced	3168	1782
DEVICE	Unknown GPU	1920	1440	2.6	1	4	4096	0	0	0	null	null	unknown	minimal	minimal	4992	3744
DEVICE	ANGLE (AMD, AMD Radeon RX 580 Direct3D11)	3840	900	1.25	8	1	null	1	0	0	1	0.8	discrete	low	low	4800	1125
DEVICE	ANGLE (Intel, Intel(R) UHD Graphics 620)	800	2160	1.25	6	16	null	1	0	0	null	null	integrated	high	balanced	1000	2700
DEVICE	ANGLE (Qualcomm, Adreno (TM) 619, OpenGL ES 3.2)	800	800	2.6	null	8	8192	0	0	0	null	null	integrated	high	balanced	2080	2080
DEVICE	ANGLE (NVIDIA, NVIDIA GeForce 940MX Direct3D11)	1440	800	1.25	4	8	null	1	0	0	1	0.2	entry	balanced	balanced	1800	1000
DEVICE	ANGLE (Intel, Intel(R) Iris(R) Xe Graphics Direct3D11)	1440	1080	1.25	16	1	2048	0	0	0	null	null	integrated	low	low	1800	1350
DEVICE	Unknown GPU	1920	915	1.65	4	8	16384	0	0	0	0	0.19	unknown	low	low	3168	1510
DEVICE	ANGLE (Intel, Intel(R) HD Graphics 520 (0x00001916) Direct3D11 vs_5_0 ps_5_0, D3D11)	1280	1440	1.65	6	1	16384	0	0	0	null	null	integrated	low	low	2112	2376
DEVICE	ANGLE (NVIDIA, NVIDIA Quadro K620 Direct3D11)	1440	1440	2.6	6	null	null	1	0	0	1	0.2	entry	balanced	balanced	3744	3744
DEVICE	ANGLE (Google, Vulkan 1.3.0 (SwiftShader Device (Subzero)), SwiftShader driver)	412	2160	2	1	1	2048	0	0	0	1	0.19	software	minimal	minimal	824	4320
DEVICE	ANGLE (NVIDIA, NVIDIA Quadro K620 Direct3D11)	2560	2160	2	16	4	null	0	0	1	null	null	entry	balanced	balanced	5120	4320
DEVICE	ANGLE (Intel, Intel(R) UHD Graphics 620)	412	720	1.5	null	2	null	0	1	0	0	0.2	integrated	low	low	618	1080
DEVICE	ANGLE (NVIDIA, NVIDIA GeForce 940MX Direct3D11)	2560	2160	1.5	8	4	null	1	1	0	null	null	entry	balanced	balanced	3840	3240
DEVICE	ANGLE (NVIDIA, NVIDIA GeForce 940MX Direct3D11)	1280	1080	2.6	2	null	4096	0	0	0	null	null	entry	low	low	3328	2808
DEVICE	ANGLE (NVIDIA, NVIDIA GeForce GT 730 (0x00001287) Direct3D11 vs_5_0 ps_5_0, D3D11)	800	1080	2.6	8	8	4096	0	1	0	0	0.19	entry	low	low	2080	2808
DEVICE	ANGLE (Intel, Intel(R) HD Graphics 520 (0x00001916) Direct3D11 vs_5_0 ps_5_0, D3D11)	1920	915	1.5	4	2	null	0	0	0	null	null	integrated	low	low	2880	1373
DEVICE	ANGLE (AMD, AMD Radeon HD 7570 Direct3D11)	800	2160	1.65	1	1	4096	0	1	0	null	null	entry	minimal	minimal	1320	3564
DEVICE	ANGLE (NVIDIA, NVIDIA GeForce RTX 4090 Direct3D11)	3840	2160	2	6	null	4096	0	1	0	0	0.2	discrete	high	high	7680	4320
DEVICE	ANGLE (NVIDIA, NVIDIA GeForce GTX 1650 Direct3D11)	412	800	1.5	4	8	null	0	1	0	0	0.19	discrete	low	low	618	1200
DEVICE	ANGLE (AMD, AMD Radeon RX 580 Direct3D11)	412	1080	1	1	4	null	0	1	1	null	null	discrete	minimal	minimal	412	1080
DEVICE	ANGLE (NVIDIA, NVIDIA GeForce RTX 3060 Direct3D11 vs_5_0 ps_5_0, D3D11)	1366	1080	1.65	8	16	16384	1	0	0	null	null	discrete	high	high	2254	1782
DEVICE	ANGLE (NVIDIA, NVIDIA GeForce 940MX Direct3D11)	1280	2160	1.65	16	8	null	1	0	0	1	0.8	entry	balanced	balanced	2112	3564
DEVICE	Unknown GPU	1440	800	2	8	2	8192	0	0	0	null	null	unknown	low	low	2880	1600
DEVICE	Unknown GPU	1920	900	2	2	2	16384	0	0	0	null	null	unknown	low	low	3840	1800
DEVICE	ANGLE (NVIDIA, NVIDIA GeForce 940MX Direct3D11)	1440	2160	1.65	1	16	8192	1	0	0	1	0.8	entry	minimal	minimal	2376	3564
DEVICE	Mali-G52	800	800	1	2	16	8192	0	1	0	0	0.05	integrated	minimal	minimal	800	800
DEVICE	Unknown GPU	1920	1440	1.65	6	null	2048	1	0	0	0	0.05	unknown	minimal	minimal	3168	2376
DEVICE	ANGLE (NVIDIA, NVIDIA GeForce 940MX Direct3D11)	1366	720	1.25	6	null	2048	1	1	0	null	null	entry	low	low	1708	900
DEVICE	ANGLE (NVIDIA, NVIDIA GeForce RTX 4090 Direct3D11)	2560	720	2.6	1	16	2048	0	1	0	null	null	discrete	minimal	minimal	6656	1872
DEVICE	ANGLE (NVIDIA, NVIDIA GeForce GTX 750 Ti Direct3D11)	1366	1440	1.5	6	16	2048	0	0	0	1	0.8	entry	low	low	2049	2160
DEVICE	Mali-G52	2560	1440	1	16	8	8192	0	0	0	null	null	integrated	high	balanced	2560	1440
DEVICE	ANGLE (NVIDIA, NVIDIA GeForce GTX 750 Ti Direct3D11)	1280	915	1	8	16	null	0	0	0	0	0.19	entry	low	low	1280	915
DEVICE	ANGLE (NVIDIA, NVIDIA GeForce GT 1030 Direct3D11)	412	915	2.6	8	null	16384	0	0	0	null	null	entry	balanced	balanced	1071	2379
DEVICE	ANGLE (Intel, Intel(R) HD Graphics 520 (0x00001916) Direct3D11 vs_5_0 ps_5_0, D3D11)	2560	915	1.65	1	1	2048	0	1	0	0	0.2	integrated	minimal	minimal	4224	1510
DEVICE	Mali-G52	1440	900	2	16	4	2048	1	0	0	1	0.2	integrated	low	low	2880	1800
DEVICE	Unknown GPU	412	900	2	1	null	16384	0	1	0	0	0.8	unknown	minimal	minimal	824	1800
DEVICE	ANGLE (NVIDIA, NVIDIA GeForce MX150 Direct3D11)	1920	720	1.25	16	2	16384	0	1	1	null	null	entry	low	low	2400	900
DEVICE		1440	900	1	null	2	4096	0	0	0	0	0.05	unknown	minimal	minimal	1440	900
DEVICE	ANGLE (NVIDIA, NVIDIA GeForce RTX 3060 Direct3D11 vs_5_0 ps_5_0, D3D11)	2560	1440	1.25	2	8	null	0	0	0	null	null	discrete	low	low	3200	1800
DEVICE	ANGLE (AMD, AMD Radeon RX 580 Direct3D11)	1440	915	1.5	null	16	8192	1	0	0	0	0.05	discrete	low	low	2160	1373
DEVICE	ANGLE (NVIDIA, NVIDIA GeForce RTX 4090 Direct3D11)	1280	2160	2	6	4	16384	0	1	1	null	null	discrete	balanced	balanced	2560	4320
DEVICE	ANGLE (Intel, Intel(R) HD Graphics 520 (0x00001916) Direct3D11 vs_5_0 ps_5_0, D3D11)	412	800	2.6	1	1	4096	0	0	0	null	null	integrated	minimal	minimal	1071	2080
DEVICE	ANGLE (NVIDIA, NVIDIA GeForce GT 730 (0x00001287) Direct3D11 vs_5_0 ps_5_0, D3D11)	3840	720	1	16	8	16384	0	0	0	0	0.05	entry	low	low	3840	720
DEVICE	ANGLE (NVIDIA, NVIDIA GeForce GTX 1650 Direct3D11)	800	1440	1.25	null	4	null	0	0	0	null	null	discrete	high	high	1000	1800
DEVICE	ANGLE (Apple, ANGLE Metal Renderer: Apple M2, Unspecified Version)	1280	1080	2	2	8	null	0	0	0	null	null	discrete	low	low	2560	2160
DEVICE	ANGLE (NVIDIA, NVIDIA GeForce 940MX Direct3D11)	1366	2160	1.65	1	null	16384	0	0	0	null	null	entry	minimal	minimal	2254	3564
DEVICE	ANGLE (NVIDIA, NVIDIA GeForce GT 1030 Direct3D11)	800	2160	1.5	16	null	16384	0	0	0	1	0.8	entry	balanced	balanced	1200	3240
DEVICE	ANGLE (NVIDIA, NVIDIA GeForce RTX 4090 Direct3D11)	3840	1440	1.25	4	8	8192	0	0	1	null	null	discrete	balanced	balanced	4800	1800
DEVICE		3840	1440	2	16	2	null	0	0	0	null	null	unknown	low	low	7680	2880
DEVICE	ANGLE (Apple, ANGLE Metal Renderer: Apple M2, Unspecified Version)	1920	2160	1.65	4	8	null	0	1	0	null	null	discrete	balanced	balanced	3168	3564
DEVICE	Unknown GPU	412	720	1.5	4	null	null	0	0	0	null	null	unknown	balanced	balanced	618	1080
DEVICE	ANGLE (Qualcomm, Adreno (TM) 619, OpenGL ES 3.2)	1366	1080	1	2	2	2048	0	0	0	null	null	integrated	low	low	1366	1080
DEVICE	ANGLE (NVIDIA, NVIDIA GeForce RTX 3060 Direct3D11 vs_5_0 ps_5_0, D3D11)	800	915	1	6	1	2048	0	1	0	0	0.19	discrete	minimal	minimal	800	915
DEVICE	ANGLE (NVIDIA, NVIDIA GeForce GT 730 (0x00001287) Direct3D11 vs_5_0 ps_5_0, D3D11)	800	2160	2.6	null	16	2048	0	0	0	null	null	entry	low	low	2080	5616
DEVICE	Mali-G52	1440	720	2.6	2	16	null	0	0	1	null	null	integrated	low	low	3744	1872
DEVICE		2560	1440	1.25	6	16	2048	1	0	0	null	null	unknown	low	low	3200	1800
DEVICE	ANGLE (Qualcomm, Adreno (TM) 619, OpenGL ES 3.2)	412	900	1.65	null	1	null	0	0	1	0	0.8	integrated	low	low	680	1485
DEVICE	ANGLE (NVIDIA, NVIDIA GeForce MX150 Direct3D11)	1440	900	1	16	null	null	0	0	0	null	null	entry	balanced	balanced	1440	900
DEVICE	ANGLE (NVIDIA, NVIDIA Quadro K620 Direct3D11)	2560	900	2.6	2	2	16384	0	1	0	0	0.2	entry	low	low	6656	2340
DEVICE	ANGLE (NVIDIA, NVIDIA Quadro K620 Direct3D11)	412	900	2	6	2	4096	0	0	0	null	null	entry	low	low	824	1800
DEVICE	ANGLE (NVIDIA, NVIDIA GeForce MX150 Direct3D11)	412	2160	1.5	2	16	null	0	0	0	null	null	entry	low	low	618	3240
DEVICE	Unknown GPU	1366	900	2.6	8	null	null	0	0	0	0	0.05	unknown	balanced	balanced	3552	2340
DEVICE	Unknown GPU	2560	720	1.25	2	null	2048	1	0	0	null	null	unknown	low	low	3200	900
DEVICE	ANGLE (Intel, Intel(R) HD Graphics 520 (0x00001916) Direct3D11 vs_5_0 ps_5_0, D3D11)	1280	2160	1.65	6	2	null	0	0	0	null	null	integrated	low	low	2112	3564
DEVICE	ANGLE (Google, Vulkan 1.3.0 (SwiftShader Device (Subzero)), SwiftShader driver)	1366	1440	2.6	16	4	2048	1	0	0	1	0.8	software	low	low	3552	3744
DEVICE	Unknown GPU	1280	720	1.65	16	16	2048	0	0	0	null	null	unknown	low	low	2112	1188
DEVICE	ANGLE (NVIDIA, NVIDIA GeForce RTX 4090 Direct3D11)	412	900	1.65	16	4	16384	0	0	1	1	0.05	discrete	balanced	balanced	680	1485
DEVICE	ANGLE (NVIDIA, NVIDIA GeForce MX150 Direct3D11)	412	1440	1.5	8	16	null	1	0	0	null	null	entry	balanced	balanced	618	2160
DEVICE	ANGLE (NVIDIA, NVIDIA GeForce GTX 750 Ti Direct3D11)	1366	720	2	1	null	16384	0	0	1	null	null	entry	minimal	minimal	2732	1440
DEVICE	ANGLE (Intel, Intel(R) UHD Graphics 620)	412	1440	1.5	6	null	null	0	0	0	1	0.19	integrated	high	balanced	618	2160
DEVICE	ANGLE (NVIDIA, NVIDIA GeForce RTX 4090 Direct3D11)	1366	2160	1.5	1	2	2048	0	0	0	null	null	discrete	minimal	minimal	2049	3240
DEVICE	Unknown GPU	1920	800	1.65	2	16	8192	0	0	1	null	null	unknown	low	low	3168	1320
DEVICE	ANGLE (NVIDIA, NVIDIA GeForce 940MX Direct3D11)	1440	720	2.6	16	1	4096	0	1	0	null	null	entry	low	low	3744	1872
DEVICE	ANGLE (Intel, Intel(R) UHD Graphics 620)	2560	900	1.65	6	8	4096	0	0	0	null	null	integrated	high	balanced	4224	1485
DEVICE	ANGLE (Qualcomm, Adreno (TM) 619, OpenGL ES 3.2)	1440	900	1.25	2	null	null	0	0	0	null	null	integrated	low	low	1800	1125
DEVICE	ANGLE (NVIDIA, NVIDIA GeForce GT 730 (0x00001287) Direct3D11 vs_5_0 ps_5_0, D3D11)	1280	720	2.6	8	2	8192	1	0	0	1	0.2	entry	low	low	3328	1872
DEVICE	Unknown GPU	1920	800	2	1	1	4096	1	0	1	1	0.19	unknown	minimal	minimal	3840	1600
DEVICE	ANGLE (NVIDIA, NVIDIA GeForce GTX 750 Ti Direct3D11)	2560	800	1.65	2	4	2048	0	0	0	0	0.8	entry	low	low	4224	1320
DEVICE	ANGLE (NVIDIA, NVIDIA GeForce 940MX Direct3D11)	1920	2160	2	16	8	16384	0	0	0	null	null	entry	balanced	balanced	3840	4320
DEVICE	ANGLE (NVIDIA, NVIDIA GeForce GT 730 (0x00001287) Direct3D11 vs_5_0 ps_5_0, D3D11)	1366	915	1	8	1	2048	0	0	0	null	null	entry	low	low	1366	915
DEVICE	ANGLE (Intel, Intel(R) UHD Graphics 620)	1440	900	1.25	16	16	4096	0	1	1	null	null	integrated	balanced	balanced	1800	1125
DEVICE	Mali-G52	1440	2160	2.6	4	16	4096	0	1	0	1	0.8	integrated	balanced	balanced	3744	5616
DEVICE	ANGLE (NVIDIA, NVIDIA GeForce GT 1030 Direct3D11)	1440	915	1.65	6	null	null	0	0	1	null	null	entry	balanced	balanced	2376	1510
DEVICE		1440	2160	2.6	8	4	8192	0	0	0	null	null	unknown	high	balanced	3744	5616
DEVICE	ANGLE (NVIDIA, NVIDIA GeForce 940MX Direct3D11)	800	900	1.65	1	null	4096	0	0	0	null	null	entry	minimal	minimal	1320	1485
DEVICE	Unknown GPU	800	1440	2.6	null	16	16384	1	0	0	0	0.8	unknown	balanced	balanced	2080	3744
DEVICE	ANGLE (NVIDIA, NVIDIA GeForce 940MX Direct3D11)	412	800	1.25	null	1	8192	0	0	0	0	0.2	entry	low	low	515	1000
DEVICE	ANGLE (Intel, Intel(R) HD Graphics 520 (0x00001916) Direct3D11 vs_5_0 ps_5_0, D3D11)	3840	800	2	2	8	2048	0	0	0	null	null	integrated	low	low	7680	1600
DEVICE	ANGLE (Apple, ANGLE Metal Renderer: Apple M2, Unspecified Version)	1920	2160	2.6	null	1	8192	1	0	0	0	0.05	discrete	minimal	minimal	4992	5616
DEVICE	ANGLE (Intel, Intel(R) UHD Graphics 620)	1280	720	1.5	8	1	16384	0	0	0	null	null	integrated	low	low	1920	1080
DEVICE	ANGLE (NVIDIA, NVIDIA GeForce 940MX Direct3D11)	1920	915	1.25	2	8	null	0	1	0	null	null	entry	low	low	2400	1144
DEVICE	ANGLE (NVIDIA, NVIDIA Quadro K620 Direct3D11)	3840	720	2	2	2	16384	1	0	0	null	null	entry	low	low	7680	1440
DEVICE	ANGLE (NVIDIA, NVIDIA Quadro K620 Direct3D11)	3840	915	2.6	6	2	null	0	0	0	0	0.19	entry	minimal	minimal	9984	2379
DEVICE	ANGLE (AMD, AMD Radeon RX 580 Direct3D11)	1920	900	1.65	6	8	4096	0	0	0	null	null	discrete	high	high	3168	1485
DEVICE	ANGLE (NVIDIA, NVIDIA GeForce GT 730 (0x00001287) Direct3D11 vs_5_0 ps_5_0, D3D11)	3840	800	1.65	8	2	4096	0	0	0	0	0.8	entry	low	low	6336	1320
DEVICE		1920	1440	1.5	2	1	4096	0	0	0	null	null	unknown	low	low	2880	2160
RSZ minimal 2005 3307 4096 561 925
RSZ high 7229 3145 4096 2911 1266
RSZ minimal 6624 481 8192 2672 194
RSZ low 6816 2785 8192 1502 614
RSZ minimal 1894 2637 4096 610 850
RSZ low 1507 358 16384 1507 358
RSZ minimal 1327 4422 16384 394 1314
RSZ high 7384 4524 4096 2453 1503
RSZ high 1764 474 8192 1764 474
RSZ balanced 597 433 4096 597 433
RSZ low 7838 2445 16384 1719 536
RSZ ultra 7326 4081 4096 3859 2150
RSZ minimal 2079 4246 8192 504 1029
RSZ balanced 1948 955 4096 1948 955
RSZ high 2213 2808 4096 1704 2163
RSZ low 4466 4060 4096 1007 915
RSZ high 3893 1819 16384 2809 1312
RSZ minimal 6353 1728 16384 1381 376
RSZ balanced 2652 3312 4096 1289 1609
RSZ low 4936 3333 16384 1168 789
RSZ ultra 2116 2551 8192 2116 2551
RSZ ultra 4489 2077 16384 4234 1959
RSZ high 6622 2856 16384 2924 1261
RSZ low 4344 1153 16384 1863 495
RSZ low 7034 1040 16384 2497 369
RSZ ultra 2636 1454 4096 2636 1454
RSZ ultra 3837 385 16384 3837 385
RSZ minimal 4519 4966 8192 687 755
RSZ minimal 4387 3969 16384 757 685
RSZ high 4861 1449 8192 3517 1048
RSZ minimal 3413 4852 8192 604 858
RSZ ultra 6127 1106 4096 4096 739
RSZ ultra 671 1894 16384 671 1894
RSZ ultra 5942 414 8192 5942 414
RSZ minimal 6443 3977 16384 916 566
RSZ ultra 2766 1047 4096 2766 1047
RSZ high 3189 4905 4096 1548 2381
RSZ balanced 7395 1151 16384 3650 568
RSZ low 6359 930 16384 2510 367
RSZ ultra 1236 1900 16384 1236 1900
RSZ minimal 1938 1850 8192 737 703
RSZ balanced 1107 3189 16384 848 2444
RSZ balanced 6067 1744 8192 2686 772
RSZ high 5080 3593 16384 2283 1615
RSZ ultra 4206 1970 4096 4096 1918
RSZ ultra 5373 2370 4096 4096 1807
RSZ high 4098 3796 16384 1995 1848
RSZ minimal 3310 439 8192 1977 262
RSZ ultra 7138 473 4096 4096 271
RSZ ultra 1512 532 16384 1512 532
RSZ balanced 5301 3454 4096 1784 1162
RSZ minimal 2591 2203 8192 781 664
RSZ high 2781 1221 16384 2781 1221
RSZ minimal 906 1652 16384 533 972
RSZ ultra 703 4125 4096 698 4096
RSZ minimal 5685 975 4096 1739 298
RSZ ultra 6295 4523 8192 3398 2441
RSZ high 1235 3672 8192 1113 3311
RSZ high 5393 3001 16384 2574 1432
RSZ low 1348 1692 16384 857 1076
RSZ ultra 7781 611 4096 4096 322
RSZ ultra 3410 4012 4096 2655 3124
RSZ low 3815 3796 4096 962 958
RSZ low 5878 2149 4096 1588 580
RSZ low 2265 4624 16384 672 1372
RSZ high 2152 2484 16384 1787 2063
RSZ ultra 1122 3871 16384 1122 3871
RSZ low 4003 914 8192 2009 459
RSZ balanced 7491 4489 4096 1860 1115
RSZ ultra 6878 1492 8192 6184 1341
RSZ ultra 4476 3404 4096 3302 2512
RSZ balanced 7246 1154 16384 3608 575
RSZ ultra 6717 3377 4096 4062 2042
RSZ low 6441 1762 8192 1835 502
RSZ ultra 5840 1366 8192 5840 1366
RSZ balanced 2264 1513 8192 1761 1177
RSZ low 3616 4656 16384 846 1089
RSZ high 4925 763 4096 4096 635
RSZ minimal 5290 2216 4096 1112 466
RSZ ultra 2925 1599 8192 2925 1599
RSZ high 2854 2749 16384 1956 1884
RSZ low 934 4311 16384 447 2062
RSZ high 1199 3121 8192 1190 3098
RSZ minimal 347 4718 16384 195 2655
RSZ balanced 2799 3372 16384 1312 1581
RSZ minimal 1121 1124 8192 719 721
RSZ ultra 4147 3796 4096 3010 2755
RSZ balanced 2559 2969 16384 1337 1551
RSZ low 1280 2261 8192 722 1276
RSZ low 1442 2584 4096 717 1285
RSZ ultra 6510 1069 16384 6510 1069
RSZ low 6735 4762 4096 1142 807
RSZ minimal 7362 2697 8192 1190 436
RSZ balanced 994 399 8192 994 399
RSZ high 4152 4714 16384 1802 2046
RSZ low 4278 2131 8192 1360 678
RSZ balanced 5722 807 4096 3834 541
RSZ ultra 2561 4946 16384 2072 4002
RSZ balanced 5699 1124 16384 3242 640
RSZ balanced 4563 563 4096 4096 505
RSZ high 7764 3738 8192 2767 1332
RSZ balanced 4734 1130 8192 2947 704
RSZ low 5547 4201 16384 1103 835
RSZ minimal 5929 2338 4096 1147 452
RSZ high 4718 812 4096 4096 705
RSZ low 4490 3936 16384 1025 899
RSZ ultra 6205 3794 16384 3683 2252
RSZ low 5157 2159 4096 1484 621
RSZ low 5089 4755 16384 993 928
RSZ balanced 4638 2641 4096 1908 1087
RSZ ultra 458 2614 16384 458 2614
RSZ balanced 6152 2850 4096 2116 980
RSZ high 928 3183 16384 928 3183
RSZ low 3040 2543 4096 1050 878
RSZ high 7163 3901 4096 2602 1417
RSZ low 6887 4576 16384 1178 783
RSZ high 1618 4472 8192 1155 3192
RSZ high 7625 1544 16384 4267 864
RSZ ultra 6003 3259 8192 3909 2122
RSZ high 1942 2704 4096 1627 2266
RSZ high 1248 1718 8192 1248 1718
RSZ ultra 2844 2325 8192 2844 2325
RSZ high 4390 4946 4096 1809 2038
RSZ minimal 7696 1065 16384 1935 268
RSZ high 5805 1259 4096 4096 888
RSZ high 3385 3221 16384 1968 1873
RSZ ultra 4142 4588 16384 2736 3031
RSZ low 2535 2581 16384 951 969
RSZ balanced 7379 503 8192 5515 376
RSZ minimal 5871 730 8192 2042 254
RSZ minimal 2414 4393 16384 534 971
RSZ ultra 3495 1670 16384 3495 1670
RSZ minimal 5144 688 4096 1969 263
RSZ low 4199 3829 8192 1005 917
RSZ ultra 1387 2531 16384 1387 2531
RSZ ultra 7996 3484 8192 4363 1901
RSZ minimal 5611 1139 4096 1598 324
RSZ low 2973 4139 8192 814 1133
RSZ balanced 2733 4996 4096 1065 1947
RSZ ultra 719 1963 4096 719 1963
RSZ low 7871 3664 8192 1407 655
RSZ minimal 4762 2590 16384 976 531
RSZ ultra 7934 1487 4096 4096 768
RSZ balanced 7299 2356 8192 2535 818
RSZ balanced 4083 2977 8192 1686 1230
RSZ ultra 3297 1660 8192 3297 1660
RSZ minimal 6475 4852 8192 832 623
RSZ minimal 4568 1897 4096 1117 464
RSZ minimal 2851 4948 8192 547 949
RSZ minimal 6608 516 16384 2577 201
RSZ high 1591 3987 4096 1213 3039
RSZ balanced 2710 1503 16384 1934 1072
RSZ low 3458 4277 16384 863 1068
RSZ ultra 6826 2102 8192 5190 1598
RSZ minimal 4921 4973 4096 716 724
RSZ minimal 7120 2360 16384 1251 415
RSZ high 5672 445 8192 5672 445
RSZ low 1038 1527 4096 791 1164
RSZ high 7789 2917 8192 3137 1175
RSZ high 1045 1101 16384 1045 1101
RSZ ultra 1399 2959 4096 1399 2959
RSZ high 3559 983 16384 3559 983
RSZ minimal 4845 1964 4096 1131 458
RSZ balanced 7544 1299 8192 3470 598
RSZ high 2176 568 8192 2176 568
RSZ minimal 7876 3782 16384 1039 499
RSZ ultra 1542 939 4096 1542 939
RSZ ultra 4772 3533 4096 3347 2478
RSZ high 3127 429 4096 3127 429
RSZ ultra 3550 3053 16384 3106 2671
RSZ low 5845 659 8192 2859 322
RSZ ultra 941 321 16384 941 321
RSZ minimal 1624 3078 16384 523 991
RSZ low 3084 4392 8192 804 1146
RSZ minimal 3337 1688 4096 1012 512
RSZ minimal 5143 3372 4096 889 583
RSZ minimal 5167 2151 4096 1116 465
RSZ minimal 1183 3599 8192 413 1256
RSZ low 4370 4949 4096 902 1022
RSZ high 2026 2277 8192 1811 2035
RSZ ultra 6249 2959 8192 4185 1982
RSZ high 1774 4379 8192 1222 3017
RSZ minimal 2627 2208 16384 785 660
RSZ high 729 812 16384 729 812
RSZ low 7525 1167 8192 2438 378
RSZ ultra 1474 3618 4096 1474 3618
RSZ high 6974 2328 8192 3323 1109
RSZ ultra 3717 819 16384 3717 819
RSZ minimal 2931 724 4096 1449 358
RSZ balanced 531 422 16384 531 422
RSZ low 4176 3223 4096 1093 843
RSZ minimal 2278 4217 16384 529 980
RSZ minimal 7590 3252 8192 1100 471
RSZ ultra 2411 4904 4096 2014 4096
RSZ minimal 7448 4168 16384 962 539
RSZ ultra 3580 2200 4096 3580 2200
RSZ high 6124 2300 16384 3133 1177
RSZ minimal 2197 2754 8192 643 806
RSZ ultra 1397 3503 4096 1397 3503
RSZ ultra 2030 1723 4096 2030 1723
PASS 19 111.91213980317116 29.667366733774543 60 0
PASS 67 119.25959395477548 7.334646484814584 144 1
PASS 6 18.314487191382796 61.523061520420015 60 0
PASS 62 52.912295759888366 6.0431928967591375 120 0
PASS 47 44.01239047758281 66.17801052168943 30 0
PASS 61 90.26056281873025 13.035208098590374 120 1
PASS 66 83.55465668370016 73.89562111464329 30 0
PASS 79 16.19743670336902 27.38306805375032 75 0
PASS 40 33.69214924634434 31.70354531146586 30 0
PASS 52 27.21631307154894 24.253745360765606 120 0
PASS 9 39.46530021261424 78.22164216311648 60 0
PASS 0 112.05569896497764 60.79097596928477 60 0
PASS 73 118.65260603139177 40.231051535811275 30 0
PASS 62 16.262910559307784 16.139243270736188 30 0
PASS 31 101.68412801809609 47.53271149354987 120 0
PASS 29 87.86604098626412 67.7446875849273 144 0
PASS 62 70.63323240843602 53.811594932340086 30 0
PASS 31 17.40405483287759 26.67283082380891 60 0
PASS 4 27.83122652908787 48.81447313935496 60 0
PASS 36 51.184426445979625 40.97069864626974 60 0
PASS 72 130.0279754633084 16.069174157455564 30 1
PASS 17 140.1230741047766 30.839570409152657 144 0
PASS 7 30.5552872561384 34.425940313376486 144 0
PASS 17 79.08218229888007 66.47764071938582 144 0
PASS 49 147.33020550571382 77.21377333044074 144 0
PASS 65 110.06701651960611 73.11811755760573 120 0
PASS 18 49.669824620941654 21.607461270177737 120 0
PASS 79 66.12826413707808 58.653415269218385 75 0
PASS 10 84.51920331921428 42.08377775619738 30 0
PASS 21 133.09513577725738 49.181969738565385 120 0
PASS 5 26.293238676153123 59.656061984132975 120 0
PASS 68 136.14904180867597 51.86902537941933 30 0
PASS 59 72.77140393620357 33.985012951307 30 0
PASS 5 60.44420566409826 20.243344596819952 30 0
PASS 22 33.46248934045434 40.25887454743497 144 0
PASS 44 131.90706067252904 68.31974434433505 60 0
PASS 33 14.883051693905145 10.595768144121394 144 0
PASS 31 104.25852022599429 77.90228506899439 120 0
PASS 2 9.328257637098432 40.190465312916785 60 0
PASS 36 56.6583826742135 14.185424033785239 144 1
PASS 14 122.89265850093216 59.201157292118296 75 0
PASS 75 83.36855808040127 77.92800069553778 120 0
PASS 58 92.91272011469118 24.12324316217564 60 1
PASS 39 54.84855630551465 55.88712642318569 60 0
PASS 15 21.51506952010095 70.37018841481768 60 0
PASS 26 67.81669227289967 78.46346749109216 144 0
PASS 31 109.80204774765298 71.80015475139953 60 0
PASS 52 89.54153171507642 57.052868803730235 144 0
PASS 5 27.932126838713884 38.00820310250856 30 0
PASS 64 24.530160697177052 37.296577462693676 120 0
PASS 19 102.69920049933717 67.86240263143554 60 0
PASS 40 8.280331653077155 48.659524770919234 144 0
PASS 41 11.725794310914353 76.97528593824245 30 0
PASS 15 120.73902945034206 78.0356328189373 120 0
PASS 48 38.287494730902836 69.61846406455152 120 0
PASS 49 38.81788726430386 67.99655415350571 60 0
PASS 52 127.9342396336142 18.55956619954668 144 1
PASS 67 139.9997442343738 43.799100468168035 60 0
PASS 7 80.06141128367744 13.920370932901278 75 0
PASS 33 76.30072122206911 17.143978162202984 30 1
PASS 43 92.53412219812162 52.77818041620776 120 0
PASS 53 119.75050945649855 68.80373575957492 120 0
PASS 54 29.311521869385615 42.356773478677496 120 0
PASS 21 135.90826138155535 35.5426366336178 30 0
PASS 27 92.43653547600843 49.237497402355075 144 0
PASS 77 45.861997451866046 21.698783956235275 120 0
PASS 77 70.32176976674236 70.6359855493065 120 0
PASS 58 135.58795704855584 37.36631744657643 75 0
PASS 36 108.86854532524012 57.71833814913407 30 0
PASS 9 142.37219156464562 37.24156128708273 60 0
PASS 59 112.48717279173434 28.535925894975662 120 0
PASS 8 113.47064894158393 46.84909600880928 75 0
PASS 4 12.376884986879304 75.63607341842726 75 0
PASS 60 124.10021989722736 29.83250052900985 75 0
PASS 77 60.40785876568407 26.86356228776276 120 0
PASS 32 21.29377589095384 30.741442438447848 144 0
PASS 55 51.14392839721404 54.20494669931941 144 0
PASS 9 128.6755858163815 33.41208982281387 60 0
PASS 76 73.97406297852285 76.56612963881344 60 0
PASS 53 86.94487820845097 29.434974032919854 120 0
PASS 35 100.73022726573981 29.87361840903759 75 0
PASS 64 85.4186442901846 31.419869455276057 144 0
PASS 11 75.12756813201122 10.458178312983364 144 1
PASS 8 5.435939691960812 49.790208409540355 144 0
PASS 37 149.75925579783507 54.58304132451303 30 0
PASS 66 72.05478049232624 24.85727939172648 144 1
PASS 1 22.802404953399673 78.90670136082917 60 0
PASS 20 126.84389149188064 59.26997357280925 75 0
PASS 62 94.47561881970614 21.71497222268954 120 1
PASS 51 45.45404823962599 32.49224565923214 60 0
PASS 62 55.741297313943505 39.23531255684793 75 0
PASS 10 146.86532518011518 45.08238816168159 120 0
PASS 6 69.31646387791261 78.09451441396959 144 0
PASS 56 65.17580860177986 55.540820008609444 120 0
PASS 22 63.048050854122266 29.112794175744057 75 0
PASS 27 20.538506800075993 27.960282472195104 60 0
PASS 26 61.479658278403804 9.650538408895954 144 1
PASS 21 42.55529122892767 35.45996925793588 144 0
PASS 60 9.06507344217971 42.32154797180556 60 0
PASS 34 50.28192063444294 24.71254795207642 60 0
PASS 26 15.98836455726996 38.26630114461295 144 0
PASS 2 25.207723476924002 54.57085873465985 60 0
PASS 69 56.84371957438998 37.76609270251356 120 0
PASS 13 103.08728209580295 34.5631690940354 30 0
PASS 45 121.9392547023017 74.7764900745824 144 0
PASS 57 103.51472560083494 37.38678710185923 60 0
PASS 36 85.61874156002887 15.330065060406923 30 1
PASS 29 71.41225325409323 64.74996477598324 120 0
PASS 3 119.37401809031144 66.57276761950925 120 0
PASS 76 17.349986233748496 42.097926321439445 30 0
PASS 45 37.109575510257855 55.36873674253002 60 0
PASS 52 12.479886478977278 76.16230894462205 30 0
PASS 32 108.24985380400904 36.070983421523124 30 0
PASS 33 54.973927366081625 32.261534141143784 120 0
PASS 9 107.0429945574142 31.82749387458898 75 0
PASS 8 74.84894981025718 12.466895104153082 30 1
PASS 38 33.5914867115207 37.77688717935234 30 0
PASS 15 103.33149531856179 5.9594983188435435 30 1
PASS 17 68.94920673570596 51.625190280610695 30 0
PASS 38 145.3955789655447 35.09555894532241 30 0
PASS 26 116.9936282443814 18.242139929207042 60 1
PASS 66 27.627879917854443 7.921282110037282 120 0
PASS 26 83.5461720766034 44.433972688857466 144 0
PASS 22 126.79959752014838 27.527781157987192 60 0
PASS 12 59.44941146066412 68.04343881784007 144 0
PASS 33 103.11467677121982 55.499506533378735 60 0
PASS 34 27.75316944695078 36.83614787412807 120 0
PASS 64 118.68948219227605 63.01502764225006 144 0
PASS 14 100.71212295792066 15.780230275122449 60 1
PASS 59 146.71887362608686 7.883262216346338 60 1
PASS 1 33.25330362422392 71.20271885185502 75 0
PASS 74 20.014885801356286 24.181142904562876 75 0
PASS 16 86.23522133333609 56.729063695529476 120 0
PASS 13 118.65764339338057 71.94263879326172 144 0
PASS 64 46.096109381178394 55.30237197643146 30 0
PASS 8 11.852450226433575 67.58858790970407 144 0
PASS 58 94.80105369351804 31.290648570284247 120 0
PASS 7 94.49389739893377 28.9631689095404 60 0
PASS 12 56.84002348105423 73.51463420898654 75 0
PASS 1 36.25779412337579 43.515004399232566 75 0
PASS 37 88.04170163697563 36.47185452398844 75 0
PASS 42 29.31174904340878 6.5796536463312805 75 0
PASS 38 78.12175599043258 47.84715665271506 75 0
PASS 47 17.90025867172517 14.790756786242127 60 0
PASS 33 90.73500180616975 55.32473623869009 120 0
PASS 50 60.01350279082544 5.069273688131943 120 1
PASS 59 139.53397573903203 41.58297577057965 144 0
PASS 15 65.35144747700542 32.20039612031542 75 0
PASS 78 105.95077409525402 40.0819231942296 60 0
PASS 42 127.801377333235 27.663328459020704 75 0
CAL low ultra 51.68281862838194 53.012165307067335 29.83716442156583 16.3006074805744 40.44223531568423 | minimal 1 low,minimal
CAL minimal minimal 77.32459878176451 18.527864432893693 49.14562241733074 79.47909103380516 65.55418772716075 | minimal 1 minimal
CAL high high 24.509707037359476 76.74891686346382 9.001663687638938 45.35286546498537 46.192947218194604 | low 1 high,balanced,low
CAL minimal ultra null 43.49521459499374 46.20710140420124 null 27.95757677126676 | minimal 0 minimal
CAL high minimal 17.374798343516886 24.366743884049356 57.5287496750243 39.18338845903054 75.53553388314322 | minimal 1 minimal
CAL high minimal 86.76056997291744 19.21058439137414 76.32337276171893 76.91514297341928 77.03154139919207 | minimal 1 minimal
CAL minimal high 50.154398451559246 42.2071592877619 14.215281313750893 65.61833430500701 55.38780079502612 | minimal 1 minimal
CAL high balanced 34.57509489823133 88.82428060332313 35.879383713472635 21.99628646345809 16.50141828460619 | low 1 balanced,low
CAL ultra low 89.18753208592534 59.10129542835057 47.66498325020075 63.17680443264544 42.922890769317746 | low 1 low
CAL minimal low 21.995927474461496 44.60417097341269 74.35928374482319 23.022588980849832 31.24739760439843 | minimal 1 minimal
CAL low low 60.67193519696593 14.339001698419452 26.820746939163655 24.198864492587745 15.167068269569427 | minimal 1 low,minimal
CAL ultra low 16.02306755632162 21.944695718120784 74.01166864531115 68.8511281046085 77.01475082151592 | minimal 1 low,minimal
CAL low low 76.59019989147782 89.68818625854328 14.746344811748713 69.86819910816848 32.887403429020196 | low 1 low
CAL low balanced 55.26146685285494 35.77537591615692 51.104175561573356 15.59225597884506 null | minimal 1 low,minimal
CAL minimal ultra 76.31436265911907 null 46.347647457849234 39.88062063790858 63.693807372357696 | minimal 1 minimal,low
CAL high low 87.78433994064108 40.54762755846605 19.866193702444434 85.14653654303402 25.099997896701097 | minimal 1 low,minimal
CAL low balanced 14.658611895050853 60.6527653792873 52.17585827456787 16.749645725358278 44.23621259769425 | low 1 low,balanced
CAL balanced balanced 75.83774919854477 83.2771166455932 null 50.27218437753618 23.19648332335055 | balanced 0 balanced
CAL high balanced 53.07535078795627 71.40230837184936 null 67.04966671625152 null | balanced 0 balanced
CAL high low 24.6679035583511 77.21799514442682 11.041356058325619 27.341330012772232 51.75377509556711 | low 1 low
CAL ultra balanced 36.14060988556594 80.13964405655861 27.146407617256045 36.63503168616444 67.35120374616235 | low 1 balanced,low
CAL low high 66.46381276845932 38.638492992613465 68.72603558888659 null null | minimal 1 low,minimal
CAL ultra balanced 17.84975980175659 30.209944491274655 37.92233224399388 60.89654347952455 53.766064843162894 | minimal 1 balanced,low,minimal
CAL ultra balanced 11.271858400665224 38.21671620383859 null 21.617635359056294 27.768812784925103 | balanced 0 balanced
CAL minimal high 33.27665258431807 59.77184792608023 14.833803336601704 31.844403942581266 54.60880620405078 | minimal 1 minimal
CAL low high null 43.92997625423595 72.24605502793565 59.573619349393994 55.77896128082648 | minimal 1 low,minimal
CAL balanced low 9.090272588655353 35.95822447864339 12.863525248598307 null 12.249990772921592 | minimal 1 low,minimal
CAL balanced ultra 23.342230011243373 25.801447179634124 70.72999640228227 18.286446556914598 null | balanced 1 balanced,high
CAL high low 56.29451728658751 73.18969163717702 30.216915040742606 47.1356888464652 9.268001658376306 | low 1 low
CAL balanced ultra 64.78419644199312 9.379899500403553 null 51.37600419484079 78.79694593884051 | balanced 0 balanced
CAL balanced low null 66.71593206003308 59.277967577800155 null 54.90587619505823 | low 1 low
CAL balanced ultra 56.118815913796425 53.52580614481121 null 19.49795480631292 41.48685104493052 | balanced 0 balanced
CAL balanced high 14.1077074916102 24.669543494470417 53.08946950081736 null 46.25352947041392 | minimal 1 balanced,low,minimal
CAL ultra high 14.85491226380691 86.24315972207114 null 62.21381422504783 86.9997526970692 | high 1 high
CAL ultra high 59.59400859940797 null 70.56510777119547 34.65710751246661 82.89464051276445 | balanced 1 high,balanced
CAL ultra balanced 20.46577493660152 79.49808029737324 26.475588211789727 34.882364640478045 null | low 1 balanced,low
CAL balanced low null 79.67126510059461 89.73135713394731 null 64.50572852650657 | low 1 low
CAL low balanced 53.6625366397202 null 13.384293802082539 null 23.361524519510567 | low 0 low
CAL high balanced 34.316437589004636 53.09482942055911 37.39146692212671 9.55370325082913 37.78257192624733 | minimal 1 balanced,low,minimal
CAL ultra minimal 63.45911118015647 54.49213012168184 53.23955742968246 58.32682969653979 41.982324668206275 | minimal 1 minimal
CAL high minimal 36.640983098652214 24.237294796388596 62.542603756766766 30.53062086785212 48.99309476464987 | minimal 1 minimal
CAL minimal balanced 45.2887205099687 74.2978634443134 88.90353114251047 81.40413530543447 null | minimal 1 minimal
CAL balanced minimal 31.963397845625877 20.13205230841413 62.157430805731565 42.6940654781647 17.653125970158726 | minimal 1 minimal
CAL low balanced 66.4748137393035 63.154436285141855 79.60516011109576 10.810465802438557 21.516382286325097 | balanced 1 low,balanced
CAL minimal high 76.28696794016287 69.42879762640223 9.591743464581668 null 69.8632802926004 | low 1 minimal,low,balanced
CAL ultra low 43.7788130575791 71.46161578642204 74.16125947283581 74.27866269741207 8.63960817316547 | low 1 low
CAL low minimal 23.443720761686563 62.78776341956109 51.915799795184284 56.29600011371076 76.0906072021462 | minimal 1 minimal
CAL balanced minimal 38.385213797912 49.524869004730135 68.82131850067526 43.66106896242127 39.43285049125552 | minimal 1 minimal
CAL ultra ultra 51.61490542488173 57.49301912961528 11.949569256976247 30.66265103733167 72.64427715167403 | ultra 1 ultra
CAL low high 47.77238782076165 13.728857447393239 null 41.11650090478361 76.65731298271567 | minimal 1 low,minimal
CAL minimal high 9.488136143423617 68.50252924580127 29.387128098402172 62.016759507823735 77.7456466909498 | minimal 1 minimal
CAL balanced low 68.31179640442133 null 47.82310160808265 null 78.98705748468637 | low 0 low
CAL low balanced 48.63991862908006 78.24207843281329 32.3606813820079 58.62752608163282 85.67384361056611 | low 1 low,balanced
CAL high low 21.745908219832927 74.1065557776019 25.66249039163813 23.057520559523255 41.69832847872749 | low 1 low
CAL high low 74.35462553659454 50.54118199413642 null 38.22171291522682 57.73071652557701 | minimal 1 low,minimal
CAL high balanced 55.7500303722918 68.16462953062728 22.487016937695444 10.420720080379397 56.76344796642661 | low 1 balanced,low
CAL high minimal 41.46342076500878 null 57.516419454012066 79.61019739322364 19.79319365369156 | minimal 1 minimal
CAL ultra balanced null 84.3040534411557 null 77.78954472765326 56.9931314480491 | balanced 0 balanced
CAL minimal low 14.114405004773289 35.941529896110296 70.86553845135495 50.62881610915065 65.6751750567928 | minimal 1 minimal
CAL low high 21.6967358533293 34.011334190610796 76.59860450681299 23.94968796381727 14.819288576953113 | minimal 1 low,minimal
CAL balanced high 22.663141334429383 54.731561329681426 11.833818034734577 71.57083748700097 84.8738360684365 | minimal 1 balanced,low,minimal
CAL high minimal 25.025417956523597 83.23803436523303 null 15.068415370769799 70.98495018528774 | minimal 1 minimal
CAL low low 44.59736423427239 10.795674493536353 20.779877975117415 23.942801324184984 23.506712075788528 | minimal 1 low,minimal
CAL minimal ultra 21.80211973376572 31.262966057751328 73.03435536287725 77.69601880572736 53.10851535340771 | minimal 1 minimal
CAL minimal minimal 53.684253765270114 36.51242156513035 48.25358655769378 53.79941454483196 null | minimal 1 minimal
CAL minimal high null 19.992699588183314 41.62512267427519 71.10366379702464 35.656291268300265 | minimal 0 minimal
CAL high low 85.28586658183485 89.80026180995628 36.41299180826172 null 87.70653293700889 | low 1 low
CAL minimal balanced 65.30383646069095 21.419987564440817 60.17024233704433 64.0386184132658 58.60481652896851 | minimal 1 minimal,low
CAL high balanced 27.654343273490667 80.93918328825384 9.339364921208471 40.62292832136154 47.459986538626254 | low 1 balanced,low
CAL ultra low 17.59377355547622 34.55217441590503 14.9538151929155 54.8869636435993 83.36176055390388 | minimal 1 low,minimal
CAL minimal low 71.96928102197126 50.94656875776127 70.81746979989111 null 84.08780794311315 | minimal 1 minimal,low
CAL balanced minimal null 49.012115434743464 null 53.84934150800109 61.33762222249061 | minimal 0 minimal
CAL minimal minimal null null 44.99971325183287 52.264464139938354 88.03159312997013 | minimal 0 minimal
CAL high ultra 84.47788573428988 null 48.976945681963116 85.97375004040077 35.19552578870207 | high 1 high,ultra
CAL ultra ultra null 60.25315945921466 null 68.24305053660646 24.17665150668472 | high 1 ultra,high
CAL high low 64.85860107839108 34.85497841751203 54.95675469003618 82.03785703657195 67.59500960633159 | minimal 1 low,minimal
CAL high balanced 8.078006535302848 61.47611112007871 87.84897271823138 71.03567819623277 22.257746265735477 | balanced 1 balanced
CAL balanced minimal 10.065440471284091 59.80613695969805 17.095401119440794 27.79872756730765 36.53882708353922 | minimal 1 minimal
CAL low balanced 14.814130441751331 15.449292310047895 54.8282345100306 26.265539249870926 58.30233808606863 | minimal 1 low,minimal
CAL minimal ultra 38.19119673129171 13.630341649055481 24.84648232255131 45.48605320835486 67.46068038372323 | minimal 1 minimal
CAL low balanced 51.35913367848843 30.671241896227002 55.99063759716228 51.97622058540583 51.46683179028332 | minimal 1 low,minimal
CAL minimal ultra 10.524097150657326 16.45661440351978 31.046630864962935 32.889424310065806 null | minimal 1 minimal
CAL low low 42.02305297506973 25.450712925288826 73.16006949869916 52.09753691032529 9.922963460441679 | minimal 1 low,minimal
CAL high high 80.06351301586255 86.46623880276456 89.26135250367224 33.145623738877475 11.845681396313012 | balanced 1 high,balanced
CAL balanced ultra 67.36876860447228 47.55397242773324 69.51374007808045 78.51773619931191 20.258022870402783 | high 1 balanced,high,ultra
CAL minimal minimal 52.26754776434973 51.50724017061293 73.55057867616415 79.60855581518263 37.54899854119867 | minimal 1 minimal
CAL low minimal 28.258056613616645 33.569321003276855 65.11776946438476 39.93160224938765 58.15448956657201 | minimal 1 minimal
CAL low minimal 77.03894003201276 null 29.84293274069205 78.80196592351422 13.960242819041014 | minimal 1 minimal
CAL minimal ultra 37.18538934877142 73.27520975423977 32.09358045225963 null null | minimal 1 minimal
CAL minimal balanced 32.57258638367057 32.69094913965091 66.30432004574686 null 10.40760916378349 | minimal 1 minimal
CAL high balanced 89.67085373215377 36.34285084158182 68.61157930828631 42.067592659499496 17.59082225849852 | balanced 1 balanced
CAL low high 47.637524229008704 12.263119235169142 21.2127906777896 89.35464017512277 null | minimal 1 low,minimal
CAL high minimal 8.626373921521008 64.0649249390699 40.91965868277475 78.73463961156085 85.84543397417292 | minimal 1 minimal
CAL low balanced 89.69072625413537 61.114801954478025 80.10107768326998 28.218499226029962 19.468467897269875 | balanced 1 low,balanced
CAL high balanced 23.266987250186503 32.992012036032975 18.94150095572695 63.11997043946758 51.57607720326632 | minimal 1 balanced,low,minimal
CAL high ultra 16.344805740751326 51.95960693433881 54.325717901811004 76.84689157223329 20.59173669712618 | high 1 high,ultra
CAL minimal high 29.389118451159447 14.112802985589951 84.97057463927194 58.43179034302011 8.318933266680688 | minimal 1 minimal
CAL low ultra 39.93983919778839 null 89.71168954670429 33.339460232295096 67.48452505795285 | low 0 low
CAL ultra low 57.78736948734149 68.07951939292252 32.953572338912636 67.17353827226907 60.5932511780411 | low 1 low
CAL minimal ultra 36.229953489266336 30.584965898655355 55.610594544094056 9.434590976685286 87.99763473356143 | minimal 1 minimal
CAL balanced balanced 15.742158236913383 57.51970213279128 36.042944316286594 65.16533353039995 34.444454023614526 | low 1 balanced,low
CAL balanced balanced 20.46919941250235 63.855464682448655 42.90884172357619 44.827422723174095 19.164969439152628 | low 1 balanced,low
CAL minimal low 78.25689839897677 33.65731800207868 49.38735840609297 77.74601608514786 31.945799136999995 | minimal 1 minimal,low
CAL ultra ultra null 61.16988573549315 58.620868490077555 10.23458778904751 33.63771120412275 | balanced 1 ultra,high,balanced
CAL high ultra 52.95330737810582 39.80184679059312 82.43924039416015 31.175518988166004 48.42335202079266 | balanced 1 high,balanced
CAL low ultra null null 11.358151390217245 87.40380910318345 34.207232975866646 | low 0 low
CAL minimal minimal 64.14262523688376 44.439749049022794 70.68672055844218 41.709220681805164 75.369679229334 | minimal 1 minimal
CAL low low null 87.7645612754859 67.70934259006754 81.43813803372905 34.49018822517246 | low 1 low
CAL balanced low 38.401149010751396 78.2665448798798 48.39636530028656 82.15292046545073 37.02493915660307 | low 1 low
CAL balanced low 15.063203033059835 22.94983972609043 18.14520990336314 10.532960186712444 81.63130542496219 | minimal 1 low,minimal
CAL ultra high 66.35937967523932 66.92009958205745 33.32802455313504 81.84515176992863 38.01251412509009 | high 1 high
CAL ultra high 51.738805771805346 13.39537411974743 56.37971946736798 48.13201197376475 59.98621840681881 | balanced 1 high,balanced
CAL ultra balanced 36.28703959379345 36.407819487620145 null 26.708585511427373 79.65671807527542 | balanced 0 balanced
CAL low balanced 46.974689775146544 52.33560568606481 89.15931701706722 64.22448532423005 37.78170306328684 | minimal 1 low,minimal
CAL ultra balanced 56.764134919736534 51.65153394872323 66.26047258405015 25.17158986395225 28.850542378611863 | balanced 1 balanced
CAL high minimal 22.36499271541834 46.525918858125806 null 74.06722392514348 31.236004137899727 | minimal 1 minimal
CAL high ultra 22.10332855116576 16.05568755744025 18.4336545933038 40.8203639453277 25.165574702899903 | minimal 1 high,balanced,low,minimal
CAL low high 86.31921800272539 10.76982465106994 49.30266697751358 67.04189744824544 40.064776341896504 | minimal 1 low,minimal
CAL balanced high 31.163284552283585 35.9480660809204 51.39253901457414 24.493363997898996 39.13581234589219 | minimal 1 balanced,low,minimal
CAL high minimal null 13.21102923201397 44.95020969444886 17.499982367735356 67.11459423787892 | minimal 0 minimal
CAL low ultra 63.06777474144474 74.38868029089645 78.18865646747872 50.91783728543669 64.07105528283864 | balanced 1 low,balanced,high
CAL high balanced 85.0908038020134 59.66719893924892 28.701118817087263 70.7883147308603 25.934033846016973 | low 1 balanced,low
CAL balanced high 89.33351110573858 47.691548073198646 76.1444016546011 22.326988585758954 11.929802066180855 | balanced 1 balanced,high
CAL minimal minimal 37.40244013303891 45.476853482890874 72.74896901939064 8.475777302403003 19.524844519793987 | minimal 1 minimal
CAL balanced ultra 38.250904984772205 62.334509197156876 41.79947931319475 85.41994254756719 10.787229154724628 | low 1 balanced,low
CAL minimal high 17.85727550741285 28.608255696948618 60.183821965008974 69.30592220136896 48.55641033872962 | minimal 1 minimal
CAL ultra balanced 80.7063421048224 14.704695195890963 48.750617620069534 55.14637379301712 79.94626751122996 | minimal 1 balanced,low,minimal
CAL minimal minimal 62.73498627124354 70.88298887154087 72.19841936649755 82.81791406543925 null | minimal 1 minimal
CAL ultra ultra 14.831774074118584 56.15926335658878 28.98142885416746 70.84595666406676 30.9500872627832 | high 1 ultra,high
CAL ultra minimal null 63.480321562848985 83.66733379010111 null 81.73208046937361 | minimal 0 minimal
CAL low low 40.310692911501974 78.29956484166905 14.075951866805553 62.57788008172065 69.27189232409 | low 1 low
CAL high low 88.69769867369905 33.00168116018176 24.173414381686598 44.811217337846756 50.803703317884356 | minimal 1 low,minimal
CAL low minimal 86.40481995325536 null 85.17607186967507 54.11409649439156 44.177590838167816 | minimal 1 minimal
CAL minimal high 39.26095881592482 52.394670019857585 41.97951331641525 25.416329194791615 47.27226796001196 | minimal 1 minimal
CAL ultra low 88.82055970327929 46.42949647177011 33.90146274724975 null 47.89384968485683 | minimal 1 low,minimal
CAL low low 17.384169306140393 17.023736659437418 12.333610866684467 86.52382531156763 83.90771498344839 | minimal 1 low,minimal
CAL high balanced 83.39503602543846 56.09248235356063 null null null | balanced 0 balanced
CAL balanced balanced 41.120102040003985 63.02647076919675 11.75642473809421 33.67029676306993 null | low 1 balanced,low
CAL high low 36.331886088475585 13.538038252387196 null 77.97786216856912 89.32229473767802 | minimal 1 low,minimal
CAL balanced balanced 19.15459921443835 61.684465122409165 41.0438717585057 10.852517097257078 76.13044923404232 | low 1 balanced,low
CAL high balanced null null 27.1902416953817 14.831699633970857 44.101048667915165 | low 1 balanced,low
CAL low high 82.76655215816572 null 11.63754046196118 72.26238015899435 47.211639390327036 | low 0 low
CAL high high 83.42827676841989 31.02450627554208 null 9.142257490660995 57.13075379282236 | balanced 1 high,balanced
CAL ultra minimal 47.18388048931956 89.58179778931662 null 8.839924147818238 10.03650973457843 | minimal 1 minimal
CAL high minimal 30.16898933192715 80.33813123591244 49.073155210353434 null 29.358730375301093 | minimal 1 minimal
CAL high low null 11.092586898244917 30.92661824496463 58.261503054294735 55.72477742563933 | minimal 1 low,minimal
CAL balanced ultra 69.97415223903954 44.51363458996639 66.73955811047927 68.7541194758378 68.45543692680076 | ultra 1 balanced,high,ultra
CAL minimal ultra 81.29475061548874 33.036831782665104 null 21.036899243015796 51.848040397744626 | minimal 1 minimal,low
CAL high ultra 29.641351875383407 18.579631188418716 51.7643640586175 23.893556274008006 null | minimal 1 high,balanced,low,minimal
CAL balanced high 26.492017662152648 48.355634454172105 34.76944519858807 41.42799762170762 23.118644283153117 | minimal 1 balanced,low,minimal
